Model,Graph_Type,Step,X_Value,Y_Value,Threshold
Exp1: Baseline (Vanilla),ROC,0,0.0,0.0,inf
Exp1: Baseline (Vanilla),ROC,1,0.0,0.005952380952380952,0.7381485104560852
Exp1: Baseline (Vanilla),ROC,2,0.0,0.041666666666666664,0.5854608416557312
Exp1: Baseline (Vanilla),ROC,3,0.0007524454477050414,0.041666666666666664,0.5723404288291931
Exp1: Baseline (Vanilla),ROC,4,0.0007524454477050414,0.05357142857142857,0.5372075438499451
Exp1: Baseline (Vanilla),ROC,5,0.0015048908954100827,0.05357142857142857,0.5288003087043762
Exp1: Baseline (Vanilla),ROC,6,0.0015048908954100827,0.06547619047619048,0.5104657411575317
Exp1: Baseline (Vanilla),ROC,7,0.002257336343115124,0.06547619047619048,0.5103361010551453
Exp1: Baseline (Vanilla),ROC,8,0.002257336343115124,0.07142857142857142,0.5043851137161255
Exp1: Baseline (Vanilla),ROC,9,0.0030097817908201654,0.07142857142857142,0.5031129717826843
Exp1: Baseline (Vanilla),ROC,10,0.0030097817908201654,0.08333333333333333,0.4918981194496155
Exp1: Baseline (Vanilla),ROC,11,0.005267118133935289,0.08333333333333333,0.48322075605392456
Exp1: Baseline (Vanilla),ROC,12,0.005267118133935289,0.10119047619047619,0.4743686318397522
Exp1: Baseline (Vanilla),ROC,13,0.006019563581640331,0.10119047619047619,0.4707731008529663
Exp1: Baseline (Vanilla),ROC,14,0.006019563581640331,0.10714285714285714,0.4685550630092621
Exp1: Baseline (Vanilla),ROC,15,0.006772009029345372,0.10714285714285714,0.46246591210365295
Exp1: Baseline (Vanilla),ROC,16,0.006772009029345372,0.125,0.45018863677978516
Exp1: Baseline (Vanilla),ROC,17,0.007524454477050414,0.125,0.43698811531066895
Exp1: Baseline (Vanilla),ROC,18,0.007524454477050414,0.1488095238095238,0.42913204431533813
Exp1: Baseline (Vanilla),ROC,19,0.009029345372460496,0.1488095238095238,0.4285356104373932
Exp1: Baseline (Vanilla),ROC,20,0.009029345372460496,0.19047619047619047,0.4116707742214203
Exp1: Baseline (Vanilla),ROC,21,0.009781790820165538,0.19047619047619047,0.4110017716884613
Exp1: Baseline (Vanilla),ROC,22,0.009781790820165538,0.19642857142857142,0.4106830954551697
Exp1: Baseline (Vanilla),ROC,23,0.011286681715575621,0.19642857142857142,0.40763619542121887
Exp1: Baseline (Vanilla),ROC,24,0.011286681715575621,0.20238095238095238,0.40505602955818176
Exp1: Baseline (Vanilla),ROC,25,0.012039127163280662,0.20238095238095238,0.40086907148361206
Exp1: Baseline (Vanilla),ROC,26,0.012039127163280662,0.20833333333333334,0.40072816610336304
Exp1: Baseline (Vanilla),ROC,27,0.012791572610985704,0.20833333333333334,0.39959004521369934
Exp1: Baseline (Vanilla),ROC,28,0.012791572610985704,0.2261904761904762,0.3873940706253052
Exp1: Baseline (Vanilla),ROC,29,0.01655379984951091,0.2261904761904762,0.3822033703327179
Exp1: Baseline (Vanilla),ROC,30,0.01655379984951091,0.23214285714285715,0.3810926079750061
Exp1: Baseline (Vanilla),ROC,31,0.018811136192626036,0.23214285714285715,0.3719238042831421
Exp1: Baseline (Vanilla),ROC,32,0.018811136192626036,0.23809523809523808,0.35897108912467957
Exp1: Baseline (Vanilla),ROC,33,0.019563581640331076,0.23809523809523808,0.3570880889892578
Exp1: Baseline (Vanilla),ROC,34,0.019563581640331076,0.24404761904761904,0.35387474298477173
Exp1: Baseline (Vanilla),ROC,35,0.021068472535741158,0.24404761904761904,0.3484826385974884
Exp1: Baseline (Vanilla),ROC,36,0.021068472535741158,0.25,0.3455340564250946
Exp1: Baseline (Vanilla),ROC,37,0.0218209179834462,0.25,0.3436937630176544
Exp1: Baseline (Vanilla),ROC,38,0.0218209179834462,0.25595238095238093,0.34232011437416077
Exp1: Baseline (Vanilla),ROC,39,0.023325808878856283,0.25595238095238093,0.3400442898273468
Exp1: Baseline (Vanilla),ROC,40,0.023325808878856283,0.26785714285714285,0.33618101477622986
Exp1: Baseline (Vanilla),ROC,41,0.024078254326561323,0.26785714285714285,0.3347582221031189
Exp1: Baseline (Vanilla),ROC,42,0.024078254326561323,0.27380952380952384,0.33417922258377075
Exp1: Baseline (Vanilla),ROC,43,0.025583145221971408,0.27380952380952384,0.33378657698631287
Exp1: Baseline (Vanilla),ROC,44,0.025583145221971408,0.2976190476190476,0.3299875259399414
Exp1: Baseline (Vanilla),ROC,45,0.030850263355906696,0.2976190476190476,0.3222759962081909
Exp1: Baseline (Vanilla),ROC,46,0.030850263355906696,0.31547619047619047,0.31929171085357666
Exp1: Baseline (Vanilla),ROC,47,0.03235515425131678,0.31547619047619047,0.31707578897476196
Exp1: Baseline (Vanilla),ROC,48,0.03235515425131678,0.32142857142857145,0.3140965700149536
Exp1: Baseline (Vanilla),ROC,49,0.033860045146726865,0.32142857142857145,0.3111896812915802
Exp1: Baseline (Vanilla),ROC,50,0.033860045146726865,0.3273809523809524,0.3095010221004486
Exp1: Baseline (Vanilla),ROC,51,0.0346124905944319,0.3273809523809524,0.30867093801498413
Exp1: Baseline (Vanilla),ROC,52,0.0346124905944319,0.3333333333333333,0.30722880363464355
Exp1: Baseline (Vanilla),ROC,53,0.03611738148984198,0.3333333333333333,0.30260324478149414
Exp1: Baseline (Vanilla),ROC,54,0.03611738148984198,0.3392857142857143,0.3016285300254822
Exp1: Baseline (Vanilla),ROC,55,0.03837471783295711,0.3392857142857143,0.2919822037220001
Exp1: Baseline (Vanilla),ROC,56,0.03837471783295711,0.34523809523809523,0.291736900806427
Exp1: Baseline (Vanilla),ROC,57,0.0398796087283672,0.34523809523809523,0.29035115242004395
Exp1: Baseline (Vanilla),ROC,58,0.0398796087283672,0.35714285714285715,0.2889120578765869
Exp1: Baseline (Vanilla),ROC,59,0.040632054176072234,0.35714285714285715,0.2860519587993622
Exp1: Baseline (Vanilla),ROC,60,0.040632054176072234,0.36904761904761907,0.2830982804298401
Exp1: Baseline (Vanilla),ROC,61,0.04288939051918736,0.36904761904761907,0.2808930277824402
Exp1: Baseline (Vanilla),ROC,62,0.04288939051918736,0.39285714285714285,0.27723872661590576
Exp1: Baseline (Vanilla),ROC,63,0.04966139954853273,0.39285714285714285,0.2729896903038025
Exp1: Baseline (Vanilla),ROC,64,0.04966139954853273,0.39880952380952384,0.27197593450546265
Exp1: Baseline (Vanilla),ROC,65,0.05041384499623777,0.39880952380952384,0.2702154517173767
Exp1: Baseline (Vanilla),ROC,66,0.05041384499623777,0.40476190476190477,0.27009710669517517
Exp1: Baseline (Vanilla),ROC,67,0.05191873589164785,0.40476190476190477,0.2677443027496338
Exp1: Baseline (Vanilla),ROC,68,0.05191873589164785,0.4166666666666667,0.26650676131248474
Exp1: Baseline (Vanilla),ROC,69,0.05869074492099323,0.4166666666666667,0.2610863149166107
Exp1: Baseline (Vanilla),ROC,70,0.05869074492099323,0.4226190476190476,0.26084914803504944
Exp1: Baseline (Vanilla),ROC,71,0.06019563581640331,0.4226190476190476,0.26029059290885925
Exp1: Baseline (Vanilla),ROC,72,0.06019563581640331,0.42857142857142855,0.2599146366119385
Exp1: Baseline (Vanilla),ROC,73,0.06471030850263355,0.42857142857142855,0.25751930475234985
Exp1: Baseline (Vanilla),ROC,74,0.06471030850263355,0.44047619047619047,0.254871666431427
Exp1: Baseline (Vanilla),ROC,75,0.06696764484574869,0.44047619047619047,0.2527792155742645
Exp1: Baseline (Vanilla),ROC,76,0.06696764484574869,0.4583333333333333,0.2513095438480377
Exp1: Baseline (Vanilla),ROC,77,0.07148231753197894,0.4583333333333333,0.2490757256746292
Exp1: Baseline (Vanilla),ROC,78,0.07148231753197894,0.47023809523809523,0.24545912444591522
Exp1: Baseline (Vanilla),ROC,79,0.0744920993227991,0.47023809523809523,0.24181075394153595
Exp1: Baseline (Vanilla),ROC,80,0.0744920993227991,0.47619047619047616,0.2415388822555542
Exp1: Baseline (Vanilla),ROC,81,0.07599699021820917,0.47619047619047616,0.24001944065093994
Exp1: Baseline (Vanilla),ROC,82,0.07599699021820917,0.48214285714285715,0.23976744711399078
Exp1: Baseline (Vanilla),ROC,83,0.08051166290443942,0.48214285714285715,0.2370845079421997
Exp1: Baseline (Vanilla),ROC,84,0.08051166290443942,0.4880952380952381,0.23673617839813232
Exp1: Baseline (Vanilla),ROC,85,0.08201655379984951,0.4880952380952381,0.23193171620368958
Exp1: Baseline (Vanilla),ROC,86,0.08201655379984951,0.5,0.22976012527942657
Exp1: Baseline (Vanilla),ROC,87,0.08653122648607976,0.5,0.2261705845594406
Exp1: Baseline (Vanilla),ROC,88,0.08653122648607976,0.5059523809523809,0.22599409520626068
Exp1: Baseline (Vanilla),ROC,89,0.08803611738148984,0.5059523809523809,0.22576554119586945
Exp1: Baseline (Vanilla),ROC,90,0.08803611738148984,0.5119047619047619,0.22526763379573822
Exp1: Baseline (Vanilla),ROC,91,0.08878856282919488,0.5119047619047619,0.22507953643798828
Exp1: Baseline (Vanilla),ROC,92,0.08878856282919488,0.5238095238095238,0.2242213934659958
Exp1: Baseline (Vanilla),ROC,93,0.08954100827689992,0.5238095238095238,0.2227722853422165
Exp1: Baseline (Vanilla),ROC,94,0.08954100827689992,0.5297619047619048,0.22232994437217712
Exp1: Baseline (Vanilla),ROC,95,0.09556057185854025,0.5297619047619048,0.21689972281455994
Exp1: Baseline (Vanilla),ROC,96,0.09556057185854025,0.5476190476190477,0.2153446078300476
Exp1: Baseline (Vanilla),ROC,97,0.09781790820165538,0.5476190476190477,0.21381372213363647
Exp1: Baseline (Vanilla),ROC,98,0.09781790820165538,0.5535714285714286,0.21291501820087433
Exp1: Baseline (Vanilla),ROC,99,0.10684725357411588,0.5535714285714286,0.2093227505683899
Exp1: Baseline (Vanilla),ROC,100,0.10684725357411588,0.5595238095238095,0.20919279754161835
Exp1: Baseline (Vanilla),ROC,101,0.10985703536493605,0.5595238095238095,0.20792967081069946
Exp1: Baseline (Vanilla),ROC,102,0.10985703536493605,0.5654761904761905,0.2075856328010559
Exp1: Baseline (Vanilla),ROC,103,0.11286681715575621,0.5654761904761905,0.20561742782592773
Exp1: Baseline (Vanilla),ROC,104,0.11286681715575621,0.5714285714285714,0.2052091807126999
Exp1: Baseline (Vanilla),ROC,105,0.1181339352896915,0.5714285714285714,0.20165352523326874
Exp1: Baseline (Vanilla),ROC,106,0.1181339352896915,0.5773809523809523,0.20157654583454132
Exp1: Baseline (Vanilla),ROC,107,0.12039127163280662,0.5773809523809523,0.19906125962734222
Exp1: Baseline (Vanilla),ROC,108,0.12039127163280662,0.5833333333333334,0.19870279729366302
Exp1: Baseline (Vanilla),ROC,109,0.12340105342362678,0.5833333333333334,0.19829168915748596
Exp1: Baseline (Vanilla),ROC,110,0.12340105342362678,0.5892857142857143,0.19819344580173492
Exp1: Baseline (Vanilla),ROC,111,0.12791572610985705,0.5892857142857143,0.19691060483455658
Exp1: Baseline (Vanilla),ROC,112,0.12791572610985705,0.6011904761904762,0.19599780440330505
Exp1: Baseline (Vanilla),ROC,113,0.13017306245297217,0.6011904761904762,0.19435036182403564
Exp1: Baseline (Vanilla),ROC,114,0.13017306245297217,0.6130952380952381,0.19343192875385284
Exp1: Baseline (Vanilla),ROC,115,0.13393528969149737,0.6130952380952381,0.19083501398563385
Exp1: Baseline (Vanilla),ROC,116,0.13393528969149737,0.625,0.18970300257205963
Exp1: Baseline (Vanilla),ROC,117,0.13769751693002258,0.625,0.1872742623090744
Exp1: Baseline (Vanilla),ROC,118,0.13769751693002258,0.6309523809523809,0.18710291385650635
Exp1: Baseline (Vanilla),ROC,119,0.14145974416854779,0.6309523809523809,0.18513652682304382
Exp1: Baseline (Vanilla),ROC,120,0.14145974416854779,0.6428571428571429,0.1845899373292923
Exp1: Baseline (Vanilla),ROC,121,0.14296463506395787,0.6428571428571429,0.183962881565094
Exp1: Baseline (Vanilla),ROC,122,0.14296463506395787,0.6488095238095238,0.18372292816638947
Exp1: Baseline (Vanilla),ROC,123,0.1474793077501881,0.6488095238095238,0.17902544140815735
Exp1: Baseline (Vanilla),ROC,124,0.1474793077501881,0.6547619047619048,0.178856760263443
Exp1: Baseline (Vanilla),ROC,125,0.1527464258841234,0.6547619047619048,0.17348934710025787
Exp1: Baseline (Vanilla),ROC,126,0.1527464258841234,0.6607142857142857,0.17286841571331024
Exp1: Baseline (Vanilla),ROC,127,0.1595184349134688,0.6607142857142857,0.17039300501346588
Exp1: Baseline (Vanilla),ROC,128,0.1595184349134688,0.6726190476190477,0.1697079986333847
Exp1: Baseline (Vanilla),ROC,129,0.16027088036117382,0.6726190476190477,0.1693698912858963
Exp1: Baseline (Vanilla),ROC,130,0.16027088036117382,0.6785714285714286,0.16887974739074707
Exp1: Baseline (Vanilla),ROC,131,0.16252821670428894,0.6785714285714286,0.16739521920681
Exp1: Baseline (Vanilla),ROC,132,0.16252821670428894,0.6904761904761905,0.16610802710056305
Exp1: Baseline (Vanilla),ROC,133,0.16930022573363432,0.6904761904761905,0.16297242045402527
Exp1: Baseline (Vanilla),ROC,134,0.16930022573363432,0.6964285714285714,0.16256898641586304
Exp1: Baseline (Vanilla),ROC,135,0.17155756207674944,0.6964285714285714,0.16204208135604858
Exp1: Baseline (Vanilla),ROC,136,0.17155756207674944,0.7023809523809523,0.16186963021755219
Exp1: Baseline (Vanilla),ROC,137,0.17231000752445447,0.7023809523809523,0.16171181201934814
Exp1: Baseline (Vanilla),ROC,138,0.17231000752445447,0.7083333333333334,0.16135814785957336
Exp1: Baseline (Vanilla),ROC,139,0.17908201655379985,0.7083333333333334,0.1600383073091507
Exp1: Baseline (Vanilla),ROC,140,0.17908201655379985,0.7142857142857143,0.15930385887622833
Exp1: Baseline (Vanilla),ROC,141,0.18133935289691497,0.7142857142857143,0.15824687480926514
Exp1: Baseline (Vanilla),ROC,142,0.18133935289691497,0.7202380952380952,0.1577014923095703
Exp1: Baseline (Vanilla),ROC,143,0.18209179834462003,0.7202380952380952,0.15761610865592957
Exp1: Baseline (Vanilla),ROC,144,0.18209179834462003,0.7261904761904762,0.15726728737354279
Exp1: Baseline (Vanilla),ROC,145,0.18510158013544017,0.7261904761904762,0.15601958334445953
Exp1: Baseline (Vanilla),ROC,146,0.18510158013544017,0.7321428571428571,0.15596289932727814
Exp1: Baseline (Vanilla),ROC,147,0.1873589164785553,0.7321428571428571,0.15529803931713104
Exp1: Baseline (Vanilla),ROC,148,0.1873589164785553,0.7380952380952381,0.1551797091960907
Exp1: Baseline (Vanilla),ROC,149,0.18811136192626035,0.7380952380952381,0.1550820916891098
Exp1: Baseline (Vanilla),ROC,150,0.18811136192626035,0.7440476190476191,0.1541854441165924
Exp1: Baseline (Vanilla),ROC,151,0.19337848006019565,0.7440476190476191,0.15279527008533478
Exp1: Baseline (Vanilla),ROC,152,0.19337848006019565,0.75,0.1516139954328537
Exp1: Baseline (Vanilla),ROC,153,0.200150489089541,0.75,0.1474599689245224
Exp1: Baseline (Vanilla),ROC,154,0.200150489089541,0.7559523809523809,0.1472739428281784
Exp1: Baseline (Vanilla),ROC,155,0.20090293453724606,0.7559523809523809,0.14689713716506958
Exp1: Baseline (Vanilla),ROC,156,0.20090293453724606,0.7619047619047619,0.14688916504383087
Exp1: Baseline (Vanilla),ROC,157,0.20240782543265612,0.7619047619047619,0.14637942612171173
Exp1: Baseline (Vanilla),ROC,158,0.20240782543265612,0.7678571428571429,0.145740807056427
Exp1: Baseline (Vanilla),ROC,159,0.21369450714823177,0.7678571428571429,0.1422518789768219
Exp1: Baseline (Vanilla),ROC,160,0.21369450714823177,0.7738095238095238,0.14214734733104706
Exp1: Baseline (Vanilla),ROC,161,0.21670428893905191,0.7738095238095238,0.14091511070728302
Exp1: Baseline (Vanilla),ROC,162,0.21670428893905191,0.7797619047619048,0.14059863984584808
Exp1: Baseline (Vanilla),ROC,163,0.21896162528216703,0.7797619047619048,0.14016598463058472
Exp1: Baseline (Vanilla),ROC,164,0.21896162528216703,0.7857142857142857,0.13965709507465363
Exp1: Baseline (Vanilla),ROC,165,0.23551542513167795,0.7857142857142857,0.1346268504858017
Exp1: Baseline (Vanilla),ROC,166,0.23551542513167795,0.7916666666666666,0.13460767269134521
Exp1: Baseline (Vanilla),ROC,167,0.2400300978179082,0.7916666666666666,0.13369880616664886
Exp1: Baseline (Vanilla),ROC,168,0.2400300978179082,0.7976190476190477,0.13323132693767548
Exp1: Baseline (Vanilla),ROC,169,0.24905944319036868,0.7976190476190477,0.13103637099266052
Exp1: Baseline (Vanilla),ROC,170,0.24905944319036868,0.8035714285714286,0.1305149644613266
Exp1: Baseline (Vanilla),ROC,171,0.24981188863807374,0.8035714285714286,0.13045261800289154
Exp1: Baseline (Vanilla),ROC,172,0.24981188863807374,0.8095238095238095,0.13030917942523956
Exp1: Baseline (Vanilla),ROC,173,0.26410835214446954,0.8095238095238095,0.12571339309215546
Exp1: Baseline (Vanilla),ROC,174,0.26410835214446954,0.8154761904761905,0.1255643218755722
Exp1: Baseline (Vanilla),ROC,175,0.26486079759217457,0.8154761904761905,0.12548449635505676
Exp1: Baseline (Vanilla),ROC,176,0.26486079759217457,0.8214285714285714,0.1249973475933075
Exp1: Baseline (Vanilla),ROC,177,0.27012791572610984,0.8214285714285714,0.1226361021399498
Exp1: Baseline (Vanilla),ROC,178,0.27012791572610984,0.8273809523809523,0.12240780889987946
Exp1: Baseline (Vanilla),ROC,179,0.29947328818660646,0.8273809523809523,0.1112329289317131
Exp1: Baseline (Vanilla),ROC,180,0.29947328818660646,0.8333333333333334,0.11099085211753845
Exp1: Baseline (Vanilla),ROC,181,0.30248306997742663,0.8333333333333334,0.11085481196641922
Exp1: Baseline (Vanilla),ROC,182,0.30248306997742663,0.8392857142857143,0.11083157360553741
Exp1: Baseline (Vanilla),ROC,183,0.3054928517682468,0.8392857142857143,0.1106550469994545
Exp1: Baseline (Vanilla),ROC,184,0.3054928517682468,0.8452380952380952,0.11058572679758072
Exp1: Baseline (Vanilla),ROC,185,0.30624529721595184,0.8452380952380952,0.11038781702518463
Exp1: Baseline (Vanilla),ROC,186,0.30624529721595184,0.8511904761904762,0.1100829541683197
Exp1: Baseline (Vanilla),ROC,187,0.32054176072234764,0.8511904761904762,0.1075950488448143
Exp1: Baseline (Vanilla),ROC,188,0.32054176072234764,0.8571428571428571,0.10743928700685501
Exp1: Baseline (Vanilla),ROC,189,0.3363431151241535,0.8571428571428571,0.1049986481666565
Exp1: Baseline (Vanilla),ROC,190,0.3363431151241535,0.8630952380952381,0.10413900017738342
Exp1: Baseline (Vanilla),ROC,191,0.3544018058690745,0.8630952380952381,0.09842164069414139
Exp1: Baseline (Vanilla),ROC,192,0.3544018058690745,0.8690476190476191,0.09833815693855286
Exp1: Baseline (Vanilla),ROC,193,0.3656884875846501,0.8690476190476191,0.09504573792219162
Exp1: Baseline (Vanilla),ROC,194,0.3656884875846501,0.875,0.09501150995492935
Exp1: Baseline (Vanilla),ROC,195,0.37170805116629047,0.875,0.09360554069280624
Exp1: Baseline (Vanilla),ROC,196,0.3732129420617005,0.875,0.09355434775352478
Exp1: Baseline (Vanilla),ROC,197,0.38073739653875094,0.875,0.09241483360528946
Exp1: Baseline (Vanilla),ROC,198,0.38073739653875094,0.8809523809523809,0.09236352890729904
Exp1: Baseline (Vanilla),ROC,199,0.38449962377727614,0.8809523809523809,0.0915207490324974
Exp1: Baseline (Vanilla),ROC,200,0.38449962377727614,0.8869047619047619,0.09128262102603912
Exp1: Baseline (Vanilla),ROC,201,0.42287434161023324,0.8869047619047619,0.08501222729682922
Exp1: Baseline (Vanilla),ROC,202,0.42287434161023324,0.8928571428571429,0.08461978286504745
Exp1: Baseline (Vanilla),ROC,203,0.42738901429646353,0.8928571428571429,0.0835455134510994
Exp1: Baseline (Vanilla),ROC,204,0.42738901429646353,0.8988095238095238,0.08347080647945404
Exp1: Baseline (Vanilla),ROC,205,0.43115124153498874,0.8988095238095238,0.08290153741836548
Exp1: Baseline (Vanilla),ROC,206,0.43115124153498874,0.9047619047619048,0.08276201784610748
Exp1: Baseline (Vanilla),ROC,207,0.43717080511662904,0.9047619047619048,0.08110156655311584
Exp1: Baseline (Vanilla),ROC,208,0.43717080511662904,0.9107142857142857,0.08097684383392334
Exp1: Baseline (Vanilla),ROC,209,0.43867569601203915,0.9107142857142857,0.08091000467538834
Exp1: Baseline (Vanilla),ROC,210,0.43867569601203915,0.9166666666666666,0.08085743337869644
Exp1: Baseline (Vanilla),ROC,211,0.4401805869074492,0.9166666666666666,0.08056549727916718
Exp1: Baseline (Vanilla),ROC,212,0.4401805869074492,0.9226190476190477,0.08021166175603867
Exp1: Baseline (Vanilla),ROC,213,0.4454477050413845,0.9226190476190477,0.07919755578041077
Exp1: Baseline (Vanilla),ROC,214,0.4454477050413845,0.9285714285714286,0.07903575897216797
Exp1: Baseline (Vanilla),ROC,215,0.44845748683220465,0.9285714285714286,0.07856500893831253
Exp1: Baseline (Vanilla),ROC,216,0.44845748683220465,0.9345238095238095,0.07838301360607147
Exp1: Baseline (Vanilla),ROC,217,0.46275395033860045,0.9345238095238095,0.07664934545755386
Exp1: Baseline (Vanilla),ROC,218,0.46275395033860045,0.9404761904761905,0.07613376528024673
Exp1: Baseline (Vanilla),ROC,219,0.5003762227238525,0.9404761904761905,0.07135393470525742
Exp1: Baseline (Vanilla),ROC,220,0.5003762227238525,0.9464285714285714,0.0713125467300415
Exp1: Baseline (Vanilla),ROC,221,0.526711813393529,0.9464285714285714,0.067844457924366
Exp1: Baseline (Vanilla),ROC,222,0.526711813393529,0.9523809523809523,0.06783025711774826
Exp1: Baseline (Vanilla),ROC,223,0.5327313769751693,0.9523809523809523,0.06699000298976898
Exp1: Baseline (Vanilla),ROC,224,0.5327313769751693,0.9583333333333334,0.06697800010442734
Exp1: Baseline (Vanilla),ROC,225,0.5485327313769752,0.9583333333333334,0.06566880643367767
Exp1: Baseline (Vanilla),ROC,226,0.5485327313769752,0.9642857142857143,0.06555762141942978
Exp1: Baseline (Vanilla),ROC,227,0.5899172310007524,0.9642857142857143,0.06101817265152931
Exp1: Baseline (Vanilla),ROC,228,0.5899172310007524,0.9702380952380952,0.06100351735949516
Exp1: Baseline (Vanilla),ROC,229,0.5996990218209179,0.9702380952380952,0.06030915677547455
Exp1: Baseline (Vanilla),ROC,230,0.5996990218209179,0.9761904761904762,0.06019600108265877
Exp1: Baseline (Vanilla),ROC,231,0.6027088036117382,0.9761904761904762,0.06006157398223877
Exp1: Baseline (Vanilla),ROC,232,0.6027088036117382,0.9821428571428571,0.060041170567274094
Exp1: Baseline (Vanilla),ROC,233,0.654627539503386,0.9821428571428571,0.0548858605325222
Exp1: Baseline (Vanilla),ROC,234,0.654627539503386,0.9880952380952381,0.05480669066309929
Exp1: Baseline (Vanilla),ROC,235,0.7614747930775019,0.9880952380952381,0.04434724524617195
Exp1: Baseline (Vanilla),ROC,236,0.7614747930775019,0.9940476190476191,0.04426008462905884
Exp1: Baseline (Vanilla),ROC,237,0.963130173062453,0.9940476190476191,0.016646528616547585
Exp1: Baseline (Vanilla),ROC,238,0.963130173062453,1.0,0.016182705760002136
Exp1: Baseline (Vanilla),ROC,239,1.0,1.0,0.0003688792057801038
Exp1: Baseline (Vanilla),PR,0,1.0,0.11222444889779559,0.0003688792057801038
Exp1: Baseline (Vanilla),PR,1,1.0,0.11229946524064172,0.0016148433787748218
Exp1: Baseline (Vanilla),PR,2,1.0,0.11237458193979934,0.0018955582054331899
Exp1: Baseline (Vanilla),PR,3,1.0,0.11244979919678715,0.002291684504598379
Exp1: Baseline (Vanilla),PR,4,1.0,0.11252511721366376,0.002698989585042
Exp1: Baseline (Vanilla),PR,5,1.0,0.1126005361930295,0.0028793562669306993
Exp1: Baseline (Vanilla),PR,6,1.0,0.11267605633802817,0.0037312766071408987
Exp1: Baseline (Vanilla),PR,7,1.0,0.11275167785234899,0.003987239208072424
Exp1: Baseline (Vanilla),PR,8,1.0,0.11282740094022835,0.0042661027982831
Exp1: Baseline (Vanilla),PR,9,1.0,0.11290322580645161,0.004474093206226826
Exp1: Baseline (Vanilla),PR,10,1.0,0.11297915265635508,0.0047206273302435875
Exp1: Baseline (Vanilla),PR,11,1.0,0.11305518169582772,0.004846821539103985
Exp1: Baseline (Vanilla),PR,12,1.0,0.11313131313131314,0.004923230968415737
Exp1: Baseline (Vanilla),PR,13,1.0,0.11320754716981132,0.00513883400708437
Exp1: Baseline (Vanilla),PR,14,1.0,0.11328388401888065,0.005447235889732838
Exp1: Baseline (Vanilla),PR,15,1.0,0.11336032388663968,0.005631095264106989
Exp1: Baseline (Vanilla),PR,16,1.0,0.11343686698176908,0.006211537402123213
Exp1: Baseline (Vanilla),PR,17,1.0,0.11351351351351352,0.006225835997611284
Exp1: Baseline (Vanilla),PR,18,1.0,0.11359026369168357,0.006527087185531855
Exp1: Baseline (Vanilla),PR,19,1.0,0.11366711772665765,0.0066029466688632965
Exp1: Baseline (Vanilla),PR,20,1.0,0.11374407582938388,0.006714889779686928
Exp1: Baseline (Vanilla),PR,21,1.0,0.11382113821138211,0.007107040844857693
Exp1: Baseline (Vanilla),PR,22,1.0,0.11389830508474576,0.007331909611821175
Exp1: Baseline (Vanilla),PR,23,1.0,0.11397557666214382,0.008237835951149464
Exp1: Baseline (Vanilla),PR,24,1.0,0.11405295315682282,0.008763091638684273
Exp1: Baseline (Vanilla),PR,25,1.0,0.11413043478260869,0.008787114173173904
Exp1: Baseline (Vanilla),PR,26,1.0,0.1142080217539089,0.008983832783997059
Exp1: Baseline (Vanilla),PR,27,1.0,0.11428571428571428,0.009353459812700748
Exp1: Baseline (Vanilla),PR,28,1.0,0.11436351259360109,0.009860480204224586
Exp1: Baseline (Vanilla),PR,29,1.0,0.11444141689373297,0.009868822060525417
Exp1: Baseline (Vanilla),PR,30,1.0,0.11451942740286299,0.010732574388384819
Exp1: Baseline (Vanilla),PR,31,1.0,0.1145975443383356,0.01147711742669344
Exp1: Baseline (Vanilla),PR,32,1.0,0.11467576791808874,0.011697061359882355
Exp1: Baseline (Vanilla),PR,33,1.0,0.11475409836065574,0.012164137326180935
Exp1: Baseline (Vanilla),PR,34,1.0,0.11483253588516747,0.012191724963486195
Exp1: Baseline (Vanilla),PR,35,1.0,0.11491108071135431,0.0123128741979599
Exp1: Baseline (Vanilla),PR,36,1.0,0.11498973305954825,0.012710168957710266
Exp1: Baseline (Vanilla),PR,37,1.0,0.11506849315068493,0.012754992581903934
Exp1: Baseline (Vanilla),PR,38,1.0,0.11514736120630568,0.013428962789475918
Exp1: Baseline (Vanilla),PR,39,1.0,0.11522633744855967,0.01366226002573967
Exp1: Baseline (Vanilla),PR,40,1.0,0.1153054221002059,0.013712268322706223
Exp1: Baseline (Vanilla),PR,41,1.0,0.11538461538461539,0.013857877813279629
Exp1: Baseline (Vanilla),PR,42,1.0,0.1154639175257732,0.014071526005864143
Exp1: Baseline (Vanilla),PR,43,1.0,0.1155433287482806,0.01410002913326025
Exp1: Baseline (Vanilla),PR,44,1.0,0.11562284927735719,0.014267432503402233
Exp1: Baseline (Vanilla),PR,45,1.0,0.11570247933884298,0.01473444513976574
Exp1: Baseline (Vanilla),PR,46,1.0,0.11578221915920055,0.015101217664778233
Exp1: Baseline (Vanilla),PR,47,1.0,0.11586206896551725,0.015622630715370178
Exp1: Baseline (Vanilla),PR,48,1.0,0.11594202898550725,0.01599247381091118
Exp1: Baseline (Vanilla),PR,49,1.0,0.11602209944751381,0.016182705760002136
Exp1: Baseline (Vanilla),PR,50,0.9940476190476191,0.11541119557705598,0.016646528616547585
Exp1: Baseline (Vanilla),PR,51,0.9940476190476191,0.11549100968188106,0.016721028834581375
Exp1: Baseline (Vanilla),PR,52,0.9940476190476191,0.11557093425605536,0.016740424558520317
Exp1: Baseline (Vanilla),PR,53,0.9940476190476191,0.11565096952908588,0.017683150246739388
Exp1: Baseline (Vanilla),PR,54,0.9940476190476191,0.11573111573111573,0.017938392236828804
Exp1: Baseline (Vanilla),PR,55,0.9940476190476191,0.1158113730929265,0.017975030466914177
Exp1: Baseline (Vanilla),PR,56,0.9940476190476191,0.11589174184594032,0.018213419243693352
Exp1: Baseline (Vanilla),PR,57,0.9940476190476191,0.11597222222222223,0.01898215338587761
Exp1: Baseline (Vanilla),PR,58,0.9940476190476191,0.11605281445448228,0.01911965385079384
Exp1: Baseline (Vanilla),PR,59,0.9940476190476191,0.11613351877607789,0.01916302554309368
Exp1: Baseline (Vanilla),PR,60,0.9940476190476191,0.116214335421016,0.01920977048575878
Exp1: Baseline (Vanilla),PR,61,0.9940476190476191,0.11629526462395544,0.019259309396147728
Exp1: Baseline (Vanilla),PR,62,0.9940476190476191,0.11637630662020906,0.0193791463971138
Exp1: Baseline (Vanilla),PR,63,0.9940476190476191,0.11645746164574616,0.019820066168904305
Exp1: Baseline (Vanilla),PR,64,0.9940476190476191,0.11653872993719469,0.02007867954671383
Exp1: Baseline (Vanilla),PR,65,0.9940476190476191,0.11662011173184357,0.02023165673017502
Exp1: Baseline (Vanilla),PR,66,0.9940476190476191,0.116701607267645,0.020309418439865112
Exp1: Baseline (Vanilla),PR,67,0.9940476190476191,0.11678321678321678,0.020535489544272423
Exp1: Baseline (Vanilla),PR,68,0.9940476190476191,0.11686494051784464,0.020643144845962524
Exp1: Baseline (Vanilla),PR,69,0.9940476190476191,0.1169467787114846,0.02064475044608116
Exp1: Baseline (Vanilla),PR,70,0.9940476190476191,0.11702873160476523,0.020650755614042282
Exp1: Baseline (Vanilla),PR,71,0.9940476190476191,0.11711079943899018,0.020880205556750298
Exp1: Baseline (Vanilla),PR,72,0.9940476190476191,0.11719298245614035,0.020934205502271652
Exp1: Baseline (Vanilla),PR,73,0.9940476190476191,0.1172752808988764,0.020975809544324875
Exp1: Baseline (Vanilla),PR,74,0.9940476190476191,0.11735769501054111,0.020994164049625397
Exp1: Baseline (Vanilla),PR,75,0.9940476190476191,0.11744022503516174,0.021024659276008606
Exp1: Baseline (Vanilla),PR,76,0.9940476190476191,0.1175228712174525,0.02128429152071476
Exp1: Baseline (Vanilla),PR,77,0.9940476190476191,0.1176056338028169,0.02130310609936714
Exp1: Baseline (Vanilla),PR,78,0.9940476190476191,0.11768851303735024,0.021471453830599785
Exp1: Baseline (Vanilla),PR,79,0.9940476190476191,0.11777150916784203,0.021630186587572098
Exp1: Baseline (Vanilla),PR,80,0.9940476190476191,0.11785462244177841,0.021895332261919975
Exp1: Baseline (Vanilla),PR,81,0.9940476190476191,0.11793785310734463,0.02205212228000164
Exp1: Baseline (Vanilla),PR,82,0.9940476190476191,0.11802120141342756,0.022066736593842506
Exp1: Baseline (Vanilla),PR,83,0.9940476190476191,0.1181046676096181,0.022568898275494576
Exp1: Baseline (Vanilla),PR,84,0.9940476190476191,0.11818825194621373,0.023092078045010567
Exp1: Baseline (Vanilla),PR,85,0.9940476190476191,0.11827195467422097,0.023106444627046585
Exp1: Baseline (Vanilla),PR,86,0.9940476190476191,0.11835577604535791,0.023160355165600777
Exp1: Baseline (Vanilla),PR,87,0.9940476190476191,0.11843971631205674,0.023168902844190598
Exp1: Baseline (Vanilla),PR,88,0.9940476190476191,0.1185237757274663,0.02317008003592491
Exp1: Baseline (Vanilla),PR,89,0.9940476190476191,0.11860795454545454,0.023267848417162895
Exp1: Baseline (Vanilla),PR,90,0.9940476190476191,0.11869225302061123,0.023989617824554443
Exp1: Baseline (Vanilla),PR,91,0.9940476190476191,0.11877667140825035,0.02410881221294403
Exp1: Baseline (Vanilla),PR,92,0.9940476190476191,0.11886120996441281,0.02411438338458538
Exp1: Baseline (Vanilla),PR,93,0.9940476190476191,0.11894586894586895,0.02419832907617092
Exp1: Baseline (Vanilla),PR,94,0.9940476190476191,0.11903064861012116,0.02477911114692688
Exp1: Baseline (Vanilla),PR,95,0.9940476190476191,0.11911554921540657,0.024789337068796158
Exp1: Baseline (Vanilla),PR,96,0.9940476190476191,0.1192005710206995,0.025019165128469467
Exp1: Baseline (Vanilla),PR,97,0.9940476190476191,0.11928571428571429,0.025276558473706245
Exp1: Baseline (Vanilla),PR,98,0.9940476190476191,0.11937097927090778,0.025383513420820236
Exp1: Baseline (Vanilla),PR,99,0.9940476190476191,0.11945636623748211,0.02561907097697258
Exp1: Baseline (Vanilla),PR,100,0.9940476190476191,0.11954187544738726,0.025958064943552017
Exp1: Baseline (Vanilla),PR,101,0.9940476190476191,0.11962750716332378,0.02622394822537899
Exp1: Baseline (Vanilla),PR,102,0.9940476190476191,0.11971326164874552,0.0262502022087574
Exp1: Baseline (Vanilla),PR,103,0.9940476190476191,0.11979913916786226,0.026262348517775536
Exp1: Baseline (Vanilla),PR,104,0.9940476190476191,0.1198851399856425,0.026310576125979424
Exp1: Baseline (Vanilla),PR,105,0.9940476190476191,0.11997126436781609,0.026330290362238884
Exp1: Baseline (Vanilla),PR,106,0.9940476190476191,0.12005751258087707,0.026354819536209106
Exp1: Baseline (Vanilla),PR,107,0.9940476190476191,0.12014388489208633,0.02646973542869091
Exp1: Baseline (Vanilla),PR,108,0.9940476190476191,0.12023038156947444,0.02653425745666027
Exp1: Baseline (Vanilla),PR,109,0.9940476190476191,0.12031700288184438,0.026583818718791008
Exp1: Baseline (Vanilla),PR,110,0.9940476190476191,0.12040374909877433,0.026589851826429367
Exp1: Baseline (Vanilla),PR,111,0.9940476190476191,0.1204906204906205,0.026645470410585403
Exp1: Baseline (Vanilla),PR,112,0.9940476190476191,0.12057761732851986,0.026730066165328026
Exp1: Baseline (Vanilla),PR,113,0.9940476190476191,0.12066473988439307,0.026936592534184456
Exp1: Baseline (Vanilla),PR,114,0.9940476190476191,0.12075198843094721,0.02694106474518776
Exp1: Baseline (Vanilla),PR,115,0.9940476190476191,0.12083936324167872,0.026993101462721825
Exp1: Baseline (Vanilla),PR,116,0.9940476190476191,0.12092686459087618,0.027022702619433403
Exp1: Baseline (Vanilla),PR,117,0.9940476190476191,0.12101449275362319,0.027031371369957924
Exp1: Baseline (Vanilla),PR,118,0.9940476190476191,0.1211022480058013,0.02720162272453308
Exp1: Baseline (Vanilla),PR,119,0.9940476190476191,0.12119013062409288,0.02774970233440399
Exp1: Baseline (Vanilla),PR,120,0.9940476190476191,0.12127814088598403,0.027796002104878426
Exp1: Baseline (Vanilla),PR,121,0.9940476190476191,0.12136627906976744,0.027816183865070343
Exp1: Baseline (Vanilla),PR,122,0.9940476190476191,0.12145454545454545,0.02786373905837536
Exp1: Baseline (Vanilla),PR,123,0.9940476190476191,0.1215429403202329,0.027959398925304413
Exp1: Baseline (Vanilla),PR,124,0.9940476190476191,0.12163146394756008,0.027959691360592842
Exp1: Baseline (Vanilla),PR,125,0.9940476190476191,0.1217201166180758,0.02809051424264908
Exp1: Baseline (Vanilla),PR,126,0.9940476190476191,0.12180889861415026,0.028588883578777313
Exp1: Baseline (Vanilla),PR,127,0.9940476190476191,0.12189781021897811,0.02859596349298954
Exp1: Baseline (Vanilla),PR,128,0.9940476190476191,0.12198685171658144,0.028761953115463257
Exp1: Baseline (Vanilla),PR,129,0.9940476190476191,0.12207602339181287,0.02880185656249523
Exp1: Baseline (Vanilla),PR,130,0.9940476190476191,0.12216532553035844,0.028826843947172165
Exp1: Baseline (Vanilla),PR,131,0.9940476190476191,0.12225475841874085,0.028867729008197784
Exp1: Baseline (Vanilla),PR,132,0.9940476190476191,0.12234432234432234,0.029079938307404518
Exp1: Baseline (Vanilla),PR,133,0.9940476190476191,0.12243401759530792,0.029277348890900612
Exp1: Baseline (Vanilla),PR,134,0.9940476190476191,0.12252384446074835,0.02930150181055069
Exp1: Baseline (Vanilla),PR,135,0.9940476190476191,0.12261380323054331,0.029371565207839012
Exp1: Baseline (Vanilla),PR,136,0.9940476190476191,0.12270389419544453,0.029417920857667923
Exp1: Baseline (Vanilla),PR,137,0.9940476190476191,0.12279411764705882,0.029578683897852898
Exp1: Baseline (Vanilla),PR,138,0.9940476190476191,0.12288447387785136,0.029738888144493103
Exp1: Baseline (Vanilla),PR,139,0.9940476190476191,0.12297496318114874,0.02993800677359104
Exp1: Baseline (Vanilla),PR,140,0.9940476190476191,0.12306558585114223,0.029982609674334526
Exp1: Baseline (Vanilla),PR,141,0.9940476190476191,0.12315634218289086,0.03009742684662342
Exp1: Baseline (Vanilla),PR,142,0.9940476190476191,0.12324723247232472,0.030115963891148567
Exp1: Baseline (Vanilla),PR,143,0.9940476190476191,0.12333825701624815,0.030142737552523613
Exp1: Baseline (Vanilla),PR,144,0.9940476190476191,0.12342941611234294,0.030154043808579445
Exp1: Baseline (Vanilla),PR,145,0.9940476190476191,0.1235207100591716,0.030169980600476265
Exp1: Baseline (Vanilla),PR,146,0.9940476190476191,0.1236121391561806,0.03022882714867592
Exp1: Baseline (Vanilla),PR,147,0.9940476190476191,0.1237037037037037,0.030339548364281654
Exp1: Baseline (Vanilla),PR,148,0.9940476190476191,0.12379540400296515,0.03036963753402233
Exp1: Baseline (Vanilla),PR,149,0.9940476190476191,0.12388724035608309,0.03038726933300495
Exp1: Baseline (Vanilla),PR,150,0.9940476190476191,0.12397921306607275,0.03094361536204815
Exp1: Baseline (Vanilla),PR,151,0.9940476190476191,0.12407132243684993,0.03110278956592083
Exp1: Baseline (Vanilla),PR,152,0.9940476190476191,0.1241635687732342,0.031190751120448112
Exp1: Baseline (Vanilla),PR,153,0.9940476190476191,0.12425595238095238,0.03129778802394867
Exp1: Baseline (Vanilla),PR,154,0.9940476190476191,0.12434847356664185,0.03135178983211517
Exp1: Baseline (Vanilla),PR,155,0.9940476190476191,0.12444113263785395,0.031493961811065674
Exp1: Baseline (Vanilla),PR,156,0.9940476190476191,0.12453392990305742,0.03158684819936752
Exp1: Baseline (Vanilla),PR,157,0.9940476190476191,0.12462686567164179,0.03172311931848526
Exp1: Baseline (Vanilla),PR,158,0.9940476190476191,0.12471994025392083,0.031762246042490005
Exp1: Baseline (Vanilla),PR,159,0.9940476190476191,0.12481315396113603,0.031853847205638885
Exp1: Baseline (Vanilla),PR,160,0.9940476190476191,0.12490650710545999,0.03186262398958206
Exp1: Baseline (Vanilla),PR,161,0.9940476190476191,0.125,0.03190157935023308
Exp1: Baseline (Vanilla),PR,162,0.9940476190476191,0.1250936329588015,0.03196873888373375
Exp1: Baseline (Vanilla),PR,163,0.9940476190476191,0.12518740629685157,0.03207750618457794
Exp1: Baseline (Vanilla),PR,164,0.9940476190476191,0.12528132033008252,0.032297972589731216
Exp1: Baseline (Vanilla),PR,165,0.9940476190476191,0.12537537537537538,0.03250700980424881
Exp1: Baseline (Vanilla),PR,166,0.9940476190476191,0.12546957175056347,0.03254007548093796
Exp1: Baseline (Vanilla),PR,167,0.9940476190476191,0.1255639097744361,0.03271268680691719
Exp1: Baseline (Vanilla),PR,168,0.9940476190476191,0.1256583897667419,0.03286366164684296
Exp1: Baseline (Vanilla),PR,169,0.9940476190476191,0.12575301204819278,0.03307656943798065
Exp1: Baseline (Vanilla),PR,170,0.9940476190476191,0.12584777694046723,0.03320552408695221
Exp1: Baseline (Vanilla),PR,171,0.9940476190476191,0.12594268476621417,0.03330080583691597
Exp1: Baseline (Vanilla),PR,172,0.9940476190476191,0.12603773584905661,0.03336719051003456
Exp1: Baseline (Vanilla),PR,173,0.9940476190476191,0.12613293051359517,0.03344070166349411
Exp1: Baseline (Vanilla),PR,174,0.9940476190476191,0.12622826908541193,0.033449213951826096
Exp1: Baseline (Vanilla),PR,175,0.9940476190476191,0.12632375189107414,0.033571962267160416
Exp1: Baseline (Vanilla),PR,176,0.9940476190476191,0.1264193792581378,0.033592015504837036
Exp1: Baseline (Vanilla),PR,177,0.9940476190476191,0.12651515151515152,0.03359854221343994
Exp1: Baseline (Vanilla),PR,178,0.9940476190476191,0.12661106899166036,0.03365105390548706
Exp1: Baseline (Vanilla),PR,179,0.9940476190476191,0.1267071320182094,0.0336526520550251
Exp1: Baseline (Vanilla),PR,180,0.9940476190476191,0.12680334092634776,0.033704206347465515
Exp1: Baseline (Vanilla),PR,181,0.9940476190476191,0.12689969604863222,0.03376258537173271
Exp1: Baseline (Vanilla),PR,182,0.9940476190476191,0.1269961977186312,0.0337706059217453
Exp1: Baseline (Vanilla),PR,183,0.9940476190476191,0.12709284627092846,0.03384702280163765
Exp1: Baseline (Vanilla),PR,184,0.9940476190476191,0.12718964204112718,0.033902857452631
Exp1: Baseline (Vanilla),PR,185,0.9940476190476191,0.12728658536585366,0.03402390331029892
Exp1: Baseline (Vanilla),PR,186,0.9940476190476191,0.12738367658276126,0.0340270921587944
Exp1: Baseline (Vanilla),PR,187,0.9940476190476191,0.12748091603053435,0.03444315493106842
Exp1: Baseline (Vanilla),PR,188,0.9940476190476191,0.12757830404889228,0.034483347088098526
Exp1: Baseline (Vanilla),PR,189,0.9940476190476191,0.12767584097859327,0.034488972276449203
Exp1: Baseline (Vanilla),PR,190,0.9940476190476191,0.12777352716143842,0.03460750728845596
Exp1: Baseline (Vanilla),PR,191,0.9940476190476191,0.12787136294027565,0.03461204096674919
Exp1: Baseline (Vanilla),PR,192,0.9940476190476191,0.12796934865900383,0.03466806188225746
Exp1: Baseline (Vanilla),PR,193,0.9940476190476191,0.1280674846625767,0.034832850098609924
Exp1: Baseline (Vanilla),PR,194,0.9940476190476191,0.1281657712970069,0.034894637763500214
Exp1: Baseline (Vanilla),PR,195,0.9940476190476191,0.1282642089093702,0.03510497882962227
Exp1: Baseline (Vanilla),PR,196,0.9940476190476191,0.12836279784780938,0.035158079117536545
Exp1: Baseline (Vanilla),PR,197,0.9940476190476191,0.12846153846153846,0.03519760072231293
Exp1: Baseline (Vanilla),PR,198,0.9940476190476191,0.1285604311008468,0.03520291671156883
Exp1: Baseline (Vanilla),PR,199,0.9940476190476191,0.12865947611710324,0.035221002995967865
Exp1: Baseline (Vanilla),PR,200,0.9940476190476191,0.12875867386276021,0.03531444072723389
Exp1: Baseline (Vanilla),PR,201,0.9940476190476191,0.12885802469135801,0.03535935655236244
Exp1: Baseline (Vanilla),PR,202,0.9940476190476191,0.12895752895752896,0.035535793751478195
Exp1: Baseline (Vanilla),PR,203,0.9940476190476191,0.12905718701700156,0.03554646298289299
Exp1: Baseline (Vanilla),PR,204,0.9940476190476191,0.12915699922660479,0.03554825112223625
Exp1: Baseline (Vanilla),PR,205,0.9940476190476191,0.12925696594427244,0.03559979423880577
Exp1: Baseline (Vanilla),PR,206,0.9940476190476191,0.12935708752904726,0.035602156072854996
Exp1: Baseline (Vanilla),PR,207,0.9940476190476191,0.12945736434108526,0.035636190325021744
Exp1: Baseline (Vanilla),PR,208,0.9940476190476191,0.1295577967416602,0.0357392244040966
Exp1: Baseline (Vanilla),PR,209,0.9940476190476191,0.1296583850931677,0.03580252081155777
Exp1: Baseline (Vanilla),PR,210,0.9940476190476191,0.12975912975912976,0.035833220928907394
Exp1: Baseline (Vanilla),PR,211,0.9940476190476191,0.12986003110419908,0.03584181144833565
Exp1: Baseline (Vanilla),PR,212,0.9940476190476191,0.12996108949416343,0.03587314113974571
Exp1: Baseline (Vanilla),PR,213,0.9940476190476191,0.13006230529595014,0.03594764322042465
Exp1: Baseline (Vanilla),PR,214,0.9940476190476191,0.13016367887763056,0.036020513623952866
Exp1: Baseline (Vanilla),PR,215,0.9940476190476191,0.13026521060842433,0.03605208545923233
Exp1: Baseline (Vanilla),PR,216,0.9940476190476191,0.13036690085870414,0.03622755780816078
Exp1: Baseline (Vanilla),PR,217,0.9940476190476191,0.13046875,0.036322321742773056
Exp1: Baseline (Vanilla),PR,218,0.9940476190476191,0.1305707584050039,0.03638927638530731
Exp1: Baseline (Vanilla),PR,219,0.9940476190476191,0.13067292644757433,0.0364491268992424
Exp1: Baseline (Vanilla),PR,220,0.9940476190476191,0.1307752545027408,0.03652310371398926
Exp1: Baseline (Vanilla),PR,221,0.9940476190476191,0.13087774294670845,0.03662015125155449
Exp1: Baseline (Vanilla),PR,222,0.9940476190476191,0.13098039215686275,0.03668630123138428
Exp1: Baseline (Vanilla),PR,223,0.9940476190476191,0.13108320251177394,0.036716051399707794
Exp1: Baseline (Vanilla),PR,224,0.9940476190476191,0.1311861743912019,0.03671940043568611
Exp1: Baseline (Vanilla),PR,225,0.9940476190476191,0.13128930817610063,0.03678622841835022
Exp1: Baseline (Vanilla),PR,226,0.9940476190476191,0.13139260424862312,0.03684719279408455
Exp1: Baseline (Vanilla),PR,227,0.9940476190476191,0.131496062992126,0.03705773875117302
Exp1: Baseline (Vanilla),PR,228,0.9940476190476191,0.13159968479117415,0.03706960752606392
Exp1: Baseline (Vanilla),PR,229,0.9940476190476191,0.13170347003154576,0.03712725639343262
Exp1: Baseline (Vanilla),PR,230,0.9940476190476191,0.13180741910023677,0.03715059161186218
Exp1: Baseline (Vanilla),PR,231,0.9940476190476191,0.13191153238546605,0.03733216971158981
Exp1: Baseline (Vanilla),PR,232,0.9940476190476191,0.13201581027667983,0.037432119250297546
Exp1: Baseline (Vanilla),PR,233,0.9940476190476191,0.13212025316455697,0.03762767091393471
Exp1: Baseline (Vanilla),PR,234,0.9940476190476191,0.13222486144101345,0.03769814595580101
Exp1: Baseline (Vanilla),PR,235,0.9940476190476191,0.13232963549920762,0.0378694161772728
Exp1: Baseline (Vanilla),PR,236,0.9940476190476191,0.1324345757335448,0.03793571889400482
Exp1: Baseline (Vanilla),PR,237,0.9940476190476191,0.13253968253968254,0.03805914148688316
Exp1: Baseline (Vanilla),PR,238,0.9940476190476191,0.13264495631453535,0.03807429224252701
Exp1: Baseline (Vanilla),PR,239,0.9940476190476191,0.1327503974562798,0.038245491683483124
Exp1: Baseline (Vanilla),PR,240,0.9940476190476191,0.1328560063643596,0.038308609277009964
Exp1: Baseline (Vanilla),PR,241,0.9940476190476191,0.13296178343949044,0.038315173238515854
Exp1: Baseline (Vanilla),PR,242,0.9940476190476191,0.13306772908366535,0.038390032947063446
Exp1: Baseline (Vanilla),PR,243,0.9940476190476191,0.1331738437001595,0.03846336156129837
Exp1: Baseline (Vanilla),PR,244,0.9940476190476191,0.1332801276935355,0.03867969661951065
Exp1: Baseline (Vanilla),PR,245,0.9940476190476191,0.13338658146964857,0.03869284689426422
Exp1: Baseline (Vanilla),PR,246,0.9940476190476191,0.1334932054356515,0.03870658576488495
Exp1: Baseline (Vanilla),PR,247,0.9940476190476191,0.1336,0.038788244128227234
Exp1: Baseline (Vanilla),PR,248,0.9940476190476191,0.13370696557245795,0.03885039687156677
Exp1: Baseline (Vanilla),PR,249,0.9940476190476191,0.13381410256410256,0.038893021643161774
Exp1: Baseline (Vanilla),PR,250,0.9940476190476191,0.1339214113873296,0.03890937194228172
Exp1: Baseline (Vanilla),PR,251,0.9940476190476191,0.13402889245585875,0.03893033415079117
Exp1: Baseline (Vanilla),PR,252,0.9940476190476191,0.13413654618473897,0.03900850564241409
Exp1: Baseline (Vanilla),PR,253,0.9940476190476191,0.1342443729903537,0.039035990834236145
Exp1: Baseline (Vanilla),PR,254,0.9940476190476191,0.13435237329042637,0.039084937423467636
Exp1: Baseline (Vanilla),PR,255,0.9940476190476191,0.13446054750402575,0.039134688675403595
Exp1: Baseline (Vanilla),PR,256,0.9940476190476191,0.13456889605157132,0.03920166194438934
Exp1: Baseline (Vanilla),PR,257,0.9940476190476191,0.1346774193548387,0.039204876869916916
Exp1: Baseline (Vanilla),PR,258,0.9940476190476191,0.13478611783696529,0.039436183869838715
Exp1: Baseline (Vanilla),PR,259,0.9940476190476191,0.13489499192245558,0.03944635018706322
Exp1: Baseline (Vanilla),PR,260,0.9940476190476191,0.13500404203718674,0.03947748988866806
Exp1: Baseline (Vanilla),PR,261,0.9940476190476191,0.13511326860841424,0.03948134928941727
Exp1: Baseline (Vanilla),PR,262,0.9940476190476191,0.13522267206477734,0.03970281779766083
Exp1: Baseline (Vanilla),PR,263,0.9940476190476191,0.1353322528363047,0.03987909108400345
Exp1: Baseline (Vanilla),PR,264,0.9940476190476191,0.1354420113544201,0.039882779121398926
Exp1: Baseline (Vanilla),PR,265,0.9940476190476191,0.13555194805194806,0.0399598628282547
Exp1: Baseline (Vanilla),PR,266,0.9940476190476191,0.13566206336311942,0.03997006267309189
Exp1: Baseline (Vanilla),PR,267,0.9940476190476191,0.13577235772357724,0.040282491594552994
Exp1: Baseline (Vanilla),PR,268,0.9940476190476191,0.13588283157038242,0.04031868278980255
Exp1: Baseline (Vanilla),PR,269,0.9940476190476191,0.13599348534201955,0.040488533675670624
Exp1: Baseline (Vanilla),PR,270,0.9940476190476191,0.1361043194784026,0.04067014530301094
Exp1: Baseline (Vanilla),PR,271,0.9940476190476191,0.1362153344208809,0.04068302363157272
Exp1: Baseline (Vanilla),PR,272,0.9940476190476191,0.1363265306122449,0.040731918066740036
Exp1: Baseline (Vanilla),PR,273,0.9940476190476191,0.136437908496732,0.040742434561252594
Exp1: Baseline (Vanilla),PR,274,0.9940476190476191,0.13654946852003272,0.040809839963912964
Exp1: Baseline (Vanilla),PR,275,0.9940476190476191,0.13666121112929625,0.04084448516368866
Exp1: Baseline (Vanilla),PR,276,0.9940476190476191,0.13677313677313677,0.040907714515924454
Exp1: Baseline (Vanilla),PR,277,0.9940476190476191,0.13688524590163934,0.0410064198076725
Exp1: Baseline (Vanilla),PR,278,0.9940476190476191,0.13699753896636588,0.041045114398002625
Exp1: Baseline (Vanilla),PR,279,0.9940476190476191,0.13711001642036125,0.04114145040512085
Exp1: Baseline (Vanilla),PR,280,0.9940476190476191,0.1372226787181594,0.04119519889354706
Exp1: Baseline (Vanilla),PR,281,0.9940476190476191,0.13733552631578946,0.041245266795158386
Exp1: Baseline (Vanilla),PR,282,0.9940476190476191,0.1374485596707819,0.04128735512495041
Exp1: Baseline (Vanilla),PR,283,0.9940476190476191,0.13756177924217464,0.041438452899456024
Exp1: Baseline (Vanilla),PR,284,0.9940476190476191,0.13767518549051938,0.0414436012506485
Exp1: Baseline (Vanilla),PR,285,0.9940476190476191,0.1377887788778878,0.04145580530166626
Exp1: Baseline (Vanilla),PR,286,0.9940476190476191,0.13790255986787778,0.041530877351760864
Exp1: Baseline (Vanilla),PR,287,0.9940476190476191,0.13801652892561983,0.04165272414684296
Exp1: Baseline (Vanilla),PR,288,0.9940476190476191,0.1381306865177833,0.041728563606739044
Exp1: Baseline (Vanilla),PR,289,0.9940476190476191,0.1382450331125828,0.041768237948417664
Exp1: Baseline (Vanilla),PR,290,0.9940476190476191,0.1383595691797846,0.041770827025175095
Exp1: Baseline (Vanilla),PR,291,0.9940476190476191,0.1384742951907131,0.04203391447663307
Exp1: Baseline (Vanilla),PR,292,0.9940476190476191,0.13858921161825727,0.04215681180357933
Exp1: Baseline (Vanilla),PR,293,0.9940476190476191,0.13870431893687707,0.042176753282547
Exp1: Baseline (Vanilla),PR,294,0.9940476190476191,0.13881961762261014,0.04220377281308174
Exp1: Baseline (Vanilla),PR,295,0.9940476190476191,0.1389351081530782,0.04221346974372864
Exp1: Baseline (Vanilla),PR,296,0.9940476190476191,0.13905079100749376,0.04224603250622749
Exp1: Baseline (Vanilla),PR,297,0.9940476190476191,0.13916666666666666,0.04224615544080734
Exp1: Baseline (Vanilla),PR,298,0.9940476190476191,0.13928273561301086,0.04225746542215347
Exp1: Baseline (Vanilla),PR,299,0.9940476190476191,0.13939899833055092,0.04227915406227112
Exp1: Baseline (Vanilla),PR,300,0.9940476190476191,0.13951545530492898,0.04236194118857384
Exp1: Baseline (Vanilla),PR,301,0.9940476190476191,0.13963210702341136,0.042476411908864975
Exp1: Baseline (Vanilla),PR,302,0.9940476190476191,0.1397489539748954,0.04251951724290848
Exp1: Baseline (Vanilla),PR,303,0.9940476190476191,0.13986599664991625,0.04282181337475777
Exp1: Baseline (Vanilla),PR,304,0.9940476190476191,0.1399832355406538,0.04285185784101486
Exp1: Baseline (Vanilla),PR,305,0.9940476190476191,0.1401006711409396,0.043037522584199905
Exp1: Baseline (Vanilla),PR,306,0.9940476190476191,0.14021830394626364,0.04304207116365433
Exp1: Baseline (Vanilla),PR,307,0.9940476190476191,0.1403361344537815,0.0432063527405262
Exp1: Baseline (Vanilla),PR,308,0.9940476190476191,0.1404541631623213,0.0433235727250576
Exp1: Baseline (Vanilla),PR,309,0.9940476190476191,0.14057239057239057,0.04333741217851639
Exp1: Baseline (Vanilla),PR,310,0.9940476190476191,0.14069081718618365,0.04334898665547371
Exp1: Baseline (Vanilla),PR,311,0.9940476190476191,0.14080944350758853,0.043496355414390564
Exp1: Baseline (Vanilla),PR,312,0.9940476190476191,0.1409282700421941,0.04375319555401802
Exp1: Baseline (Vanilla),PR,313,0.9940476190476191,0.14104729729729729,0.04378882050514221
Exp1: Baseline (Vanilla),PR,314,0.9940476190476191,0.14116652578191038,0.043955083936452866
Exp1: Baseline (Vanilla),PR,315,0.9940476190476191,0.1412859560067682,0.044052187353372574
Exp1: Baseline (Vanilla),PR,316,0.9940476190476191,0.14140558848433532,0.04414115473628044
Exp1: Baseline (Vanilla),PR,317,0.9940476190476191,0.14152542372881355,0.04425814002752304
Exp1: Baseline (Vanilla),PR,318,0.9940476190476191,0.14164546225614927,0.04426008462905884
Exp1: Baseline (Vanilla),PR,319,0.9880952380952381,0.14091680814940577,0.04434724524617195
Exp1: Baseline (Vanilla),PR,320,0.9880952380952381,0.14103653355989804,0.04442620277404785
Exp1: Baseline (Vanilla),PR,321,0.9880952380952381,0.141156462585034,0.044428013265132904
Exp1: Baseline (Vanilla),PR,322,0.9880952380952381,0.14127659574468085,0.044467344880104065
Exp1: Baseline (Vanilla),PR,323,0.9880952380952381,0.141396933560477,0.044482603669166565
Exp1: Baseline (Vanilla),PR,324,0.9880952380952381,0.14151747655583974,0.04448835551738739
Exp1: Baseline (Vanilla),PR,325,0.9880952380952381,0.1416382252559727,0.04453512653708458
Exp1: Baseline (Vanilla),PR,326,0.9880952380952381,0.14175918018787362,0.04468674212694168
Exp1: Baseline (Vanilla),PR,327,0.9880952380952381,0.14188034188034188,0.04485267400741577
Exp1: Baseline (Vanilla),PR,328,0.9880952380952381,0.1420017108639863,0.04487017169594765
Exp1: Baseline (Vanilla),PR,329,0.9880952380952381,0.1421232876712329,0.04503200203180313
Exp1: Baseline (Vanilla),PR,330,0.9880952380952381,0.14224507283633248,0.04507366195321083
Exp1: Baseline (Vanilla),PR,331,0.9880952380952381,0.1423670668953688,0.04509167745709419
Exp1: Baseline (Vanilla),PR,332,0.9880952380952381,0.1424892703862661,0.04514576867222786
Exp1: Baseline (Vanilla),PR,333,0.9880952380952381,0.14261168384879724,0.04529361054301262
Exp1: Baseline (Vanilla),PR,334,0.9880952380952381,0.14273430782459157,0.045537326484918594
Exp1: Baseline (Vanilla),PR,335,0.9880952380952381,0.14285714285714285,0.045568324625492096
Exp1: Baseline (Vanilla),PR,336,0.9880952380952381,0.1429801894918174,0.04568338394165039
Exp1: Baseline (Vanilla),PR,337,0.9880952380952381,0.14310344827586208,0.0457884706556797
Exp1: Baseline (Vanilla),PR,338,0.9880952380952381,0.14322691975841242,0.04592029005289078
Exp1: Baseline (Vanilla),PR,339,0.9880952380952381,0.14335060449050085,0.0460086427628994
Exp1: Baseline (Vanilla),PR,340,0.9880952380952381,0.14347450302506481,0.046121761202812195
Exp1: Baseline (Vanilla),PR,341,0.9880952380952381,0.14359861591695502,0.04634794592857361
Exp1: Baseline (Vanilla),PR,342,0.9880952380952381,0.14372294372294372,0.04640534892678261
Exp1: Baseline (Vanilla),PR,343,0.9880952380952381,0.1438474870017331,0.046428218483924866
Exp1: Baseline (Vanilla),PR,344,0.9880952380952381,0.14397224631396358,0.04647918790578842
Exp1: Baseline (Vanilla),PR,345,0.9880952380952381,0.1440972222222222,0.04650561511516571
Exp1: Baseline (Vanilla),PR,346,0.9880952380952381,0.14422241529105126,0.04667503386735916
Exp1: Baseline (Vanilla),PR,347,0.9880952380952381,0.1443478260869565,0.046706125140190125
Exp1: Baseline (Vanilla),PR,348,0.9880952380952381,0.144473455178416,0.04675695300102234
Exp1: Baseline (Vanilla),PR,349,0.9880952380952381,0.1445993031358885,0.046888481825590134
Exp1: Baseline (Vanilla),PR,350,0.9880952380952381,0.14472537053182213,0.04697025939822197
Exp1: Baseline (Vanilla),PR,351,0.9880952380952381,0.14485165794066318,0.0469830259680748
Exp1: Baseline (Vanilla),PR,352,0.9880952380952381,0.14497816593886462,0.04713747277855873
Exp1: Baseline (Vanilla),PR,353,0.9880952380952381,0.1451048951048951,0.04719505086541176
Exp1: Baseline (Vanilla),PR,354,0.9880952380952381,0.1452318460192476,0.04736732318997383
Exp1: Baseline (Vanilla),PR,355,0.9880952380952381,0.14535901926444833,0.04747646674513817
Exp1: Baseline (Vanilla),PR,356,0.9880952380952381,0.14548641542506574,0.0474872887134552
Exp1: Baseline (Vanilla),PR,357,0.9880952380952381,0.1456140350877193,0.04751061648130417
Exp1: Baseline (Vanilla),PR,358,0.9880952380952381,0.14574187884108866,0.0475466214120388
Exp1: Baseline (Vanilla),PR,359,0.9880952380952381,0.14586994727592267,0.047652266919612885
Exp1: Baseline (Vanilla),PR,360,0.9880952380952381,0.14599824098504838,0.04769835248589516
Exp1: Baseline (Vanilla),PR,361,0.9880952380952381,0.14612676056338028,0.0477759875357151
Exp1: Baseline (Vanilla),PR,362,0.9880952380952381,0.14625550660792952,0.047824885696172714
Exp1: Baseline (Vanilla),PR,363,0.9880952380952381,0.14638447971781304,0.048151928931474686
Exp1: Baseline (Vanilla),PR,364,0.9880952380952381,0.14651368049426303,0.0482017956674099
Exp1: Baseline (Vanilla),PR,365,0.9880952380952381,0.14664310954063603,0.04833181947469711
Exp1: Baseline (Vanilla),PR,366,0.9880952380952381,0.14677276746242263,0.048357151448726654
Exp1: Baseline (Vanilla),PR,367,0.9880952380952381,0.14690265486725665,0.04837891459465027
Exp1: Baseline (Vanilla),PR,368,0.9880952380952381,0.1470327723649247,0.04855911061167717
Exp1: Baseline (Vanilla),PR,369,0.9880952380952381,0.14716312056737588,0.048590537160634995
Exp1: Baseline (Vanilla),PR,370,0.9880952380952381,0.14729370008873113,0.04866749793291092
Exp1: Baseline (Vanilla),PR,371,0.9880952380952381,0.14742451154529307,0.04869157820940018
Exp1: Baseline (Vanilla),PR,372,0.9880952380952381,0.14755555555555555,0.04872651770710945
Exp1: Baseline (Vanilla),PR,373,0.9880952380952381,0.14768683274021352,0.04872947931289673
Exp1: Baseline (Vanilla),PR,374,0.9880952380952381,0.14781834372217276,0.048771362751722336
Exp1: Baseline (Vanilla),PR,375,0.9880952380952381,0.14795008912655971,0.048804156482219696
Exp1: Baseline (Vanilla),PR,376,0.9880952380952381,0.1480820695807315,0.04883326217532158
Exp1: Baseline (Vanilla),PR,377,0.9880952380952381,0.14821428571428572,0.04884221404790878
Exp1: Baseline (Vanilla),PR,378,0.9880952380952381,0.1483467381590706,0.04885820299386978
Exp1: Baseline (Vanilla),PR,379,0.9880952380952381,0.148479427549195,0.04894661903381348
Exp1: Baseline (Vanilla),PR,380,0.9880952380952381,0.1486123545210385,0.0489492304623127
Exp1: Baseline (Vanilla),PR,381,0.9880952380952381,0.14874551971326164,0.04895183444023132
Exp1: Baseline (Vanilla),PR,382,0.9880952380952381,0.14887892376681613,0.048963602632284164
Exp1: Baseline (Vanilla),PR,383,0.9880952380952381,0.1490125673249551,0.04913507401943207
Exp1: Baseline (Vanilla),PR,384,0.9880952380952381,0.14914645103324348,0.04917554929852486
Exp1: Baseline (Vanilla),PR,385,0.9880952380952381,0.14928057553956833,0.04930277541279793
Exp1: Baseline (Vanilla),PR,386,0.9880952380952381,0.1494149414941494,0.049503833055496216
Exp1: Baseline (Vanilla),PR,387,0.9880952380952381,0.14954954954954955,0.04956281557679176
Exp1: Baseline (Vanilla),PR,388,0.9880952380952381,0.1496844003606853,0.04959891736507416
Exp1: Baseline (Vanilla),PR,389,0.9880952380952381,0.14981949458483754,0.049659594893455505
Exp1: Baseline (Vanilla),PR,390,0.9880952380952381,0.14995483288166214,0.049756795167922974
Exp1: Baseline (Vanilla),PR,391,0.9880952380952381,0.15009041591320071,0.04983009397983551
Exp1: Baseline (Vanilla),PR,392,0.9880952380952381,0.1502262443438914,0.049849733710289
Exp1: Baseline (Vanilla),PR,393,0.9880952380952381,0.1503623188405797,0.04993636533617973
Exp1: Baseline (Vanilla),PR,394,0.9880952380952381,0.15049864007252947,0.05010497570037842
Exp1: Baseline (Vanilla),PR,395,0.9880952380952381,0.15063520871143377,0.05010538920760155
Exp1: Baseline (Vanilla),PR,396,0.9880952380952381,0.15077202543142598,0.05015310272574425
Exp1: Baseline (Vanilla),PR,397,0.9880952380952381,0.1509090909090909,0.05017346888780594
Exp1: Baseline (Vanilla),PR,398,0.9880952380952381,0.1510464058234759,0.05017631873488426
Exp1: Baseline (Vanilla),PR,399,0.9880952380952381,0.151183970856102,0.05020303279161453
Exp1: Baseline (Vanilla),PR,400,0.9880952380952381,0.15132178669097537,0.05022159963846207
Exp1: Baseline (Vanilla),PR,401,0.9880952380952381,0.15145985401459855,0.050271086394786835
Exp1: Baseline (Vanilla),PR,402,0.9880952380952381,0.15159817351598173,0.050386942923069
Exp1: Baseline (Vanilla),PR,403,0.9880952380952381,0.15173674588665448,0.05055940896272659
Exp1: Baseline (Vanilla),PR,404,0.9880952380952381,0.15187557182067704,0.050574347376823425
Exp1: Baseline (Vanilla),PR,405,0.9880952380952381,0.152014652014652,0.050614576786756516
Exp1: Baseline (Vanilla),PR,406,0.9880952380952381,0.152153987167736,0.05061742290854454
Exp1: Baseline (Vanilla),PR,407,0.9880952380952381,0.15229357798165138,0.05076048523187637
Exp1: Baseline (Vanilla),PR,408,0.9880952380952381,0.15243342516069788,0.0508161261677742
Exp1: Baseline (Vanilla),PR,409,0.9880952380952381,0.15257352941176472,0.0508652962744236
Exp1: Baseline (Vanilla),PR,410,0.9880952380952381,0.15271389144434222,0.05090172961354256
Exp1: Baseline (Vanilla),PR,411,0.9880952380952381,0.15285451197053407,0.05095065012574196
Exp1: Baseline (Vanilla),PR,412,0.9880952380952381,0.15299539170506912,0.050969649106264114
Exp1: Baseline (Vanilla),PR,413,0.9880952380952381,0.15313653136531366,0.05107348412275314
Exp1: Baseline (Vanilla),PR,414,0.9880952380952381,0.15327793167128348,0.05113809555768967
Exp1: Baseline (Vanilla),PR,415,0.9880952380952381,0.1534195933456562,0.05114271119236946
Exp1: Baseline (Vanilla),PR,416,0.9880952380952381,0.15356151711378355,0.05119088664650917
Exp1: Baseline (Vanilla),PR,417,0.9880952380952381,0.1537037037037037,0.0513431616127491
Exp1: Baseline (Vanilla),PR,418,0.9880952380952381,0.15384615384615385,0.05144517123699188
Exp1: Baseline (Vanilla),PR,419,0.9880952380952381,0.15398886827458255,0.051465410739183426
Exp1: Baseline (Vanilla),PR,420,0.9880952380952381,0.1541318477251625,0.05148943513631821
Exp1: Baseline (Vanilla),PR,421,0.9880952380952381,0.15427509293680297,0.05164759233593941
Exp1: Baseline (Vanilla),PR,422,0.9880952380952381,0.15441860465116278,0.05168787017464638
Exp1: Baseline (Vanilla),PR,423,0.9880952380952381,0.15456238361266295,0.05177752673625946
Exp1: Baseline (Vanilla),PR,424,0.9880952380952381,0.15470643056849953,0.05183346942067146
Exp1: Baseline (Vanilla),PR,425,0.9880952380952381,0.15485074626865672,0.05184415355324745
Exp1: Baseline (Vanilla),PR,426,0.9880952380952381,0.1549953314659197,0.05196668207645416
Exp1: Baseline (Vanilla),PR,427,0.9880952380952381,0.15514018691588785,0.05197131633758545
Exp1: Baseline (Vanilla),PR,428,0.9880952380952381,0.15528531337698784,0.051972877234220505
Exp1: Baseline (Vanilla),PR,429,0.9880952380952381,0.15543071161048688,0.052199747413396835
Exp1: Baseline (Vanilla),PR,430,0.9880952380952381,0.15557638238050608,0.0522356778383255
Exp1: Baseline (Vanilla),PR,431,0.9880952380952381,0.15572232645403378,0.05226000398397446
Exp1: Baseline (Vanilla),PR,432,0.9880952380952381,0.15586854460093896,0.052312519401311874
Exp1: Baseline (Vanilla),PR,433,0.9880952380952381,0.15601503759398497,0.0523628368973732
Exp1: Baseline (Vanilla),PR,434,0.9880952380952381,0.1561618062088429,0.05241384729743004
Exp1: Baseline (Vanilla),PR,435,0.9880952380952381,0.15630885122410546,0.05241824686527252
Exp1: Baseline (Vanilla),PR,436,0.9880952380952381,0.15645617342130066,0.052526041865348816
Exp1: Baseline (Vanilla),PR,437,0.9880952380952381,0.15660377358490565,0.052528079599142075
Exp1: Baseline (Vanilla),PR,438,0.9880952380952381,0.15675165250236073,0.05254487320780754
Exp1: Baseline (Vanilla),PR,439,0.9880952380952381,0.15689981096408318,0.052550237625837326
Exp1: Baseline (Vanilla),PR,440,0.9880952380952381,0.15704824976348156,0.0526006706058979
Exp1: Baseline (Vanilla),PR,441,0.9880952380952381,0.1571969696969697,0.05269715189933777
Exp1: Baseline (Vanilla),PR,442,0.9880952380952381,0.15734597156398103,0.05270779877901077
Exp1: Baseline (Vanilla),PR,443,0.9880952380952381,0.15749525616698293,0.05290608108043671
Exp1: Baseline (Vanilla),PR,444,0.9880952380952381,0.157644824311491,0.05295904353260994
Exp1: Baseline (Vanilla),PR,445,0.9880952380952381,0.15779467680608364,0.05318769812583923
Exp1: Baseline (Vanilla),PR,446,0.9880952380952381,0.15794481446241673,0.05321560800075531
Exp1: Baseline (Vanilla),PR,447,0.9880952380952381,0.1580952380952381,0.053224116563797
Exp1: Baseline (Vanilla),PR,448,0.9880952380952381,0.15824594852240229,0.053271256387233734
Exp1: Baseline (Vanilla),PR,449,0.9880952380952381,0.15839694656488548,0.05327507108449936
Exp1: Baseline (Vanilla),PR,450,0.9880952380952381,0.15854823304680038,0.0533861368894577
Exp1: Baseline (Vanilla),PR,451,0.9880952380952381,0.1586998087954111,0.05347488448023796
Exp1: Baseline (Vanilla),PR,452,0.9880952380952381,0.15885167464114833,0.05352949723601341
Exp1: Baseline (Vanilla),PR,453,0.9880952380952381,0.15900383141762453,0.053731463849544525
Exp1: Baseline (Vanilla),PR,454,0.9880952380952381,0.15915627996164908,0.053870704025030136
Exp1: Baseline (Vanilla),PR,455,0.9880952380952381,0.15930902111324377,0.0540299229323864
Exp1: Baseline (Vanilla),PR,456,0.9880952380952381,0.15946205571565802,0.05407678708434105
Exp1: Baseline (Vanilla),PR,457,0.9880952380952381,0.1596153846153846,0.05409597232937813
Exp1: Baseline (Vanilla),PR,458,0.9880952380952381,0.15976900866217517,0.054198235273361206
Exp1: Baseline (Vanilla),PR,459,0.9880952380952381,0.1599229287090559,0.05451373755931854
Exp1: Baseline (Vanilla),PR,460,0.9880952380952381,0.1600771456123433,0.05479065328836441
Exp1: Baseline (Vanilla),PR,461,0.9880952380952381,0.16023166023166024,0.05480669066309929
Exp1: Baseline (Vanilla),PR,462,0.9821428571428571,0.15942028985507245,0.0548858605325222
Exp1: Baseline (Vanilla),PR,463,0.9821428571428571,0.1595744680851064,0.05490842089056969
Exp1: Baseline (Vanilla),PR,464,0.9821428571428571,0.15972894482090996,0.054914914071559906
Exp1: Baseline (Vanilla),PR,465,0.9821428571428571,0.15988372093023256,0.055098116397857666
Exp1: Baseline (Vanilla),PR,466,0.9821428571428571,0.1600387972841901,0.0551019050180912
Exp1: Baseline (Vanilla),PR,467,0.9821428571428571,0.16019417475728157,0.05525638163089752
Exp1: Baseline (Vanilla),PR,468,0.9821428571428571,0.16034985422740525,0.05533695966005325
Exp1: Baseline (Vanilla),PR,469,0.9821428571428571,0.1605058365758755,0.055733080953359604
Exp1: Baseline (Vanilla),PR,470,0.9821428571428571,0.16066212268743915,0.05581606924533844
Exp1: Baseline (Vanilla),PR,471,0.9821428571428571,0.1608187134502924,0.055878896266222
Exp1: Baseline (Vanilla),PR,472,0.9821428571428571,0.16097560975609757,0.055950894951820374
Exp1: Baseline (Vanilla),PR,473,0.9821428571428571,0.1611328125,0.05599187687039375
Exp1: Baseline (Vanilla),PR,474,0.9821428571428571,0.16129032258064516,0.05611030384898186
Exp1: Baseline (Vanilla),PR,475,0.9821428571428571,0.16144814090019569,0.05613365024328232
Exp1: Baseline (Vanilla),PR,476,0.9821428571428571,0.1616062683643487,0.056177496910095215
Exp1: Baseline (Vanilla),PR,477,0.9821428571428571,0.16176470588235295,0.056203871965408325
Exp1: Baseline (Vanilla),PR,478,0.9821428571428571,0.1619234543670265,0.056281689554452896
Exp1: Baseline (Vanilla),PR,479,0.9821428571428571,0.16208251473477406,0.05630581080913544
Exp1: Baseline (Vanilla),PR,480,0.9821428571428571,0.16224188790560473,0.05635519698262215
Exp1: Baseline (Vanilla),PR,481,0.9821428571428571,0.1624015748031496,0.05636540427803993
Exp1: Baseline (Vanilla),PR,482,0.9821428571428571,0.1625615763546798,0.056501902639865875
Exp1: Baseline (Vanilla),PR,483,0.9821428571428571,0.16272189349112426,0.05659676343202591
Exp1: Baseline (Vanilla),PR,484,0.9821428571428571,0.16288252714708787,0.056626737117767334
Exp1: Baseline (Vanilla),PR,485,0.9821428571428571,0.16304347826086957,0.056683316826820374
Exp1: Baseline (Vanilla),PR,486,0.9821428571428571,0.1632047477744807,0.05670874938368797
Exp1: Baseline (Vanilla),PR,487,0.9821428571428571,0.16336633663366337,0.05681423842906952
Exp1: Baseline (Vanilla),PR,488,0.9821428571428571,0.1635282457879088,0.057132788002491
Exp1: Baseline (Vanilla),PR,489,0.9821428571428571,0.1636904761904762,0.05714372172951698
Exp1: Baseline (Vanilla),PR,490,0.9821428571428571,0.16385302879841113,0.05719653517007828
Exp1: Baseline (Vanilla),PR,491,0.9821428571428571,0.16401590457256462,0.05737527832388878
Exp1: Baseline (Vanilla),PR,492,0.9821428571428571,0.16417910447761194,0.05745365843176842
Exp1: Baseline (Vanilla),PR,493,0.9821428571428571,0.1643426294820717,0.057458534836769104
Exp1: Baseline (Vanilla),PR,494,0.9821428571428571,0.16450648055832504,0.0574917308986187
Exp1: Baseline (Vanilla),PR,495,0.9821428571428571,0.16467065868263472,0.05764217674732208
Exp1: Baseline (Vanilla),PR,496,0.9821428571428571,0.16483516483516483,0.05771367996931076
Exp1: Baseline (Vanilla),PR,497,0.9821428571428571,0.165,0.05771671608090401
Exp1: Baseline (Vanilla),PR,498,0.9821428571428571,0.16516516516516516,0.05774274095892906
Exp1: Baseline (Vanilla),PR,499,0.9821428571428571,0.1653306613226453,0.05792299285531044
Exp1: Baseline (Vanilla),PR,500,0.9821428571428571,0.16549648946840523,0.05794554203748703
Exp1: Baseline (Vanilla),PR,501,0.9821428571428571,0.16566265060240964,0.05800662562251091
Exp1: Baseline (Vanilla),PR,502,0.9821428571428571,0.1658291457286432,0.058017484843730927
Exp1: Baseline (Vanilla),PR,503,0.9821428571428571,0.1659959758551308,0.05806829780340195
Exp1: Baseline (Vanilla),PR,504,0.9821428571428571,0.1661631419939577,0.058146506547927856
Exp1: Baseline (Vanilla),PR,505,0.9821428571428571,0.1663306451612903,0.05817710608243942
Exp1: Baseline (Vanilla),PR,506,0.9821428571428571,0.16649848637739656,0.058235399425029755
Exp1: Baseline (Vanilla),PR,507,0.9821428571428571,0.16666666666666666,0.058268602937459946
Exp1: Baseline (Vanilla),PR,508,0.9821428571428571,0.16683518705763398,0.058409661054611206
Exp1: Baseline (Vanilla),PR,509,0.9821428571428571,0.16700404858299595,0.05841067060828209
Exp1: Baseline (Vanilla),PR,510,0.9821428571428571,0.16717325227963525,0.0584292970597744
Exp1: Baseline (Vanilla),PR,511,0.9821428571428571,0.16734279918864098,0.05845416709780693
Exp1: Baseline (Vanilla),PR,512,0.9821428571428571,0.16751269035532995,0.05845460295677185
Exp1: Baseline (Vanilla),PR,513,0.9821428571428571,0.1676829268292683,0.05850515887141228
Exp1: Baseline (Vanilla),PR,514,0.9821428571428571,0.167853509664293,0.05853990465402603
Exp1: Baseline (Vanilla),PR,515,0.9821428571428571,0.1680244399185336,0.058593522757291794
Exp1: Baseline (Vanilla),PR,516,0.9821428571428571,0.16819571865443425,0.058641716837882996
Exp1: Baseline (Vanilla),PR,517,0.9821428571428571,0.1683673469387755,0.05881134420633316
Exp1: Baseline (Vanilla),PR,518,0.9821428571428571,0.16853932584269662,0.05881413072347641
Exp1: Baseline (Vanilla),PR,519,0.9821428571428571,0.1687116564417178,0.05907975137233734
Exp1: Baseline (Vanilla),PR,520,0.9821428571428571,0.16888433981576254,0.059116851538419724
Exp1: Baseline (Vanilla),PR,521,0.9821428571428571,0.16905737704918034,0.05916934832930565
Exp1: Baseline (Vanilla),PR,522,0.9821428571428571,0.16923076923076924,0.05923956632614136
Exp1: Baseline (Vanilla),PR,523,0.9821428571428571,0.16940451745379878,0.059240467846393585
Exp1: Baseline (Vanilla),PR,524,0.9821428571428571,0.1695786228160329,0.05927371233701706
Exp1: Baseline (Vanilla),PR,525,0.9821428571428571,0.1697530864197531,0.05933587998151779
Exp1: Baseline (Vanilla),PR,526,0.9821428571428571,0.16992790937178168,0.05949481204152107
Exp1: Baseline (Vanilla),PR,527,0.9821428571428571,0.17010309278350516,0.05950479954481125
Exp1: Baseline (Vanilla),PR,528,0.9821428571428571,0.17027863777089783,0.05968417599797249
Exp1: Baseline (Vanilla),PR,529,0.9821428571428571,0.17045454545454544,0.0597955659031868
Exp1: Baseline (Vanilla),PR,530,0.9821428571428571,0.17063081695966908,0.05991416797041893
Exp1: Baseline (Vanilla),PR,531,0.9821428571428571,0.17080745341614906,0.060041170567274094
Exp1: Baseline (Vanilla),PR,532,0.9761904761904762,0.1699481865284974,0.06006157398223877
Exp1: Baseline (Vanilla),PR,533,0.9761904761904762,0.17012448132780084,0.06006436049938202
Exp1: Baseline (Vanilla),PR,534,0.9761904761904762,0.1703011422637591,0.06010926887392998
Exp1: Baseline (Vanilla),PR,535,0.9761904761904762,0.1704781704781705,0.060178350657224655
Exp1: Baseline (Vanilla),PR,536,0.9761904761904762,0.17065556711758584,0.06019600108265877
Exp1: Baseline (Vanilla),PR,537,0.9702380952380952,0.16979166666666667,0.06030915677547455
Exp1: Baseline (Vanilla),PR,538,0.9702380952380952,0.16996871741397288,0.06039237976074219
Exp1: Baseline (Vanilla),PR,539,0.9702380952380952,0.17014613778705637,0.06039496883749962
Exp1: Baseline (Vanilla),PR,540,0.9702380952380952,0.1703239289446186,0.06042632833123207
Exp1: Baseline (Vanilla),PR,541,0.9702380952380952,0.1705020920502092,0.060586411505937576
Exp1: Baseline (Vanilla),PR,542,0.9702380952380952,0.1706806282722513,0.06059681624174118
Exp1: Baseline (Vanilla),PR,543,0.9702380952380952,0.1708595387840671,0.0606398731470108
Exp1: Baseline (Vanilla),PR,544,0.9702380952380952,0.17103882476390347,0.06064138188958168
Exp1: Baseline (Vanilla),PR,545,0.9702380952380952,0.17121848739495799,0.06077507138252258
Exp1: Baseline (Vanilla),PR,546,0.9702380952380952,0.17139852786540483,0.06081376597285271
Exp1: Baseline (Vanilla),PR,547,0.9702380952380952,0.17157894736842105,0.060928862541913986
Exp1: Baseline (Vanilla),PR,548,0.9702380952380952,0.17175974710221287,0.06093239039182663
Exp1: Baseline (Vanilla),PR,549,0.9702380952380952,0.1719409282700422,0.06094091385602951
Exp1: Baseline (Vanilla),PR,550,0.9702380952380952,0.17212249208025343,0.06100351735949516
Exp1: Baseline (Vanilla),PR,551,0.9642857142857143,0.17124735729386892,0.06101817265152931
Exp1: Baseline (Vanilla),PR,552,0.9642857142857143,0.17142857142857143,0.06112321466207504
Exp1: Baseline (Vanilla),PR,553,0.9642857142857143,0.1716101694915254,0.06115110218524933
Exp1: Baseline (Vanilla),PR,554,0.9642857142857143,0.17179215270413573,0.06119507551193237
Exp1: Baseline (Vanilla),PR,555,0.9642857142857143,0.17197452229299362,0.06135576590895653
Exp1: Baseline (Vanilla),PR,556,0.9642857142857143,0.17215727948990436,0.06142960116267204
Exp1: Baseline (Vanilla),PR,557,0.9642857142857143,0.1723404255319149,0.061473242938518524
Exp1: Baseline (Vanilla),PR,558,0.9642857142857143,0.17252396166134185,0.06151551380753517
Exp1: Baseline (Vanilla),PR,559,0.9642857142857143,0.17270788912579957,0.06155215948820114
Exp1: Baseline (Vanilla),PR,560,0.9642857142857143,0.1728922091782284,0.06174565106630325
Exp1: Baseline (Vanilla),PR,561,0.9642857142857143,0.17307692307692307,0.06177721545100212
Exp1: Baseline (Vanilla),PR,562,0.9642857142857143,0.17326203208556148,0.06189863383769989
Exp1: Baseline (Vanilla),PR,563,0.9642857142857143,0.1734475374732334,0.06200789660215378
Exp1: Baseline (Vanilla),PR,564,0.9642857142857143,0.17363344051446947,0.06207951530814171
Exp1: Baseline (Vanilla),PR,565,0.9642857142857143,0.17381974248927037,0.06212684139609337
Exp1: Baseline (Vanilla),PR,566,0.9642857142857143,0.17400644468313642,0.06213323399424553
Exp1: Baseline (Vanilla),PR,567,0.9642857142857143,0.17419354838709677,0.06215725094079971
Exp1: Baseline (Vanilla),PR,568,0.9642857142857143,0.1743810548977395,0.06218874827027321
Exp1: Baseline (Vanilla),PR,569,0.9642857142857143,0.17456896551724138,0.06223941966891289
Exp1: Baseline (Vanilla),PR,570,0.9642857142857143,0.17475728155339806,0.06230224296450615
Exp1: Baseline (Vanilla),PR,571,0.9642857142857143,0.17494600431965443,0.06238124892115593
Exp1: Baseline (Vanilla),PR,572,0.9642857142857143,0.17513513513513512,0.06259476393461227
Exp1: Baseline (Vanilla),PR,573,0.9642857142857143,0.17532467532467533,0.06276924908161163
Exp1: Baseline (Vanilla),PR,574,0.9642857142857143,0.17551462621885158,0.06300745904445648
Exp1: Baseline (Vanilla),PR,575,0.9642857142857143,0.175704989154013,0.06309982389211655
Exp1: Baseline (Vanilla),PR,576,0.9642857142857143,0.1758957654723127,0.06327909231185913
Exp1: Baseline (Vanilla),PR,577,0.9642857142857143,0.17608695652173914,0.063534215092659
Exp1: Baseline (Vanilla),PR,578,0.9642857142857143,0.176278563656148,0.06354966759681702
Exp1: Baseline (Vanilla),PR,579,0.9642857142857143,0.17647058823529413,0.06355457752943039
Exp1: Baseline (Vanilla),PR,580,0.9642857142857143,0.1766630316248637,0.06386108696460724
Exp1: Baseline (Vanilla),PR,581,0.9642857142857143,0.17685589519650655,0.06413888186216354
Exp1: Baseline (Vanilla),PR,582,0.9642857142857143,0.17704918032786884,0.06420999765396118
Exp1: Baseline (Vanilla),PR,583,0.9642857142857143,0.1772428884026258,0.0642910748720169
Exp1: Baseline (Vanilla),PR,584,0.9642857142857143,0.1774370208105148,0.06438186019659042
Exp1: Baseline (Vanilla),PR,585,0.9642857142857143,0.17763157894736842,0.06443812698125839
Exp1: Baseline (Vanilla),PR,586,0.9642857142857143,0.1778265642151482,0.0644625648856163
Exp1: Baseline (Vanilla),PR,587,0.9642857142857143,0.17802197802197803,0.06455755233764648
Exp1: Baseline (Vanilla),PR,588,0.9642857142857143,0.1782178217821782,0.06455841660499573
Exp1: Baseline (Vanilla),PR,589,0.9642857142857143,0.17841409691629956,0.06458650529384613
Exp1: Baseline (Vanilla),PR,590,0.9642857142857143,0.17861080485115766,0.0646756961941719
Exp1: Baseline (Vanilla),PR,591,0.9642857142857143,0.17880794701986755,0.06468207389116287
Exp1: Baseline (Vanilla),PR,592,0.9642857142857143,0.17900552486187846,0.0647544413805008
Exp1: Baseline (Vanilla),PR,593,0.9642857142857143,0.17920353982300885,0.06480450183153152
Exp1: Baseline (Vanilla),PR,594,0.9642857142857143,0.17940199335548174,0.06482234597206116
Exp1: Baseline (Vanilla),PR,595,0.9642857142857143,0.17960088691796008,0.06485045701265335
Exp1: Baseline (Vanilla),PR,596,0.9642857142857143,0.17980022197558268,0.06488434970378876
Exp1: Baseline (Vanilla),PR,597,0.9642857142857143,0.18,0.06491560488939285
Exp1: Baseline (Vanilla),PR,598,0.9642857142857143,0.18020022246941045,0.06508279591798782
Exp1: Baseline (Vanilla),PR,599,0.9642857142857143,0.18040089086859687,0.06526940315961838
Exp1: Baseline (Vanilla),PR,600,0.9642857142857143,0.1806020066889632,0.06528971344232559
Exp1: Baseline (Vanilla),PR,601,0.9642857142857143,0.18080357142857142,0.06529097259044647
Exp1: Baseline (Vanilla),PR,602,0.9642857142857143,0.18100558659217877,0.06532116234302521
Exp1: Baseline (Vanilla),PR,603,0.9642857142857143,0.18120805369127516,0.06536918133497238
Exp1: Baseline (Vanilla),PR,604,0.9642857142857143,0.18141097424412095,0.06537618488073349
Exp1: Baseline (Vanilla),PR,605,0.9642857142857143,0.18161434977578475,0.06551118195056915
Exp1: Baseline (Vanilla),PR,606,0.9642857142857143,0.18181818181818182,0.06555762141942978
Exp1: Baseline (Vanilla),PR,607,0.9583333333333334,0.18089887640449437,0.06566880643367767
Exp1: Baseline (Vanilla),PR,608,0.9583333333333334,0.18110236220472442,0.06572160124778748
Exp1: Baseline (Vanilla),PR,609,0.9583333333333334,0.18130630630630631,0.06574749201536179
Exp1: Baseline (Vanilla),PR,610,0.9583333333333334,0.18151071025930102,0.06593865901231766
Exp1: Baseline (Vanilla),PR,611,0.9583333333333334,0.18171557562076748,0.06595466285943985
Exp1: Baseline (Vanilla),PR,612,0.9583333333333334,0.18192090395480226,0.06597185134887695
Exp1: Baseline (Vanilla),PR,613,0.9583333333333334,0.18212669683257918,0.0661277025938034
Exp1: Baseline (Vanilla),PR,614,0.9583333333333334,0.1823329558323896,0.06615230441093445
Exp1: Baseline (Vanilla),PR,615,0.9583333333333334,0.18253968253968253,0.06619259715080261
Exp1: Baseline (Vanilla),PR,616,0.9583333333333334,0.18274687854710556,0.06636901199817657
Exp1: Baseline (Vanilla),PR,617,0.9583333333333334,0.18295454545454545,0.06649430841207504
Exp1: Baseline (Vanilla),PR,618,0.9583333333333334,0.1831626848691695,0.06660940498113632
Exp1: Baseline (Vanilla),PR,619,0.9583333333333334,0.18337129840546698,0.06676150113344193
Exp1: Baseline (Vanilla),PR,620,0.9583333333333334,0.18358038768529075,0.06679415702819824
Exp1: Baseline (Vanilla),PR,621,0.9583333333333334,0.18378995433789955,0.0668618232011795
Exp1: Baseline (Vanilla),PR,622,0.9583333333333334,0.184,0.06688552349805832
Exp1: Baseline (Vanilla),PR,623,0.9583333333333334,0.18421052631578946,0.06690385192632675
Exp1: Baseline (Vanilla),PR,624,0.9583333333333334,0.18442153493699887,0.06691685318946838
Exp1: Baseline (Vanilla),PR,625,0.9583333333333334,0.18463302752293578,0.06692023575305939
Exp1: Baseline (Vanilla),PR,626,0.9583333333333334,0.18484500574052812,0.0669274553656578
Exp1: Baseline (Vanilla),PR,627,0.9583333333333334,0.1850574712643678,0.0669717937707901
Exp1: Baseline (Vanilla),PR,628,0.9583333333333334,0.1852704257767549,0.06697800010442734
Exp1: Baseline (Vanilla),PR,629,0.9523809523809523,0.18433179723502305,0.06699000298976898
Exp1: Baseline (Vanilla),PR,630,0.9523809523809523,0.1845444059976932,0.06703320145606995
Exp1: Baseline (Vanilla),PR,631,0.9523809523809523,0.18475750577367206,0.06744659692049026
Exp1: Baseline (Vanilla),PR,632,0.9523809523809523,0.18497109826589594,0.06748765707015991
Exp1: Baseline (Vanilla),PR,633,0.9523809523809523,0.18518518518518517,0.06755131483078003
Exp1: Baseline (Vanilla),PR,634,0.9523809523809523,0.1853997682502897,0.06757749617099762
Exp1: Baseline (Vanilla),PR,635,0.9523809523809523,0.18561484918793503,0.06770982593297958
Exp1: Baseline (Vanilla),PR,636,0.9523809523809523,0.18583042973286876,0.06773890554904938
Exp1: Baseline (Vanilla),PR,637,0.9523809523809523,0.18604651162790697,0.06783025711774826
Exp1: Baseline (Vanilla),PR,638,0.9464285714285714,0.1850989522700815,0.067844457924366
Exp1: Baseline (Vanilla),PR,639,0.9464285714285714,0.1853146853146853,0.06814970821142197
Exp1: Baseline (Vanilla),PR,640,0.9464285714285714,0.1855309218203034,0.06817086040973663
Exp1: Baseline (Vanilla),PR,641,0.9464285714285714,0.18574766355140188,0.06827785819768906
Exp1: Baseline (Vanilla),PR,642,0.9464285714285714,0.18596491228070175,0.06828964501619339
Exp1: Baseline (Vanilla),PR,643,0.9464285714285714,0.18618266978922718,0.06843418627977371
Exp1: Baseline (Vanilla),PR,644,0.9464285714285714,0.18640093786635403,0.06856608390808105
Exp1: Baseline (Vanilla),PR,645,0.9464285714285714,0.18661971830985916,0.06872604787349701
Exp1: Baseline (Vanilla),PR,646,0.9464285714285714,0.18683901292596944,0.06875226646661758
Exp1: Baseline (Vanilla),PR,647,0.9464285714285714,0.18705882352941178,0.06895191967487335
Exp1: Baseline (Vanilla),PR,648,0.9464285714285714,0.1872791519434629,0.06911854445934296
Exp1: Baseline (Vanilla),PR,649,0.9464285714285714,0.1875,0.06916925311088562
Exp1: Baseline (Vanilla),PR,650,0.9464285714285714,0.18772136953955135,0.06931144744157791
Exp1: Baseline (Vanilla),PR,651,0.9464285714285714,0.1879432624113475,0.06940533220767975
Exp1: Baseline (Vanilla),PR,652,0.9464285714285714,0.1881656804733728,0.06957381963729858
Exp1: Baseline (Vanilla),PR,653,0.9464285714285714,0.18838862559241706,0.06963056325912476
Exp1: Baseline (Vanilla),PR,654,0.9464285714285714,0.18861209964412812,0.06970951706171036
Exp1: Baseline (Vanilla),PR,655,0.9464285714285714,0.18883610451306412,0.06975792348384857
Exp1: Baseline (Vanilla),PR,656,0.9464285714285714,0.18906064209274673,0.06978319585323334
Exp1: Baseline (Vanilla),PR,657,0.9464285714285714,0.18928571428571428,0.06988348811864853
Exp1: Baseline (Vanilla),PR,658,0.9464285714285714,0.18951132300357568,0.07037217915058136
Exp1: Baseline (Vanilla),PR,659,0.9464285714285714,0.18973747016706444,0.07044056802988052
Exp1: Baseline (Vanilla),PR,660,0.9464285714285714,0.18996415770609318,0.07067161053419113
Exp1: Baseline (Vanilla),PR,661,0.9464285714285714,0.1901913875598086,0.070685476064682
Exp1: Baseline (Vanilla),PR,662,0.9464285714285714,0.19041916167664671,0.07082284241914749
Exp1: Baseline (Vanilla),PR,663,0.9464285714285714,0.1906474820143885,0.0708262175321579
Exp1: Baseline (Vanilla),PR,664,0.9464285714285714,0.1908763505402161,0.0710219293832779
Exp1: Baseline (Vanilla),PR,665,0.9464285714285714,0.19110576923076922,0.07102228701114655
Exp1: Baseline (Vanilla),PR,666,0.9464285714285714,0.19133574007220217,0.07105661928653717
Exp1: Baseline (Vanilla),PR,667,0.9464285714285714,0.19156626506024096,0.07111357897520065
Exp1: Baseline (Vanilla),PR,668,0.9464285714285714,0.19179734620024125,0.07116394490003586
Exp1: Baseline (Vanilla),PR,669,0.9464285714285714,0.19202898550724637,0.07124409824609756
Exp1: Baseline (Vanilla),PR,670,0.9464285714285714,0.19226118500604594,0.07125978171825409
Exp1: Baseline (Vanilla),PR,671,0.9464285714285714,0.19249394673123488,0.07126693427562714
Exp1: Baseline (Vanilla),PR,672,0.9464285714285714,0.19272727272727272,0.07129762321710587
Exp1: Baseline (Vanilla),PR,673,0.9464285714285714,0.1929611650485437,0.0713125467300415
Exp1: Baseline (Vanilla),PR,674,0.9404761904761905,0.1919805589307412,0.07135393470525742
Exp1: Baseline (Vanilla),PR,675,0.9404761904761905,0.1922141119221411,0.07140931487083435
Exp1: Baseline (Vanilla),PR,676,0.9404761904761905,0.19244823386114496,0.07161573320627213
Exp1: Baseline (Vanilla),PR,677,0.9404761904761905,0.1926829268292683,0.07167915999889374
Exp1: Baseline (Vanilla),PR,678,0.9404761904761905,0.19291819291819293,0.0717826709151268
Exp1: Baseline (Vanilla),PR,679,0.9404761904761905,0.19315403422982885,0.0717853531241417
Exp1: Baseline (Vanilla),PR,680,0.9404761904761905,0.193390452876377,0.07182250171899796
Exp1: Baseline (Vanilla),PR,681,0.9404761904761905,0.19362745098039216,0.07187412679195404
Exp1: Baseline (Vanilla),PR,682,0.9404761904761905,0.19386503067484662,0.07188441604375839
Exp1: Baseline (Vanilla),PR,683,0.9404761904761905,0.1941031941031941,0.07200192660093307
Exp1: Baseline (Vanilla),PR,684,0.9404761904761905,0.1943419434194342,0.07216595113277435
Exp1: Baseline (Vanilla),PR,685,0.9404761904761905,0.19458128078817735,0.07239340990781784
Exp1: Baseline (Vanilla),PR,686,0.9404761904761905,0.19482120838471023,0.0724235326051712
Exp1: Baseline (Vanilla),PR,687,0.9404761904761905,0.19506172839506172,0.07252423465251923
Exp1: Baseline (Vanilla),PR,688,0.9404761904761905,0.19530284301606923,0.07266876101493835
Exp1: Baseline (Vanilla),PR,689,0.9404761904761905,0.19554455445544555,0.07269500195980072
Exp1: Baseline (Vanilla),PR,690,0.9404761904761905,0.19578686493184635,0.07282763719558716
Exp1: Baseline (Vanilla),PR,691,0.9404761904761905,0.19602977667493796,0.07285593450069427
Exp1: Baseline (Vanilla),PR,692,0.9404761904761905,0.19627329192546583,0.07289344817399979
Exp1: Baseline (Vanilla),PR,693,0.9404761904761905,0.19651741293532338,0.07292219251394272
Exp1: Baseline (Vanilla),PR,694,0.9404761904761905,0.19676214196762143,0.07296359539031982
Exp1: Baseline (Vanilla),PR,695,0.9404761904761905,0.1970074812967581,0.07301914691925049
Exp1: Baseline (Vanilla),PR,696,0.9404761904761905,0.1972534332084894,0.07316397875547409
Exp1: Baseline (Vanilla),PR,697,0.9404761904761905,0.1975,0.07331820577383041
Exp1: Baseline (Vanilla),PR,698,0.9404761904761905,0.19774718397997496,0.07333706319332123
Exp1: Baseline (Vanilla),PR,699,0.9404761904761905,0.19799498746867167,0.07337243854999542
Exp1: Baseline (Vanilla),PR,700,0.9404761904761905,0.19824341279799249,0.07348301261663437
Exp1: Baseline (Vanilla),PR,701,0.9404761904761905,0.1984924623115578,0.0735151544213295
Exp1: Baseline (Vanilla),PR,702,0.9404761904761905,0.19874213836477989,0.07372048497200012
Exp1: Baseline (Vanilla),PR,703,0.9404761904761905,0.19899244332493704,0.0737360417842865
Exp1: Baseline (Vanilla),PR,704,0.9404761904761905,0.19924337957124844,0.07378938794136047
Exp1: Baseline (Vanilla),PR,705,0.9404761904761905,0.1994949494949495,0.07380711287260056
Exp1: Baseline (Vanilla),PR,706,0.9404761904761905,0.1997471554993679,0.0738392323255539
Exp1: Baseline (Vanilla),PR,707,0.9404761904761905,0.2,0.07395514845848083
Exp1: Baseline (Vanilla),PR,708,0.9404761904761905,0.2002534854245881,0.07413000613451004
Exp1: Baseline (Vanilla),PR,709,0.9404761904761905,0.20050761421319796,0.07418736815452576
Exp1: Baseline (Vanilla),PR,710,0.9404761904761905,0.20076238881829733,0.07426673173904419
Exp1: Baseline (Vanilla),PR,711,0.9404761904761905,0.2010178117048346,0.0742798000574112
Exp1: Baseline (Vanilla),PR,712,0.9404761904761905,0.20127388535031848,0.07428989559412003
Exp1: Baseline (Vanilla),PR,713,0.9404761904761905,0.20153061224489796,0.074313685297966
Exp1: Baseline (Vanilla),PR,714,0.9404761904761905,0.20178799489144317,0.07439696043729782
Exp1: Baseline (Vanilla),PR,715,0.9404761904761905,0.2020460358056266,0.07493841648101807
Exp1: Baseline (Vanilla),PR,716,0.9404761904761905,0.2023047375160051,0.07533898204565048
Exp1: Baseline (Vanilla),PR,717,0.9404761904761905,0.20256410256410257,0.07539661228656769
Exp1: Baseline (Vanilla),PR,718,0.9404761904761905,0.20282413350449294,0.07551038265228271
Exp1: Baseline (Vanilla),PR,719,0.9404761904761905,0.20308483290488433,0.07558310776948929
Exp1: Baseline (Vanilla),PR,720,0.9404761904761905,0.20334620334620335,0.0756552591919899
Exp1: Baseline (Vanilla),PR,721,0.9404761904761905,0.2036082474226804,0.07570365816354752
Exp1: Baseline (Vanilla),PR,722,0.9404761904761905,0.20387096774193547,0.07571667432785034
Exp1: Baseline (Vanilla),PR,723,0.9404761904761905,0.2041343669250646,0.07608054578304291
Exp1: Baseline (Vanilla),PR,724,0.9404761904761905,0.20439844760672704,0.07613376528024673
Exp1: Baseline (Vanilla),PR,725,0.9345238095238095,0.2033678756476684,0.07664934545755386
Exp1: Baseline (Vanilla),PR,726,0.9345238095238095,0.20363164721141375,0.0766766220331192
Exp1: Baseline (Vanilla),PR,727,0.9345238095238095,0.2038961038961039,0.07695845514535904
Exp1: Baseline (Vanilla),PR,728,0.9345238095238095,0.20416124837451236,0.07708625495433807
Exp1: Baseline (Vanilla),PR,729,0.9345238095238095,0.20442708333333334,0.07711765915155411
Exp1: Baseline (Vanilla),PR,730,0.9345238095238095,0.2046936114732725,0.07717107236385345
Exp1: Baseline (Vanilla),PR,731,0.9345238095238095,0.20496083550913838,0.07738557457923889
Exp1: Baseline (Vanilla),PR,732,0.9345238095238095,0.20522875816993463,0.07750117778778076
Exp1: Baseline (Vanilla),PR,733,0.9345238095238095,0.2054973821989529,0.0775146558880806
Exp1: Baseline (Vanilla),PR,734,0.9345238095238095,0.20576671035386632,0.0776178166270256
Exp1: Baseline (Vanilla),PR,735,0.9345238095238095,0.20603674540682415,0.07767090946435928
Exp1: Baseline (Vanilla),PR,736,0.9345238095238095,0.20630749014454666,0.07770633697509766
Exp1: Baseline (Vanilla),PR,737,0.9345238095238095,0.20657894736842106,0.07771363109350204
Exp1: Baseline (Vanilla),PR,738,0.9345238095238095,0.20685111989459815,0.07772073149681091
Exp1: Baseline (Vanilla),PR,739,0.9345238095238095,0.20712401055408972,0.07773727178573608
Exp1: Baseline (Vanilla),PR,740,0.9345238095238095,0.2073976221928666,0.07797615975141525
Exp1: Baseline (Vanilla),PR,741,0.9345238095238095,0.20767195767195767,0.07812593132257462
Exp1: Baseline (Vanilla),PR,742,0.9345238095238095,0.20794701986754968,0.07817746698856354
Exp1: Baseline (Vanilla),PR,743,0.9345238095238095,0.20822281167108753,0.07819731533527374
Exp1: Baseline (Vanilla),PR,744,0.9345238095238095,0.20849933598937584,0.07838301360607147
Exp1: Baseline (Vanilla),PR,745,0.9285714285714286,0.2074468085106383,0.07856500893831253
Exp1: Baseline (Vanilla),PR,746,0.9285714285714286,0.20772303595206393,0.07867589592933655
Exp1: Baseline (Vanilla),PR,747,0.9285714285714286,0.208,0.07870446145534515
Exp1: Baseline (Vanilla),PR,748,0.9285714285714286,0.2082777036048064,0.07873262465000153
Exp1: Baseline (Vanilla),PR,749,0.9285714285714286,0.20855614973262032,0.07903575897216797
Exp1: Baseline (Vanilla),PR,750,0.9226190476190477,0.2074966532797858,0.07919755578041077
Exp1: Baseline (Vanilla),PR,751,0.9226190476190477,0.20777479892761394,0.07958516478538513
Exp1: Baseline (Vanilla),PR,752,0.9226190476190477,0.2080536912751678,0.0796237587928772
Exp1: Baseline (Vanilla),PR,753,0.9226190476190477,0.20833333333333334,0.07972043752670288
Exp1: Baseline (Vanilla),PR,754,0.9226190476190477,0.20861372812920592,0.07973940670490265
Exp1: Baseline (Vanilla),PR,755,0.9226190476190477,0.20889487870619947,0.08004152774810791
Exp1: Baseline (Vanilla),PR,756,0.9226190476190477,0.20917678812415655,0.08005044609308243
Exp1: Baseline (Vanilla),PR,757,0.9226190476190477,0.20945945945945946,0.08021166175603867
Exp1: Baseline (Vanilla),PR,758,0.9166666666666666,0.2083897158322057,0.08056549727916718
Exp1: Baseline (Vanilla),PR,759,0.9166666666666666,0.2086720867208672,0.08072434365749359
Exp1: Baseline (Vanilla),PR,760,0.9166666666666666,0.208955223880597,0.08085743337869644
Exp1: Baseline (Vanilla),PR,761,0.9107142857142857,0.2078804347826087,0.08091000467538834
Exp1: Baseline (Vanilla),PR,762,0.9107142857142857,0.20816326530612245,0.08092337101697922
Exp1: Baseline (Vanilla),PR,763,0.9107142857142857,0.20844686648501362,0.08097684383392334
Exp1: Baseline (Vanilla),PR,764,0.9047619047619048,0.2073669849931787,0.08110156655311584
Exp1: Baseline (Vanilla),PR,765,0.9047619047619048,0.20765027322404372,0.08164616674184799
Exp1: Baseline (Vanilla),PR,766,0.9047619047619048,0.2079343365253078,0.08188395947217941
Exp1: Baseline (Vanilla),PR,767,0.9047619047619048,0.20821917808219179,0.08191987127065659
Exp1: Baseline (Vanilla),PR,768,0.9047619047619048,0.2085048010973937,0.08194391429424286
Exp1: Baseline (Vanilla),PR,769,0.9047619047619048,0.2087912087912088,0.08195868879556656
Exp1: Baseline (Vanilla),PR,770,0.9047619047619048,0.20907840440165062,0.08224163949489594
Exp1: Baseline (Vanilla),PR,771,0.9047619047619048,0.209366391184573,0.08268499374389648
Exp1: Baseline (Vanilla),PR,772,0.9047619047619048,0.2096551724137931,0.08276201784610748
Exp1: Baseline (Vanilla),PR,773,0.8988095238095238,0.2085635359116022,0.08290153741836548
Exp1: Baseline (Vanilla),PR,774,0.8988095238095238,0.20885200553250347,0.082974374294281
Exp1: Baseline (Vanilla),PR,775,0.8988095238095238,0.20914127423822715,0.08317689597606659
Exp1: Baseline (Vanilla),PR,776,0.8988095238095238,0.20943134535367544,0.08319107443094254
Exp1: Baseline (Vanilla),PR,777,0.8988095238095238,0.20972222222222223,0.0833146721124649
Exp1: Baseline (Vanilla),PR,778,0.8988095238095238,0.21001390820584145,0.08347080647945404
Exp1: Baseline (Vanilla),PR,779,0.8928571428571429,0.20891364902506965,0.0835455134510994
Exp1: Baseline (Vanilla),PR,780,0.8928571428571429,0.20920502092050208,0.08383367210626602
Exp1: Baseline (Vanilla),PR,781,0.8928571428571429,0.20949720670391062,0.08384031057357788
Exp1: Baseline (Vanilla),PR,782,0.8928571428571429,0.2097902097902098,0.08398540318012238
Exp1: Baseline (Vanilla),PR,783,0.8928571428571429,0.21008403361344538,0.08419302105903625
Exp1: Baseline (Vanilla),PR,784,0.8928571428571429,0.21037868162692847,0.08454525470733643
Exp1: Baseline (Vanilla),PR,785,0.8928571428571429,0.21067415730337077,0.08461978286504745
Exp1: Baseline (Vanilla),PR,786,0.8869047619047619,0.20956399437412096,0.08501222729682922
Exp1: Baseline (Vanilla),PR,787,0.8869047619047619,0.20985915492957746,0.0852690115571022
Exp1: Baseline (Vanilla),PR,788,0.8869047619047619,0.21015514809590974,0.08537107706069946
Exp1: Baseline (Vanilla),PR,789,0.8869047619047619,0.21045197740112995,0.08560158312320709
Exp1: Baseline (Vanilla),PR,790,0.8869047619047619,0.21074964639321075,0.08569036424160004
Exp1: Baseline (Vanilla),PR,791,0.8869047619047619,0.21104815864022664,0.08577866852283478
Exp1: Baseline (Vanilla),PR,792,0.8869047619047619,0.21134751773049645,0.0859832763671875
Exp1: Baseline (Vanilla),PR,793,0.8869047619047619,0.21164772727272727,0.08619457483291626
Exp1: Baseline (Vanilla),PR,794,0.8869047619047619,0.2119487908961593,0.08633852750062943
Exp1: Baseline (Vanilla),PR,795,0.8869047619047619,0.21225071225071226,0.08634848892688751
Exp1: Baseline (Vanilla),PR,796,0.8869047619047619,0.21255349500713266,0.08691345900297165
Exp1: Baseline (Vanilla),PR,797,0.8869047619047619,0.21285714285714286,0.08691925555467606
Exp1: Baseline (Vanilla),PR,798,0.8869047619047619,0.21316165951359084,0.08706964552402496
Exp1: Baseline (Vanilla),PR,799,0.8869047619047619,0.2134670487106017,0.08725383132696152
Exp1: Baseline (Vanilla),PR,800,0.8869047619047619,0.21377331420373027,0.08729434758424759
Exp1: Baseline (Vanilla),PR,801,0.8869047619047619,0.21408045977011494,0.08735664188861847
Exp1: Baseline (Vanilla),PR,802,0.8869047619047619,0.2143884892086331,0.08738820254802704
Exp1: Baseline (Vanilla),PR,803,0.8869047619047619,0.21469740634005763,0.08756996691226959
Exp1: Baseline (Vanilla),PR,804,0.8869047619047619,0.215007215007215,0.08769810944795609
Exp1: Baseline (Vanilla),PR,805,0.8869047619047619,0.2153179190751445,0.0878520980477333
Exp1: Baseline (Vanilla),PR,806,0.8869047619047619,0.21562952243125905,0.088045135140419
Exp1: Baseline (Vanilla),PR,807,0.8869047619047619,0.21594202898550724,0.08822324872016907
Exp1: Baseline (Vanilla),PR,808,0.8869047619047619,0.216255442670537,0.08866430819034576
Exp1: Baseline (Vanilla),PR,809,0.8869047619047619,0.21656976744186046,0.08866503089666367
Exp1: Baseline (Vanilla),PR,810,0.8869047619047619,0.21688500727802038,0.0887109786272049
Exp1: Baseline (Vanilla),PR,811,0.8869047619047619,0.21720116618075802,0.08906251937150955
Exp1: Baseline (Vanilla),PR,812,0.8869047619047619,0.21751824817518248,0.08907994627952576
Exp1: Baseline (Vanilla),PR,813,0.8869047619047619,0.21783625730994152,0.08916961401700974
Exp1: Baseline (Vanilla),PR,814,0.8869047619047619,0.21815519765739386,0.0891745537519455
Exp1: Baseline (Vanilla),PR,815,0.8869047619047619,0.218475073313783,0.08919065445661545
Exp1: Baseline (Vanilla),PR,816,0.8869047619047619,0.21879588839941264,0.0891934409737587
Exp1: Baseline (Vanilla),PR,817,0.8869047619047619,0.21911764705882353,0.08925613760948181
Exp1: Baseline (Vanilla),PR,818,0.8869047619047619,0.21944035346097202,0.08937297016382217
Exp1: Baseline (Vanilla),PR,819,0.8869047619047619,0.21976401179941002,0.08972916752099991
Exp1: Baseline (Vanilla),PR,820,0.8869047619047619,0.22008862629246675,0.0897291898727417
Exp1: Baseline (Vanilla),PR,821,0.8869047619047619,0.22041420118343194,0.08977903425693512
Exp1: Baseline (Vanilla),PR,822,0.8869047619047619,0.22074074074074074,0.0903458222746849
Exp1: Baseline (Vanilla),PR,823,0.8869047619047619,0.22106824925816024,0.0904650017619133
Exp1: Baseline (Vanilla),PR,824,0.8869047619047619,0.2213967310549777,0.09047339856624603
Exp1: Baseline (Vanilla),PR,825,0.8869047619047619,0.22172619047619047,0.09053396433591843
Exp1: Baseline (Vanilla),PR,826,0.8869047619047619,0.22205663189269748,0.09056422114372253
Exp1: Baseline (Vanilla),PR,827,0.8869047619047619,0.22238805970149253,0.09059331566095352
Exp1: Baseline (Vanilla),PR,828,0.8869047619047619,0.2227204783258595,0.09062935411930084
Exp1: Baseline (Vanilla),PR,829,0.8869047619047619,0.22305389221556887,0.0906963050365448
Exp1: Baseline (Vanilla),PR,830,0.8869047619047619,0.22338830584707647,0.09072483330965042
Exp1: Baseline (Vanilla),PR,831,0.8869047619047619,0.22372372372372373,0.0907692164182663
Exp1: Baseline (Vanilla),PR,832,0.8869047619047619,0.22406015037593985,0.09077836573123932
Exp1: Baseline (Vanilla),PR,833,0.8869047619047619,0.22439759036144577,0.09078763425350189
Exp1: Baseline (Vanilla),PR,834,0.8869047619047619,0.22473604826546004,0.09084579348564148
Exp1: Baseline (Vanilla),PR,835,0.8869047619047619,0.22507552870090636,0.09096191078424454
Exp1: Baseline (Vanilla),PR,836,0.8869047619047619,0.2254160363086233,0.0909874215722084
Exp1: Baseline (Vanilla),PR,837,0.8869047619047619,0.22575757575757577,0.09128262102603912
Exp1: Baseline (Vanilla),PR,838,0.8809523809523809,0.22458270106221548,0.0915207490324974
Exp1: Baseline (Vanilla),PR,839,0.8809523809523809,0.22492401215805471,0.09158024191856384
Exp1: Baseline (Vanilla),PR,840,0.8809523809523809,0.2252663622526636,0.09182121604681015
Exp1: Baseline (Vanilla),PR,841,0.8809523809523809,0.22560975609756098,0.09199398010969162
Exp1: Baseline (Vanilla),PR,842,0.8809523809523809,0.22595419847328244,0.09214717149734497
Exp1: Baseline (Vanilla),PR,843,0.8809523809523809,0.22629969418960244,0.09236352890729904
Exp1: Baseline (Vanilla),PR,844,0.875,0.225114854517611,0.09241483360528946
Exp1: Baseline (Vanilla),PR,845,0.875,0.2254601226993865,0.09259667992591858
Exp1: Baseline (Vanilla),PR,846,0.875,0.22580645161290322,0.09270365536212921
Exp1: Baseline (Vanilla),PR,847,0.875,0.22615384615384615,0.09280617535114288
Exp1: Baseline (Vanilla),PR,848,0.875,0.22650231124807396,0.09282509237527847
Exp1: Baseline (Vanilla),PR,849,0.875,0.22685185185185186,0.09302564710378647
Exp1: Baseline (Vanilla),PR,850,0.875,0.22720247295208656,0.09307193756103516
Exp1: Baseline (Vanilla),PR,851,0.875,0.22755417956656346,0.09316100180149078
Exp1: Baseline (Vanilla),PR,852,0.875,0.22790697674418606,0.09321815520524979
Exp1: Baseline (Vanilla),PR,853,0.875,0.22826086956521738,0.09352073818445206
Exp1: Baseline (Vanilla),PR,854,0.875,0.2286158631415241,0.09355434775352478
Exp1: Baseline (Vanilla),PR,855,0.875,0.22932917316692666,0.09360554069280624
Exp1: Baseline (Vanilla),PR,856,0.875,0.2296875,0.09373202919960022
Exp1: Baseline (Vanilla),PR,857,0.875,0.2300469483568075,0.09393760561943054
Exp1: Baseline (Vanilla),PR,858,0.875,0.2304075235109718,0.09402266144752502
Exp1: Baseline (Vanilla),PR,859,0.875,0.23076923076923078,0.09416193515062332
Exp1: Baseline (Vanilla),PR,860,0.875,0.23113207547169812,0.09425004571676254
Exp1: Baseline (Vanilla),PR,861,0.875,0.231496062992126,0.0944109633564949
Exp1: Baseline (Vanilla),PR,862,0.875,0.23186119873817035,0.0947510376572609
Exp1: Baseline (Vanilla),PR,863,0.875,0.23222748815165878,0.09501150995492935
Exp1: Baseline (Vanilla),PR,864,0.8690476190476191,0.2310126582278481,0.09504573792219162
Exp1: Baseline (Vanilla),PR,865,0.8690476190476191,0.23137876386687797,0.09529460221529007
Exp1: Baseline (Vanilla),PR,866,0.8690476190476191,0.23174603174603176,0.09533736109733582
Exp1: Baseline (Vanilla),PR,867,0.8690476190476191,0.23211446740858505,0.09589363634586334
Exp1: Baseline (Vanilla),PR,868,0.8690476190476191,0.23248407643312102,0.09589467942714691
Exp1: Baseline (Vanilla),PR,869,0.8690476190476191,0.23285486443381181,0.09606628119945526
Exp1: Baseline (Vanilla),PR,870,0.8690476190476191,0.23322683706070288,0.09612688422203064
Exp1: Baseline (Vanilla),PR,871,0.8690476190476191,0.2336,0.09641175717115402
Exp1: Baseline (Vanilla),PR,872,0.8690476190476191,0.23397435897435898,0.09682950377464294
Exp1: Baseline (Vanilla),PR,873,0.8690476190476191,0.23434991974317818,0.09688890725374222
Exp1: Baseline (Vanilla),PR,874,0.8690476190476191,0.2347266881028939,0.09725822508335114
Exp1: Baseline (Vanilla),PR,875,0.8690476190476191,0.23510466988727857,0.0972931906580925
Exp1: Baseline (Vanilla),PR,876,0.8690476190476191,0.23548387096774193,0.09758368879556656
Exp1: Baseline (Vanilla),PR,877,0.8690476190476191,0.2358642972536349,0.09771717339754105
Exp1: Baseline (Vanilla),PR,878,0.8690476190476191,0.23624595469255663,0.0981963500380516
Exp1: Baseline (Vanilla),PR,879,0.8690476190476191,0.2366288492706645,0.09833815693855286
Exp1: Baseline (Vanilla),PR,880,0.8630952380952381,0.2353896103896104,0.09842164069414139
Exp1: Baseline (Vanilla),PR,881,0.8630952380952381,0.23577235772357724,0.09858741611242294
Exp1: Baseline (Vanilla),PR,882,0.8630952380952381,0.23615635179153094,0.09879425168037415
Exp1: Baseline (Vanilla),PR,883,0.8630952380952381,0.2365415986949429,0.09892620891332626
Exp1: Baseline (Vanilla),PR,884,0.8630952380952381,0.2369281045751634,0.09944582730531693
Exp1: Baseline (Vanilla),PR,885,0.8630952380952381,0.23731587561374795,0.09982723742723465
Exp1: Baseline (Vanilla),PR,886,0.8630952380952381,0.23770491803278687,0.10006970912218094
Exp1: Baseline (Vanilla),PR,887,0.8630952380952381,0.23809523809523808,0.1007569208741188
Exp1: Baseline (Vanilla),PR,888,0.8630952380952381,0.23848684210526316,0.10100274533033371
Exp1: Baseline (Vanilla),PR,889,0.8630952380952381,0.23887973640856672,0.10122175514698029
Exp1: Baseline (Vanilla),PR,890,0.8630952380952381,0.23927392739273928,0.10144094377756119
Exp1: Baseline (Vanilla),PR,891,0.8630952380952381,0.2396694214876033,0.1014866903424263
Exp1: Baseline (Vanilla),PR,892,0.8630952380952381,0.24006622516556292,0.10149028152227402
Exp1: Baseline (Vanilla),PR,893,0.8630952380952381,0.24046434494195687,0.101537324488163
Exp1: Baseline (Vanilla),PR,894,0.8630952380952381,0.24086378737541528,0.1015821024775505
Exp1: Baseline (Vanilla),PR,895,0.8630952380952381,0.24126455906821964,0.10199619829654694
Exp1: Baseline (Vanilla),PR,896,0.8630952380952381,0.24166666666666667,0.10244493186473846
Exp1: Baseline (Vanilla),PR,897,0.8630952380952381,0.24207011686143573,0.10244812071323395
Exp1: Baseline (Vanilla),PR,898,0.8630952380952381,0.24247491638795987,0.10279107093811035
Exp1: Baseline (Vanilla),PR,899,0.8630952380952381,0.24288107202680068,0.1031184047460556
Exp1: Baseline (Vanilla),PR,900,0.8630952380952381,0.24328859060402686,0.10387709736824036
Exp1: Baseline (Vanilla),PR,901,0.8630952380952381,0.24369747899159663,0.10394623130559921
Exp1: Baseline (Vanilla),PR,902,0.8630952380952381,0.2441077441077441,0.10394919663667679
Exp1: Baseline (Vanilla),PR,903,0.8630952380952381,0.24451939291736932,0.1039569154381752
Exp1: Baseline (Vanilla),PR,904,0.8630952380952381,0.24493243243243243,0.10413900017738342
Exp1: Baseline (Vanilla),PR,905,0.8571428571428571,0.2436548223350254,0.1049986481666565
Exp1: Baseline (Vanilla),PR,906,0.8571428571428571,0.2440677966101695,0.1051831990480423
Exp1: Baseline (Vanilla),PR,907,0.8571428571428571,0.24448217317487267,0.10520032048225403
Exp1: Baseline (Vanilla),PR,908,0.8571428571428571,0.24489795918367346,0.10520490258932114
Exp1: Baseline (Vanilla),PR,909,0.8571428571428571,0.2453151618398637,0.10530007630586624
Exp1: Baseline (Vanilla),PR,910,0.8571428571428571,0.24573378839590443,0.1053915023803711
Exp1: Baseline (Vanilla),PR,911,0.8571428571428571,0.24615384615384617,0.10556906461715698
Exp1: Baseline (Vanilla),PR,912,0.8571428571428571,0.2465753424657534,0.10563588887453079
Exp1: Baseline (Vanilla),PR,913,0.8571428571428571,0.2469982847341338,0.10585159063339233
Exp1: Baseline (Vanilla),PR,914,0.8571428571428571,0.24742268041237114,0.10594549030065536
Exp1: Baseline (Vanilla),PR,915,0.8571428571428571,0.24784853700516352,0.10621850937604904
Exp1: Baseline (Vanilla),PR,916,0.8571428571428571,0.2482758620689655,0.10632044821977615
Exp1: Baseline (Vanilla),PR,917,0.8571428571428571,0.24870466321243523,0.10641292482614517
Exp1: Baseline (Vanilla),PR,918,0.8571428571428571,0.2491349480968858,0.10641470551490784
Exp1: Baseline (Vanilla),PR,919,0.8571428571428571,0.24956672443674177,0.10641778260469437
Exp1: Baseline (Vanilla),PR,920,0.8571428571428571,0.25,0.10644754767417908
Exp1: Baseline (Vanilla),PR,921,0.8571428571428571,0.25043478260869567,0.10655971616506577
Exp1: Baseline (Vanilla),PR,922,0.8571428571428571,0.2508710801393728,0.10672105103731155
Exp1: Baseline (Vanilla),PR,923,0.8571428571428571,0.2513089005235602,0.10674633830785751
Exp1: Baseline (Vanilla),PR,924,0.8571428571428571,0.2517482517482518,0.10686518996953964
Exp1: Baseline (Vanilla),PR,925,0.8571428571428571,0.2521891418563923,0.1070033460855484
Exp1: Baseline (Vanilla),PR,926,0.8571428571428571,0.25263157894736843,0.10743928700685501
Exp1: Baseline (Vanilla),PR,927,0.8511904761904762,0.2513181019332162,0.1075950488448143
Exp1: Baseline (Vanilla),PR,928,0.8511904761904762,0.2517605633802817,0.10759865492582321
Exp1: Baseline (Vanilla),PR,929,0.8511904761904762,0.25220458553791886,0.10767809301614761
Exp1: Baseline (Vanilla),PR,930,0.8511904761904762,0.25265017667844525,0.10773470997810364
Exp1: Baseline (Vanilla),PR,931,0.8511904761904762,0.25309734513274335,0.10777044296264648
Exp1: Baseline (Vanilla),PR,932,0.8511904761904762,0.25354609929078015,0.10794206708669662
Exp1: Baseline (Vanilla),PR,933,0.8511904761904762,0.2539964476021314,0.10808204114437103
Exp1: Baseline (Vanilla),PR,934,0.8511904761904762,0.25444839857651247,0.10818786919116974
Exp1: Baseline (Vanilla),PR,935,0.8511904761904762,0.2549019607843137,0.10820318013429642
Exp1: Baseline (Vanilla),PR,936,0.8511904761904762,0.25535714285714284,0.10845641791820526
Exp1: Baseline (Vanilla),PR,937,0.8511904761904762,0.2558139534883721,0.10848178714513779
Exp1: Baseline (Vanilla),PR,938,0.8511904761904762,0.25627240143369173,0.10878773778676987
Exp1: Baseline (Vanilla),PR,939,0.8511904761904762,0.25673249551166966,0.10889953374862671
Exp1: Baseline (Vanilla),PR,940,0.8511904761904762,0.25719424460431656,0.10935203731060028
Exp1: Baseline (Vanilla),PR,941,0.8511904761904762,0.25765765765765763,0.10946778208017349
Exp1: Baseline (Vanilla),PR,942,0.8511904761904762,0.2581227436823105,0.10975601524114609
Exp1: Baseline (Vanilla),PR,943,0.8511904761904762,0.2585895117540687,0.10979138314723969
Exp1: Baseline (Vanilla),PR,944,0.8511904761904762,0.25905797101449274,0.10983265191316605
Exp1: Baseline (Vanilla),PR,945,0.8511904761904762,0.2595281306715064,0.10985502600669861
Exp1: Baseline (Vanilla),PR,946,0.8511904761904762,0.26,0.1100829541683197
Exp1: Baseline (Vanilla),PR,947,0.8452380952380952,0.2586520947176685,0.11038781702518463
Exp1: Baseline (Vanilla),PR,948,0.8452380952380952,0.2591240875912409,0.11058572679758072
Exp1: Baseline (Vanilla),PR,949,0.8392857142857143,0.2577696526508227,0.1106550469994545
Exp1: Baseline (Vanilla),PR,950,0.8392857142857143,0.25824175824175827,0.11068327724933624
Exp1: Baseline (Vanilla),PR,951,0.8392857142857143,0.25871559633027524,0.11074310541152954
Exp1: Baseline (Vanilla),PR,952,0.8392857142857143,0.25919117647058826,0.11080202460289001
Exp1: Baseline (Vanilla),PR,953,0.8392857142857143,0.2596685082872928,0.11083157360553741
Exp1: Baseline (Vanilla),PR,954,0.8333333333333334,0.25830258302583026,0.11085481196641922
Exp1: Baseline (Vanilla),PR,955,0.8333333333333334,0.2587800369685767,0.11090295016765594
Exp1: Baseline (Vanilla),PR,956,0.8333333333333334,0.25925925925925924,0.11092766374349594
Exp1: Baseline (Vanilla),PR,957,0.8333333333333334,0.2597402597402597,0.1109708622097969
Exp1: Baseline (Vanilla),PR,958,0.8333333333333334,0.26022304832713755,0.11099085211753845
Exp1: Baseline (Vanilla),PR,959,0.8273809523809523,0.25884543761638734,0.1112329289317131
Exp1: Baseline (Vanilla),PR,960,0.8273809523809523,0.2593283582089552,0.11125460267066956
Exp1: Baseline (Vanilla),PR,961,0.8273809523809523,0.25981308411214954,0.11136193573474884
Exp1: Baseline (Vanilla),PR,962,0.8273809523809523,0.2602996254681648,0.11178920418024063
Exp1: Baseline (Vanilla),PR,963,0.8273809523809523,0.2607879924953096,0.11237085610628128
Exp1: Baseline (Vanilla),PR,964,0.8273809523809523,0.26127819548872183,0.1124248057603836
Exp1: Baseline (Vanilla),PR,965,0.8273809523809523,0.2617702448210923,0.1124594584107399
Exp1: Baseline (Vanilla),PR,966,0.8273809523809523,0.2622641509433962,0.11265829205513
Exp1: Baseline (Vanilla),PR,967,0.8273809523809523,0.2627599243856333,0.1126711443066597
Exp1: Baseline (Vanilla),PR,968,0.8273809523809523,0.26325757575757575,0.11292718350887299
Exp1: Baseline (Vanilla),PR,969,0.8273809523809523,0.2637571157495256,0.11294478923082352
Exp1: Baseline (Vanilla),PR,970,0.8273809523809523,0.26425855513307983,0.1129642128944397
Exp1: Baseline (Vanilla),PR,971,0.8273809523809523,0.26476190476190475,0.112977996468544
Exp1: Baseline (Vanilla),PR,972,0.8273809523809523,0.2652671755725191,0.11338698863983154
Exp1: Baseline (Vanilla),PR,973,0.8273809523809523,0.26577437858508607,0.11360377073287964
Exp1: Baseline (Vanilla),PR,974,0.8273809523809523,0.2662835249042146,0.11382700502872467
Exp1: Baseline (Vanilla),PR,975,0.8273809523809523,0.2667946257197697,0.11425364017486572
Exp1: Baseline (Vanilla),PR,976,0.8273809523809523,0.2673076923076923,0.11482863128185272
Exp1: Baseline (Vanilla),PR,977,0.8273809523809523,0.2678227360308285,0.11527033895254135
Exp1: Baseline (Vanilla),PR,978,0.8273809523809523,0.26833976833976836,0.11557639390230179
Exp1: Baseline (Vanilla),PR,979,0.8273809523809523,0.2688588007736944,0.11596274375915527
Exp1: Baseline (Vanilla),PR,980,0.8273809523809523,0.2693798449612403,0.11614945530891418
Exp1: Baseline (Vanilla),PR,981,0.8273809523809523,0.26990291262135924,0.11632367968559265
Exp1: Baseline (Vanilla),PR,982,0.8273809523809523,0.2704280155642023,0.11696197837591171
Exp1: Baseline (Vanilla),PR,983,0.8273809523809523,0.2709551656920078,0.11791354417800903
Exp1: Baseline (Vanilla),PR,984,0.8273809523809523,0.271484375,0.11809053272008896
Exp1: Baseline (Vanilla),PR,985,0.8273809523809523,0.2720156555772994,0.11855091154575348
Exp1: Baseline (Vanilla),PR,986,0.8273809523809523,0.2725490196078431,0.11900750547647476
Exp1: Baseline (Vanilla),PR,987,0.8273809523809523,0.2730844793713163,0.11905311793088913
Exp1: Baseline (Vanilla),PR,988,0.8273809523809523,0.2736220472440945,0.11915848404169083
Exp1: Baseline (Vanilla),PR,989,0.8273809523809523,0.27416173570019725,0.11947315186262131
Exp1: Baseline (Vanilla),PR,990,0.8273809523809523,0.274703557312253,0.11961180716753006
Exp1: Baseline (Vanilla),PR,991,0.8273809523809523,0.27524752475247527,0.12056632339954376
Exp1: Baseline (Vanilla),PR,992,0.8273809523809523,0.2757936507936508,0.12112769484519958
Exp1: Baseline (Vanilla),PR,993,0.8273809523809523,0.27634194831013914,0.12138760834932327
Exp1: Baseline (Vanilla),PR,994,0.8273809523809523,0.27689243027888444,0.12164203822612762
Exp1: Baseline (Vanilla),PR,995,0.8273809523809523,0.2774451097804391,0.12181553989648819
Exp1: Baseline (Vanilla),PR,996,0.8273809523809523,0.278,0.12201467156410217
Exp1: Baseline (Vanilla),PR,997,0.8273809523809523,0.2785571142284569,0.12208916246891022
Exp1: Baseline (Vanilla),PR,998,0.8273809523809523,0.2791164658634538,0.12240780889987946
Exp1: Baseline (Vanilla),PR,999,0.8214285714285714,0.2776659959758551,0.1226361021399498
Exp1: Baseline (Vanilla),PR,1000,0.8214285714285714,0.2782258064516129,0.12280011177062988
Exp1: Baseline (Vanilla),PR,1001,0.8214285714285714,0.2787878787878788,0.1232464537024498
Exp1: Baseline (Vanilla),PR,1002,0.8214285714285714,0.2793522267206478,0.12355221807956696
Exp1: Baseline (Vanilla),PR,1003,0.8214285714285714,0.2799188640973631,0.12416496872901917
Exp1: Baseline (Vanilla),PR,1004,0.8214285714285714,0.2804878048780488,0.12478449195623398
Exp1: Baseline (Vanilla),PR,1005,0.8214285714285714,0.28105906313645623,0.12493070214986801
Exp1: Baseline (Vanilla),PR,1006,0.8214285714285714,0.2816326530612245,0.1249973475933075
Exp1: Baseline (Vanilla),PR,1007,0.8154761904761905,0.28016359918200406,0.12548449635505676
Exp1: Baseline (Vanilla),PR,1008,0.8154761904761905,0.2807377049180328,0.1255643218755722
Exp1: Baseline (Vanilla),PR,1009,0.8095238095238095,0.2792607802874743,0.12571339309215546
Exp1: Baseline (Vanilla),PR,1010,0.8095238095238095,0.27983539094650206,0.12594641745090485
Exp1: Baseline (Vanilla),PR,1011,0.8095238095238095,0.2804123711340206,0.12615059316158295
Exp1: Baseline (Vanilla),PR,1012,0.8095238095238095,0.2809917355371901,0.12651997804641724
Exp1: Baseline (Vanilla),PR,1013,0.8095238095238095,0.2815734989648033,0.12663227319717407
Exp1: Baseline (Vanilla),PR,1014,0.8095238095238095,0.2821576763485477,0.12676207721233368
Exp1: Baseline (Vanilla),PR,1015,0.8095238095238095,0.28274428274428276,0.12679632008075714
Exp1: Baseline (Vanilla),PR,1016,0.8095238095238095,0.2833333333333333,0.12705086171627045
Exp1: Baseline (Vanilla),PR,1017,0.8095238095238095,0.2839248434237996,0.1271311193704605
Exp1: Baseline (Vanilla),PR,1018,0.8095238095238095,0.28451882845188287,0.1271989643573761
Exp1: Baseline (Vanilla),PR,1019,0.8095238095238095,0.2851153039832285,0.12740491330623627
Exp1: Baseline (Vanilla),PR,1020,0.8095238095238095,0.2857142857142857,0.12794643640518188
Exp1: Baseline (Vanilla),PR,1021,0.8095238095238095,0.2863157894736842,0.12837283313274384
Exp1: Baseline (Vanilla),PR,1022,0.8095238095238095,0.2869198312236287,0.12864044308662415
Exp1: Baseline (Vanilla),PR,1023,0.8095238095238095,0.28752642706131076,0.12894994020462036
Exp1: Baseline (Vanilla),PR,1024,0.8095238095238095,0.288135593220339,0.12902286648750305
Exp1: Baseline (Vanilla),PR,1025,0.8095238095238095,0.28874734607218683,0.1295996457338333
Exp1: Baseline (Vanilla),PR,1026,0.8095238095238095,0.28936170212765955,0.1297687292098999
Exp1: Baseline (Vanilla),PR,1027,0.8095238095238095,0.2899786780383795,0.13023307919502258
Exp1: Baseline (Vanilla),PR,1028,0.8095238095238095,0.2905982905982906,0.13030917942523956
Exp1: Baseline (Vanilla),PR,1029,0.8035714285714286,0.2890792291220557,0.13045261800289154
Exp1: Baseline (Vanilla),PR,1030,0.8035714285714286,0.28969957081545067,0.1305149644613266
Exp1: Baseline (Vanilla),PR,1031,0.7976190476190477,0.28817204301075267,0.13103637099266052
Exp1: Baseline (Vanilla),PR,1032,0.7976190476190477,0.28879310344827586,0.13122539222240448
Exp1: Baseline (Vanilla),PR,1033,0.7976190476190477,0.2894168466522678,0.131311297416687
Exp1: Baseline (Vanilla),PR,1034,0.7976190476190477,0.29004329004329005,0.13137997686862946
Exp1: Baseline (Vanilla),PR,1035,0.7976190476190477,0.29067245119305857,0.1314447522163391
Exp1: Baseline (Vanilla),PR,1036,0.7976190476190477,0.29130434782608694,0.13172340393066406
Exp1: Baseline (Vanilla),PR,1037,0.7976190476190477,0.29193899782135074,0.13176847994327545
Exp1: Baseline (Vanilla),PR,1038,0.7976190476190477,0.2925764192139738,0.13212287425994873
Exp1: Baseline (Vanilla),PR,1039,0.7976190476190477,0.29321663019693656,0.13215598464012146
Exp1: Baseline (Vanilla),PR,1040,0.7976190476190477,0.29385964912280704,0.13299307227134705
Exp1: Baseline (Vanilla),PR,1041,0.7976190476190477,0.2945054945054945,0.13316741585731506
Exp1: Baseline (Vanilla),PR,1042,0.7976190476190477,0.29515418502202645,0.13319237530231476
Exp1: Baseline (Vanilla),PR,1043,0.7976190476190477,0.2958057395143488,0.13323132693767548
Exp1: Baseline (Vanilla),PR,1044,0.7916666666666666,0.2942477876106195,0.13369880616664886
Exp1: Baseline (Vanilla),PR,1045,0.7916666666666666,0.29490022172949004,0.13378293812274933
Exp1: Baseline (Vanilla),PR,1046,0.7916666666666666,0.29555555555555557,0.13406048715114594
Exp1: Baseline (Vanilla),PR,1047,0.7916666666666666,0.2962138084632517,0.1342872828245163
Exp1: Baseline (Vanilla),PR,1048,0.7916666666666666,0.296875,0.134579598903656
Exp1: Baseline (Vanilla),PR,1049,0.7916666666666666,0.2975391498881432,0.13460102677345276
Exp1: Baseline (Vanilla),PR,1050,0.7916666666666666,0.2982062780269058,0.13460767269134521
Exp1: Baseline (Vanilla),PR,1051,0.7857142857142857,0.2966292134831461,0.1346268504858017
Exp1: Baseline (Vanilla),PR,1052,0.7857142857142857,0.2972972972972973,0.13469772040843964
Exp1: Baseline (Vanilla),PR,1053,0.7857142857142857,0.2979683972911964,0.13526467978954315
Exp1: Baseline (Vanilla),PR,1054,0.7857142857142857,0.2986425339366516,0.1352667361497879
Exp1: Baseline (Vanilla),PR,1055,0.7857142857142857,0.29931972789115646,0.13544361293315887
Exp1: Baseline (Vanilla),PR,1056,0.7857142857142857,0.3,0.13564082980155945
Exp1: Baseline (Vanilla),PR,1057,0.7857142857142857,0.30068337129840544,0.13680513203144073
Exp1: Baseline (Vanilla),PR,1058,0.7857142857142857,0.3013698630136986,0.13698337972164154
Exp1: Baseline (Vanilla),PR,1059,0.7857142857142857,0.30205949656750575,0.13712164759635925
Exp1: Baseline (Vanilla),PR,1060,0.7857142857142857,0.30275229357798167,0.1373232752084732
Exp1: Baseline (Vanilla),PR,1061,0.7857142857142857,0.30344827586206896,0.13732878863811493
Exp1: Baseline (Vanilla),PR,1062,0.7857142857142857,0.30414746543778803,0.13735978305339813
Exp1: Baseline (Vanilla),PR,1063,0.7857142857142857,0.30484988452655887,0.1376512050628662
Exp1: Baseline (Vanilla),PR,1064,0.7857142857142857,0.3055555555555556,0.13792987167835236
Exp1: Baseline (Vanilla),PR,1065,0.7857142857142857,0.3062645011600928,0.13799282908439636
Exp1: Baseline (Vanilla),PR,1066,0.7857142857142857,0.30697674418604654,0.13833306729793549
Exp1: Baseline (Vanilla),PR,1067,0.7857142857142857,0.3076923076923077,0.13837459683418274
Exp1: Baseline (Vanilla),PR,1068,0.7857142857142857,0.308411214953271,0.1386474370956421
Exp1: Baseline (Vanilla),PR,1069,0.7857142857142857,0.3091334894613583,0.13890589773654938
Exp1: Baseline (Vanilla),PR,1070,0.7857142857142857,0.30985915492957744,0.13923144340515137
Exp1: Baseline (Vanilla),PR,1071,0.7857142857142857,0.31058823529411766,0.1395123451948166
Exp1: Baseline (Vanilla),PR,1072,0.7857142857142857,0.3113207547169811,0.13955557346343994
Exp1: Baseline (Vanilla),PR,1073,0.7857142857142857,0.3120567375886525,0.13965709507465363
Exp1: Baseline (Vanilla),PR,1074,0.7797619047619048,0.3104265402843602,0.14016598463058472
Exp1: Baseline (Vanilla),PR,1075,0.7797619047619048,0.31116389548693585,0.1402968466281891
Exp1: Baseline (Vanilla),PR,1076,0.7797619047619048,0.3119047619047619,0.14036908745765686
Exp1: Baseline (Vanilla),PR,1077,0.7797619047619048,0.3126491646778043,0.14059863984584808
Exp1: Baseline (Vanilla),PR,1078,0.7738095238095238,0.31100478468899523,0.14091511070728302
Exp1: Baseline (Vanilla),PR,1079,0.7738095238095238,0.3117505995203837,0.14117829501628876
Exp1: Baseline (Vanilla),PR,1080,0.7738095238095238,0.3125,0.14136002957820892
Exp1: Baseline (Vanilla),PR,1081,0.7738095238095238,0.3132530120481928,0.14186590909957886
Exp1: Baseline (Vanilla),PR,1082,0.7738095238095238,0.3140096618357488,0.14214734733104706
Exp1: Baseline (Vanilla),PR,1083,0.7678571428571429,0.31234866828087166,0.1422518789768219
Exp1: Baseline (Vanilla),PR,1084,0.7678571428571429,0.3131067961165049,0.14245383441448212
Exp1: Baseline (Vanilla),PR,1085,0.7678571428571429,0.31386861313868614,0.1427394151687622
Exp1: Baseline (Vanilla),PR,1086,0.7678571428571429,0.3146341463414634,0.14287841320037842
Exp1: Baseline (Vanilla),PR,1087,0.7678571428571429,0.3154034229828851,0.14305764436721802
Exp1: Baseline (Vanilla),PR,1088,0.7678571428571429,0.3161764705882353,0.1430836170911789
Exp1: Baseline (Vanilla),PR,1089,0.7678571428571429,0.31695331695331697,0.1436578929424286
Exp1: Baseline (Vanilla),PR,1090,0.7678571428571429,0.31773399014778325,0.1437753438949585
Exp1: Baseline (Vanilla),PR,1091,0.7678571428571429,0.31851851851851853,0.14389970898628235
Exp1: Baseline (Vanilla),PR,1092,0.7678571428571429,0.3193069306930693,0.1439700722694397
Exp1: Baseline (Vanilla),PR,1093,0.7678571428571429,0.3200992555831266,0.14400337636470795
Exp1: Baseline (Vanilla),PR,1094,0.7678571428571429,0.3208955223880597,0.14403359591960907
Exp1: Baseline (Vanilla),PR,1095,0.7678571428571429,0.32169576059850374,0.14434196054935455
Exp1: Baseline (Vanilla),PR,1096,0.7678571428571429,0.3225,0.1447698175907135
Exp1: Baseline (Vanilla),PR,1097,0.7678571428571429,0.3233082706766917,0.1450653076171875
Exp1: Baseline (Vanilla),PR,1098,0.7678571428571429,0.3241206030150754,0.145740807056427
Exp1: Baseline (Vanilla),PR,1099,0.7619047619047619,0.3224181360201511,0.14637942612171173
Exp1: Baseline (Vanilla),PR,1100,0.7619047619047619,0.32323232323232326,0.14677590131759644
Exp1: Baseline (Vanilla),PR,1101,0.7619047619047619,0.3240506329113924,0.14688916504383087
Exp1: Baseline (Vanilla),PR,1102,0.7559523809523809,0.3223350253807107,0.14689713716506958
Exp1: Baseline (Vanilla),PR,1103,0.7559523809523809,0.3231552162849873,0.1472739428281784
Exp1: Baseline (Vanilla),PR,1104,0.75,0.32142857142857145,0.1474599689245224
Exp1: Baseline (Vanilla),PR,1105,0.75,0.32225063938618925,0.14819717407226562
Exp1: Baseline (Vanilla),PR,1106,0.75,0.3230769230769231,0.14851324260234833
Exp1: Baseline (Vanilla),PR,1107,0.75,0.32390745501285345,0.14896813035011292
Exp1: Baseline (Vanilla),PR,1108,0.75,0.3247422680412371,0.1490652859210968
Exp1: Baseline (Vanilla),PR,1109,0.75,0.32558139534883723,0.14931176602840424
Exp1: Baseline (Vanilla),PR,1110,0.75,0.32642487046632124,0.14961284399032593
Exp1: Baseline (Vanilla),PR,1111,0.75,0.32727272727272727,0.14966115355491638
Exp1: Baseline (Vanilla),PR,1112,0.75,0.328125,0.15161003172397614
Exp1: Baseline (Vanilla),PR,1113,0.75,0.3289817232375979,0.1516139954328537
Exp1: Baseline (Vanilla),PR,1114,0.7440476190476191,0.32722513089005234,0.15279527008533478
Exp1: Baseline (Vanilla),PR,1115,0.7440476190476191,0.32808398950131235,0.1533271223306656
Exp1: Baseline (Vanilla),PR,1116,0.7440476190476191,0.32894736842105265,0.15340973436832428
Exp1: Baseline (Vanilla),PR,1117,0.7440476190476191,0.32981530343007914,0.15345336496829987
Exp1: Baseline (Vanilla),PR,1118,0.7440476190476191,0.3306878306878307,0.15349628031253815
Exp1: Baseline (Vanilla),PR,1119,0.7440476190476191,0.33156498673740054,0.15361237525939941
Exp1: Baseline (Vanilla),PR,1120,0.7440476190476191,0.3324468085106383,0.15362796187400818
Exp1: Baseline (Vanilla),PR,1121,0.7440476190476191,0.3333333333333333,0.1541854441165924
Exp1: Baseline (Vanilla),PR,1122,0.7380952380952381,0.3315508021390374,0.1550820916891098
Exp1: Baseline (Vanilla),PR,1123,0.7380952380952381,0.3324396782841823,0.1551797091960907
Exp1: Baseline (Vanilla),PR,1124,0.7321428571428571,0.33064516129032256,0.15529803931713104
Exp1: Baseline (Vanilla),PR,1125,0.7321428571428571,0.33153638814016173,0.1554585099220276
Exp1: Baseline (Vanilla),PR,1126,0.7321428571428571,0.3324324324324324,0.1555180698633194
Exp1: Baseline (Vanilla),PR,1127,0.7321428571428571,0.3333333333333333,0.15596289932727814
Exp1: Baseline (Vanilla),PR,1128,0.7261904761904762,0.33152173913043476,0.15601958334445953
Exp1: Baseline (Vanilla),PR,1129,0.7261904761904762,0.33242506811989103,0.15661437809467316
Exp1: Baseline (Vanilla),PR,1130,0.7261904761904762,0.3333333333333333,0.1568969488143921
Exp1: Baseline (Vanilla),PR,1131,0.7261904761904762,0.33424657534246577,0.15698419511318207
Exp1: Baseline (Vanilla),PR,1132,0.7261904761904762,0.33516483516483514,0.15726728737354279
Exp1: Baseline (Vanilla),PR,1133,0.7202380952380952,0.3333333333333333,0.15761610865592957
Exp1: Baseline (Vanilla),PR,1134,0.7202380952380952,0.3342541436464088,0.1577014923095703
Exp1: Baseline (Vanilla),PR,1135,0.7142857142857143,0.33240997229916897,0.15824687480926514
Exp1: Baseline (Vanilla),PR,1136,0.7142857142857143,0.3333333333333333,0.1587219387292862
Exp1: Baseline (Vanilla),PR,1137,0.7142857142857143,0.3342618384401114,0.15916024148464203
Exp1: Baseline (Vanilla),PR,1138,0.7142857142857143,0.33519553072625696,0.15930385887622833
Exp1: Baseline (Vanilla),PR,1139,0.7083333333333334,0.3333333333333333,0.1600383073091507
Exp1: Baseline (Vanilla),PR,1140,0.7083333333333334,0.3342696629213483,0.1601085513830185
Exp1: Baseline (Vanilla),PR,1141,0.7083333333333334,0.3352112676056338,0.16022424399852753
Exp1: Baseline (Vanilla),PR,1142,0.7083333333333334,0.3361581920903955,0.16028042137622833
Exp1: Baseline (Vanilla),PR,1143,0.7083333333333334,0.3371104815864023,0.16029101610183716
Exp1: Baseline (Vanilla),PR,1144,0.7083333333333334,0.3380681818181818,0.16037853062152863
Exp1: Baseline (Vanilla),PR,1145,0.7083333333333334,0.33903133903133903,0.16048957407474518
Exp1: Baseline (Vanilla),PR,1146,0.7083333333333334,0.34,0.16100721061229706
Exp1: Baseline (Vanilla),PR,1147,0.7083333333333334,0.34097421203438394,0.16105292737483978
Exp1: Baseline (Vanilla),PR,1148,0.7083333333333334,0.34195402298850575,0.16135814785957336
Exp1: Baseline (Vanilla),PR,1149,0.7023809523809523,0.3400576368876081,0.16171181201934814
Exp1: Baseline (Vanilla),PR,1150,0.7023809523809523,0.34104046242774566,0.16186963021755219
Exp1: Baseline (Vanilla),PR,1151,0.6964285714285714,0.3391304347826087,0.16204208135604858
Exp1: Baseline (Vanilla),PR,1152,0.6964285714285714,0.34011627906976744,0.16206523776054382
Exp1: Baseline (Vanilla),PR,1153,0.6964285714285714,0.34110787172011664,0.16254305839538574
Exp1: Baseline (Vanilla),PR,1154,0.6964285714285714,0.34210526315789475,0.16256898641586304
Exp1: Baseline (Vanilla),PR,1155,0.6904761904761905,0.34017595307917886,0.16297242045402527
Exp1: Baseline (Vanilla),PR,1156,0.6904761904761905,0.3411764705882353,0.16320599615573883
Exp1: Baseline (Vanilla),PR,1157,0.6904761904761905,0.3421828908554572,0.16421669721603394
Exp1: Baseline (Vanilla),PR,1158,0.6904761904761905,0.3431952662721893,0.16468589007854462
Exp1: Baseline (Vanilla),PR,1159,0.6904761904761905,0.34421364985163205,0.16505257785320282
Exp1: Baseline (Vanilla),PR,1160,0.6904761904761905,0.34523809523809523,0.16527244448661804
Exp1: Baseline (Vanilla),PR,1161,0.6904761904761905,0.34626865671641793,0.1653660386800766
Exp1: Baseline (Vanilla),PR,1162,0.6904761904761905,0.3473053892215569,0.16586366295814514
Exp1: Baseline (Vanilla),PR,1163,0.6904761904761905,0.3483483483483483,0.16595454514026642
Exp1: Baseline (Vanilla),PR,1164,0.6904761904761905,0.3493975903614458,0.16610802710056305
Exp1: Baseline (Vanilla),PR,1165,0.6845238095238095,0.3474320241691843,0.16611358523368835
Exp1: Baseline (Vanilla),PR,1166,0.6785714285714286,0.34545454545454546,0.16739521920681
Exp1: Baseline (Vanilla),PR,1167,0.6785714285714286,0.3465045592705167,0.16777601838111877
Exp1: Baseline (Vanilla),PR,1168,0.6785714285714286,0.3475609756097561,0.16820041835308075
Exp1: Baseline (Vanilla),PR,1169,0.6785714285714286,0.3486238532110092,0.16887974739074707
Exp1: Baseline (Vanilla),PR,1170,0.6726190476190477,0.34662576687116564,0.1693698912858963
Exp1: Baseline (Vanilla),PR,1171,0.6726190476190477,0.3476923076923077,0.1697079986333847
Exp1: Baseline (Vanilla),PR,1172,0.6666666666666666,0.345679012345679,0.16981713473796844
Exp1: Baseline (Vanilla),PR,1173,0.6607142857142857,0.34365325077399383,0.17039300501346588
Exp1: Baseline (Vanilla),PR,1174,0.6607142857142857,0.3447204968944099,0.17042620480060577
Exp1: Baseline (Vanilla),PR,1175,0.6607142857142857,0.34579439252336447,0.17050139605998993
Exp1: Baseline (Vanilla),PR,1176,0.6607142857142857,0.346875,0.17065589129924774
Exp1: Baseline (Vanilla),PR,1177,0.6607142857142857,0.34796238244514105,0.17084208130836487
Exp1: Baseline (Vanilla),PR,1178,0.6607142857142857,0.3490566037735849,0.1713000386953354
Exp1: Baseline (Vanilla),PR,1179,0.6607142857142857,0.3501577287066246,0.17171575129032135
Exp1: Baseline (Vanilla),PR,1180,0.6607142857142857,0.3512658227848101,0.17215652763843536
Exp1: Baseline (Vanilla),PR,1181,0.6607142857142857,0.3523809523809524,0.17247213423252106
Exp1: Baseline (Vanilla),PR,1182,0.6607142857142857,0.3535031847133758,0.17286841571331024
Exp1: Baseline (Vanilla),PR,1183,0.6547619047619048,0.3514376996805112,0.17348934710025787
Exp1: Baseline (Vanilla),PR,1184,0.6547619047619048,0.3525641025641026,0.1749146729707718
Exp1: Baseline (Vanilla),PR,1185,0.6547619047619048,0.3536977491961415,0.17593573033809662
Exp1: Baseline (Vanilla),PR,1186,0.6547619047619048,0.3548387096774194,0.17655198276042938
Exp1: Baseline (Vanilla),PR,1187,0.6547619047619048,0.3559870550161812,0.17677302658557892
Exp1: Baseline (Vanilla),PR,1188,0.6547619047619048,0.35714285714285715,0.17851172387599945
Exp1: Baseline (Vanilla),PR,1189,0.6547619047619048,0.3583061889250814,0.17854489386081696
Exp1: Baseline (Vanilla),PR,1190,0.6547619047619048,0.35947712418300654,0.178856760263443
Exp1: Baseline (Vanilla),PR,1191,0.6488095238095238,0.35737704918032787,0.17902544140815735
Exp1: Baseline (Vanilla),PR,1192,0.6488095238095238,0.35855263157894735,0.17946778237819672
Exp1: Baseline (Vanilla),PR,1193,0.6488095238095238,0.35973597359735976,0.18037647008895874
Exp1: Baseline (Vanilla),PR,1194,0.6488095238095238,0.3609271523178808,0.18063724040985107
Exp1: Baseline (Vanilla),PR,1195,0.6488095238095238,0.36212624584717606,0.18301239609718323
Exp1: Baseline (Vanilla),PR,1196,0.6488095238095238,0.36333333333333334,0.18327303230762482
Exp1: Baseline (Vanilla),PR,1197,0.6488095238095238,0.36454849498327757,0.18372292816638947
Exp1: Baseline (Vanilla),PR,1198,0.6428571428571429,0.3624161073825503,0.183962881565094
Exp1: Baseline (Vanilla),PR,1199,0.6428571428571429,0.36363636363636365,0.1841793805360794
Exp1: Baseline (Vanilla),PR,1200,0.6428571428571429,0.36486486486486486,0.1845899373292923
Exp1: Baseline (Vanilla),PR,1201,0.6369047619047619,0.36271186440677966,0.1850513517856598
Exp1: Baseline (Vanilla),PR,1202,0.6309523809523809,0.36054421768707484,0.18513652682304382
Exp1: Baseline (Vanilla),PR,1203,0.6309523809523809,0.36177474402730375,0.18602095544338226
Exp1: Baseline (Vanilla),PR,1204,0.6309523809523809,0.363013698630137,0.18656644225120544
Exp1: Baseline (Vanilla),PR,1205,0.6309523809523809,0.3642611683848797,0.18664149940013885
Exp1: Baseline (Vanilla),PR,1206,0.6309523809523809,0.36551724137931035,0.18672019243240356
Exp1: Baseline (Vanilla),PR,1207,0.6309523809523809,0.36678200692041524,0.18710291385650635
Exp1: Baseline (Vanilla),PR,1208,0.625,0.3645833333333333,0.1872742623090744
Exp1: Baseline (Vanilla),PR,1209,0.625,0.36585365853658536,0.18795336782932281
Exp1: Baseline (Vanilla),PR,1210,0.625,0.36713286713286714,0.1880376636981964
Exp1: Baseline (Vanilla),PR,1211,0.625,0.3684210526315789,0.1880611926317215
Exp1: Baseline (Vanilla),PR,1212,0.625,0.36971830985915494,0.18968088924884796
Exp1: Baseline (Vanilla),PR,1213,0.625,0.3710247349823322,0.18970300257205963
Exp1: Baseline (Vanilla),PR,1214,0.6190476190476191,0.36879432624113473,0.19008563458919525
Exp1: Baseline (Vanilla),PR,1215,0.6130952380952381,0.3665480427046263,0.19083501398563385
Exp1: Baseline (Vanilla),PR,1216,0.6130952380952381,0.3678571428571429,0.19140060245990753
Exp1: Baseline (Vanilla),PR,1217,0.6130952380952381,0.36917562724014336,0.1923249512910843
Exp1: Baseline (Vanilla),PR,1218,0.6130952380952381,0.37050359712230213,0.19273792207241058
Exp1: Baseline (Vanilla),PR,1219,0.6130952380952381,0.37184115523465705,0.1928153783082962
Exp1: Baseline (Vanilla),PR,1220,0.6130952380952381,0.37318840579710144,0.19343192875385284
Exp1: Baseline (Vanilla),PR,1221,0.6071428571428571,0.3709090909090909,0.19344985485076904
Exp1: Baseline (Vanilla),PR,1222,0.6011904761904762,0.3686131386861314,0.19435036182403564
Exp1: Baseline (Vanilla),PR,1223,0.6011904761904762,0.36996336996337,0.19518114626407623
Exp1: Baseline (Vanilla),PR,1224,0.6011904761904762,0.3713235294117647,0.19567200541496277
Exp1: Baseline (Vanilla),PR,1225,0.6011904761904762,0.3726937269372694,0.19599780440330505
Exp1: Baseline (Vanilla),PR,1226,0.5952380952380952,0.37037037037037035,0.19659414887428284
Exp1: Baseline (Vanilla),PR,1227,0.5892857142857143,0.3680297397769517,0.19691060483455658
Exp1: Baseline (Vanilla),PR,1228,0.5892857142857143,0.3694029850746269,0.1979345977306366
Exp1: Baseline (Vanilla),PR,1229,0.5892857142857143,0.3707865168539326,0.19800633192062378
Exp1: Baseline (Vanilla),PR,1230,0.5892857142857143,0.37218045112781956,0.1980118453502655
Exp1: Baseline (Vanilla),PR,1231,0.5892857142857143,0.37358490566037733,0.19810722768306732
Exp1: Baseline (Vanilla),PR,1232,0.5892857142857143,0.375,0.19814085960388184
Exp1: Baseline (Vanilla),PR,1233,0.5892857142857143,0.376425855513308,0.19819344580173492
Exp1: Baseline (Vanilla),PR,1234,0.5833333333333334,0.37404580152671757,0.19829168915748596
Exp1: Baseline (Vanilla),PR,1235,0.5833333333333334,0.37547892720306514,0.1984502375125885
Exp1: Baseline (Vanilla),PR,1236,0.5833333333333334,0.3769230769230769,0.1984790712594986
Exp1: Baseline (Vanilla),PR,1237,0.5833333333333334,0.3783783783783784,0.19849544763565063
Exp1: Baseline (Vanilla),PR,1238,0.5833333333333334,0.3798449612403101,0.19870279729366302
Exp1: Baseline (Vanilla),PR,1239,0.5773809523809523,0.377431906614786,0.19906125962734222
Exp1: Baseline (Vanilla),PR,1240,0.5773809523809523,0.37890625,0.20060203969478607
Exp1: Baseline (Vanilla),PR,1241,0.5773809523809523,0.3803921568627451,0.20143266022205353
Exp1: Baseline (Vanilla),PR,1242,0.5773809523809523,0.38188976377952755,0.20157654583454132
Exp1: Baseline (Vanilla),PR,1243,0.5714285714285714,0.3794466403162055,0.20165352523326874
Exp1: Baseline (Vanilla),PR,1244,0.5714285714285714,0.38095238095238093,0.20192912220954895
Exp1: Baseline (Vanilla),PR,1245,0.5714285714285714,0.38247011952191234,0.20280061662197113
Exp1: Baseline (Vanilla),PR,1246,0.5714285714285714,0.384,0.20443904399871826
Exp1: Baseline (Vanilla),PR,1247,0.5714285714285714,0.3855421686746988,0.20462961494922638
Exp1: Baseline (Vanilla),PR,1248,0.5714285714285714,0.3870967741935484,0.20507115125656128
Exp1: Baseline (Vanilla),PR,1249,0.5714285714285714,0.38866396761133604,0.20513688027858734
Exp1: Baseline (Vanilla),PR,1250,0.5714285714285714,0.3902439024390244,0.2052091807126999
Exp1: Baseline (Vanilla),PR,1251,0.5654761904761905,0.3877551020408163,0.20561742782592773
Exp1: Baseline (Vanilla),PR,1252,0.5654761904761905,0.38934426229508196,0.20647847652435303
Exp1: Baseline (Vanilla),PR,1253,0.5654761904761905,0.39094650205761317,0.20667871832847595
Exp1: Baseline (Vanilla),PR,1254,0.5654761904761905,0.3925619834710744,0.20753034949302673
Exp1: Baseline (Vanilla),PR,1255,0.5654761904761905,0.3941908713692946,0.2075856328010559
Exp1: Baseline (Vanilla),PR,1256,0.5595238095238095,0.39166666666666666,0.20792967081069946
Exp1: Baseline (Vanilla),PR,1257,0.5595238095238095,0.39330543933054396,0.20815159380435944
Exp1: Baseline (Vanilla),PR,1258,0.5595238095238095,0.3949579831932773,0.2087409794330597
Exp1: Baseline (Vanilla),PR,1259,0.5595238095238095,0.39662447257383965,0.20879438519477844
Exp1: Baseline (Vanilla),PR,1260,0.5595238095238095,0.3983050847457627,0.20919279754161835
Exp1: Baseline (Vanilla),PR,1261,0.5535714285714286,0.39574468085106385,0.2093227505683899
Exp1: Baseline (Vanilla),PR,1262,0.5535714285714286,0.3974358974358974,0.20958653092384338
Exp1: Baseline (Vanilla),PR,1263,0.5535714285714286,0.39914163090128757,0.2098199427127838
Exp1: Baseline (Vanilla),PR,1264,0.5535714285714286,0.40086206896551724,0.2099427729845047
Exp1: Baseline (Vanilla),PR,1265,0.5535714285714286,0.4025974025974026,0.21003878116607666
Exp1: Baseline (Vanilla),PR,1266,0.5535714285714286,0.4043478260869565,0.21012595295906067
Exp1: Baseline (Vanilla),PR,1267,0.5535714285714286,0.40611353711790393,0.21059392392635345
Exp1: Baseline (Vanilla),PR,1268,0.5535714285714286,0.40789473684210525,0.21080918610095978
Exp1: Baseline (Vanilla),PR,1269,0.5535714285714286,0.40969162995594716,0.21104976534843445
Exp1: Baseline (Vanilla),PR,1270,0.5535714285714286,0.41150442477876104,0.21122711896896362
Exp1: Baseline (Vanilla),PR,1271,0.5535714285714286,0.41333333333333333,0.21230757236480713
Exp1: Baseline (Vanilla),PR,1272,0.5535714285714286,0.41517857142857145,0.21235902607440948
Exp1: Baseline (Vanilla),PR,1273,0.5535714285714286,0.4170403587443946,0.21291501820087433
Exp1: Baseline (Vanilla),PR,1274,0.5476190476190477,0.4144144144144144,0.21381372213363647
Exp1: Baseline (Vanilla),PR,1275,0.5476190476190477,0.416289592760181,0.2147381752729416
Exp1: Baseline (Vanilla),PR,1276,0.5476190476190477,0.41818181818181815,0.2152189314365387
Exp1: Baseline (Vanilla),PR,1277,0.5476190476190477,0.4200913242009132,0.2153446078300476
Exp1: Baseline (Vanilla),PR,1278,0.5416666666666666,0.41743119266055045,0.21559090912342072
Exp1: Baseline (Vanilla),PR,1279,0.5357142857142857,0.4147465437788018,0.2160804718732834
Exp1: Baseline (Vanilla),PR,1280,0.5297619047619048,0.41203703703703703,0.21689972281455994
Exp1: Baseline (Vanilla),PR,1281,0.5297619047619048,0.413953488372093,0.21722635626792908
Exp1: Baseline (Vanilla),PR,1282,0.5297619047619048,0.4158878504672897,0.2179516702890396
Exp1: Baseline (Vanilla),PR,1283,0.5297619047619048,0.41784037558685444,0.21846508979797363
Exp1: Baseline (Vanilla),PR,1284,0.5297619047619048,0.419811320754717,0.2196408063173294
Exp1: Baseline (Vanilla),PR,1285,0.5297619047619048,0.4218009478672986,0.22030788660049438
Exp1: Baseline (Vanilla),PR,1286,0.5297619047619048,0.4238095238095238,0.22107748687267303
Exp1: Baseline (Vanilla),PR,1287,0.5297619047619048,0.4258373205741627,0.22145774960517883
Exp1: Baseline (Vanilla),PR,1288,0.5297619047619048,0.42788461538461536,0.22232994437217712
Exp1: Baseline (Vanilla),PR,1289,0.5238095238095238,0.4251207729468599,0.2227722853422165
Exp1: Baseline (Vanilla),PR,1290,0.5238095238095238,0.42718446601941745,0.2242213934659958
Exp1: Baseline (Vanilla),PR,1291,0.5178571428571429,0.424390243902439,0.22502662241458893
Exp1: Baseline (Vanilla),PR,1292,0.5119047619047619,0.4215686274509804,0.22507953643798828
Exp1: Baseline (Vanilla),PR,1293,0.5119047619047619,0.4236453201970443,0.22526763379573822
Exp1: Baseline (Vanilla),PR,1294,0.5059523809523809,0.4207920792079208,0.22576554119586945
Exp1: Baseline (Vanilla),PR,1295,0.5059523809523809,0.4228855721393035,0.2259630709886551
Exp1: Baseline (Vanilla),PR,1296,0.5059523809523809,0.425,0.22599409520626068
Exp1: Baseline (Vanilla),PR,1297,0.5,0.4221105527638191,0.2261705845594406
Exp1: Baseline (Vanilla),PR,1298,0.5,0.42424242424242425,0.22661182284355164
Exp1: Baseline (Vanilla),PR,1299,0.5,0.4263959390862944,0.2270641028881073
Exp1: Baseline (Vanilla),PR,1300,0.5,0.42857142857142855,0.22885821759700775
Exp1: Baseline (Vanilla),PR,1301,0.5,0.4307692307692308,0.229715034365654
Exp1: Baseline (Vanilla),PR,1302,0.5,0.4329896907216495,0.2297186255455017
Exp1: Baseline (Vanilla),PR,1303,0.5,0.43523316062176165,0.22976012527942657
Exp1: Baseline (Vanilla),PR,1304,0.49404761904761907,0.4322916666666667,0.23104378581047058
Exp1: Baseline (Vanilla),PR,1305,0.4880952380952381,0.4293193717277487,0.23193171620368958
Exp1: Baseline (Vanilla),PR,1306,0.4880952380952381,0.43157894736842106,0.2356322854757309
Exp1: Baseline (Vanilla),PR,1307,0.4880952380952381,0.43386243386243384,0.23673617839813232
Exp1: Baseline (Vanilla),PR,1308,0.48214285714285715,0.4308510638297872,0.2370845079421997
Exp1: Baseline (Vanilla),PR,1309,0.48214285714285715,0.43315508021390375,0.23728729784488678
Exp1: Baseline (Vanilla),PR,1310,0.48214285714285715,0.43548387096774194,0.23874203860759735
Exp1: Baseline (Vanilla),PR,1311,0.48214285714285715,0.43783783783783786,0.2393026202917099
Exp1: Baseline (Vanilla),PR,1312,0.48214285714285715,0.44021739130434784,0.23958909511566162
Exp1: Baseline (Vanilla),PR,1313,0.48214285714285715,0.4426229508196721,0.23974065482616425
Exp1: Baseline (Vanilla),PR,1314,0.48214285714285715,0.44505494505494503,0.23976744711399078
Exp1: Baseline (Vanilla),PR,1315,0.47619047619047616,0.4419889502762431,0.24001944065093994
Exp1: Baseline (Vanilla),PR,1316,0.47619047619047616,0.4444444444444444,0.24124650657176971
Exp1: Baseline (Vanilla),PR,1317,0.47619047619047616,0.44692737430167595,0.2415388822555542
Exp1: Baseline (Vanilla),PR,1318,0.47023809523809523,0.4438202247191011,0.24181075394153595
Exp1: Baseline (Vanilla),PR,1319,0.47023809523809523,0.4463276836158192,0.24185577034950256
Exp1: Baseline (Vanilla),PR,1320,0.47023809523809523,0.44886363636363635,0.24405188858509064
Exp1: Baseline (Vanilla),PR,1321,0.47023809523809523,0.4514285714285714,0.24414925277233124
Exp1: Baseline (Vanilla),PR,1322,0.47023809523809523,0.4540229885057471,0.24545912444591522
Exp1: Baseline (Vanilla),PR,1323,0.4642857142857143,0.4508670520231214,0.24797691404819489
Exp1: Baseline (Vanilla),PR,1324,0.4583333333333333,0.4476744186046512,0.2490757256746292
Exp1: Baseline (Vanilla),PR,1325,0.4583333333333333,0.4502923976608187,0.2503242492675781
Exp1: Baseline (Vanilla),PR,1326,0.4583333333333333,0.45294117647058824,0.25105640292167664
Exp1: Baseline (Vanilla),PR,1327,0.4583333333333333,0.4556213017751479,0.25114861130714417
Exp1: Baseline (Vanilla),PR,1328,0.4583333333333333,0.4583333333333333,0.25121045112609863
Exp1: Baseline (Vanilla),PR,1329,0.4583333333333333,0.46107784431137727,0.25122544169425964
Exp1: Baseline (Vanilla),PR,1330,0.4583333333333333,0.463855421686747,0.2513095438480377
Exp1: Baseline (Vanilla),PR,1331,0.4523809523809524,0.46060606060606063,0.2516346275806427
Exp1: Baseline (Vanilla),PR,1332,0.44642857142857145,0.4573170731707317,0.25247544050216675
Exp1: Baseline (Vanilla),PR,1333,0.44047619047619047,0.4539877300613497,0.2527792155742645
Exp1: Baseline (Vanilla),PR,1334,0.44047619047619047,0.4567901234567901,0.253706157207489
Exp1: Baseline (Vanilla),PR,1335,0.44047619047619047,0.45962732919254656,0.2538512945175171
Exp1: Baseline (Vanilla),PR,1336,0.44047619047619047,0.4625,0.254871666431427
Exp1: Baseline (Vanilla),PR,1337,0.43452380952380953,0.4591194968553459,0.2565462291240692
Exp1: Baseline (Vanilla),PR,1338,0.42857142857142855,0.45569620253164556,0.25751930475234985
Exp1: Baseline (Vanilla),PR,1339,0.42857142857142855,0.4585987261146497,0.2580208480358124
Exp1: Baseline (Vanilla),PR,1340,0.42857142857142855,0.46153846153846156,0.25821760296821594
Exp1: Baseline (Vanilla),PR,1341,0.42857142857142855,0.4645161290322581,0.258563756942749
Exp1: Baseline (Vanilla),PR,1342,0.42857142857142855,0.4675324675324675,0.2587031424045563
Exp1: Baseline (Vanilla),PR,1343,0.42857142857142855,0.47058823529411764,0.2590429186820984
Exp1: Baseline (Vanilla),PR,1344,0.42857142857142855,0.47368421052631576,0.2599146366119385
Exp1: Baseline (Vanilla),PR,1345,0.4226190476190476,0.47019867549668876,0.26029059290885925
Exp1: Baseline (Vanilla),PR,1346,0.4226190476190476,0.47333333333333333,0.2607865631580353
Exp1: Baseline (Vanilla),PR,1347,0.4226190476190476,0.47651006711409394,0.26084914803504944
Exp1: Baseline (Vanilla),PR,1348,0.4166666666666667,0.47297297297297297,0.2610863149166107
Exp1: Baseline (Vanilla),PR,1349,0.4166666666666667,0.47619047619047616,0.2625420093536377
Exp1: Baseline (Vanilla),PR,1350,0.4166666666666667,0.4794520547945205,0.2628275156021118
Exp1: Baseline (Vanilla),PR,1351,0.4166666666666667,0.4827586206896552,0.26355427503585815
Exp1: Baseline (Vanilla),PR,1352,0.4166666666666667,0.4861111111111111,0.2638464570045471
Exp1: Baseline (Vanilla),PR,1353,0.4166666666666667,0.48951048951048953,0.26449277997016907
Exp1: Baseline (Vanilla),PR,1354,0.4166666666666667,0.49295774647887325,0.2650549113750458
Exp1: Baseline (Vanilla),PR,1355,0.4166666666666667,0.49645390070921985,0.26519498229026794
Exp1: Baseline (Vanilla),PR,1356,0.4166666666666667,0.5,0.26621702313423157
Exp1: Baseline (Vanilla),PR,1357,0.4166666666666667,0.5035971223021583,0.26650676131248474
Exp1: Baseline (Vanilla),PR,1358,0.4107142857142857,0.5,0.2672940194606781
Exp1: Baseline (Vanilla),PR,1359,0.40476190476190477,0.49635036496350365,0.2677443027496338
Exp1: Baseline (Vanilla),PR,1360,0.40476190476190477,0.5,0.26796138286590576
Exp1: Baseline (Vanilla),PR,1361,0.40476190476190477,0.5037037037037037,0.27009710669517517
Exp1: Baseline (Vanilla),PR,1362,0.39880952380952384,0.5,0.2702154517173767
Exp1: Baseline (Vanilla),PR,1363,0.39880952380952384,0.5037593984962406,0.27197593450546265
Exp1: Baseline (Vanilla),PR,1364,0.39285714285714285,0.5,0.2729896903038025
Exp1: Baseline (Vanilla),PR,1365,0.39285714285714285,0.5038167938931297,0.27399003505706787
Exp1: Baseline (Vanilla),PR,1366,0.39285714285714285,0.5076923076923077,0.2746782600879669
Exp1: Baseline (Vanilla),PR,1367,0.39285714285714285,0.5116279069767442,0.2749482989311218
Exp1: Baseline (Vanilla),PR,1368,0.39285714285714285,0.515625,0.2757538855075836
Exp1: Baseline (Vanilla),PR,1369,0.39285714285714285,0.5196850393700787,0.2760990262031555
Exp1: Baseline (Vanilla),PR,1370,0.39285714285714285,0.5238095238095238,0.2766469717025757
Exp1: Baseline (Vanilla),PR,1371,0.39285714285714285,0.528,0.2770325839519501
Exp1: Baseline (Vanilla),PR,1372,0.39285714285714285,0.532258064516129,0.27717718482017517
Exp1: Baseline (Vanilla),PR,1373,0.39285714285714285,0.5365853658536586,0.27723872661590576
Exp1: Baseline (Vanilla),PR,1374,0.3869047619047619,0.5327868852459017,0.2792688310146332
Exp1: Baseline (Vanilla),PR,1375,0.38095238095238093,0.5289256198347108,0.2794130742549896
Exp1: Baseline (Vanilla),PR,1376,0.375,0.525,0.27999165654182434
Exp1: Baseline (Vanilla),PR,1377,0.36904761904761907,0.5210084033613446,0.2808930277824402
Exp1: Baseline (Vanilla),PR,1378,0.36904761904761907,0.5254237288135594,0.28105220198631287
Exp1: Baseline (Vanilla),PR,1379,0.36904761904761907,0.5299145299145299,0.2828901708126068
Exp1: Baseline (Vanilla),PR,1380,0.36904761904761907,0.5344827586206896,0.2830982804298401
Exp1: Baseline (Vanilla),PR,1381,0.3630952380952381,0.5304347826086957,0.28455132246017456
Exp1: Baseline (Vanilla),PR,1382,0.35714285714285715,0.5263157894736842,0.2860519587993622
Exp1: Baseline (Vanilla),PR,1383,0.35714285714285715,0.5309734513274337,0.2889120578765869
Exp1: Baseline (Vanilla),PR,1384,0.35119047619047616,0.5267857142857143,0.2890669107437134
Exp1: Baseline (Vanilla),PR,1385,0.34523809523809523,0.5225225225225225,0.29035115242004395
Exp1: Baseline (Vanilla),PR,1386,0.34523809523809523,0.5272727272727272,0.29066553711891174
Exp1: Baseline (Vanilla),PR,1387,0.34523809523809523,0.5321100917431193,0.291736900806427
Exp1: Baseline (Vanilla),PR,1388,0.3392857142857143,0.5277777777777778,0.2919822037220001
Exp1: Baseline (Vanilla),PR,1389,0.3392857142857143,0.5327102803738317,0.29507389664649963
Exp1: Baseline (Vanilla),PR,1390,0.3392857142857143,0.5377358490566038,0.29623085260391235
Exp1: Baseline (Vanilla),PR,1391,0.3392857142857143,0.5428571428571428,0.3016285300254822
Exp1: Baseline (Vanilla),PR,1392,0.3333333333333333,0.5384615384615384,0.30260324478149414
Exp1: Baseline (Vanilla),PR,1393,0.3333333333333333,0.5436893203883495,0.3061535656452179
Exp1: Baseline (Vanilla),PR,1394,0.3333333333333333,0.5490196078431373,0.30722880363464355
Exp1: Baseline (Vanilla),PR,1395,0.3273809523809524,0.5445544554455446,0.30867093801498413
Exp1: Baseline (Vanilla),PR,1396,0.3273809523809524,0.55,0.3095010221004486
Exp1: Baseline (Vanilla),PR,1397,0.32142857142857145,0.5454545454545454,0.3111896812915802
Exp1: Baseline (Vanilla),PR,1398,0.32142857142857145,0.5510204081632653,0.31140777468681335
Exp1: Baseline (Vanilla),PR,1399,0.32142857142857145,0.5567010309278351,0.3140965700149536
Exp1: Baseline (Vanilla),PR,1400,0.31547619047619047,0.5520833333333334,0.31707578897476196
Exp1: Baseline (Vanilla),PR,1401,0.31547619047619047,0.5578947368421052,0.31782981753349304
Exp1: Baseline (Vanilla),PR,1402,0.31547619047619047,0.5638297872340425,0.31929171085357666
Exp1: Baseline (Vanilla),PR,1403,0.30952380952380953,0.5591397849462365,0.3196078836917877
Exp1: Baseline (Vanilla),PR,1404,0.30357142857142855,0.5543478260869565,0.32138821482658386
Exp1: Baseline (Vanilla),PR,1405,0.2976190476190476,0.5494505494505495,0.3222759962081909
Exp1: Baseline (Vanilla),PR,1406,0.2976190476190476,0.5555555555555556,0.3231545686721802
Exp1: Baseline (Vanilla),PR,1407,0.2976190476190476,0.5617977528089888,0.32385748624801636
Exp1: Baseline (Vanilla),PR,1408,0.2976190476190476,0.5681818181818182,0.32491403818130493
Exp1: Baseline (Vanilla),PR,1409,0.2976190476190476,0.5747126436781609,0.32570984959602356
Exp1: Baseline (Vanilla),PR,1410,0.2976190476190476,0.5813953488372093,0.3285657465457916
Exp1: Baseline (Vanilla),PR,1411,0.2976190476190476,0.5882352941176471,0.32985740900039673
Exp1: Baseline (Vanilla),PR,1412,0.2976190476190476,0.5952380952380952,0.3299875259399414
Exp1: Baseline (Vanilla),PR,1413,0.2916666666666667,0.5903614457831325,0.3306787610054016
Exp1: Baseline (Vanilla),PR,1414,0.2857142857142857,0.5853658536585366,0.3308003544807434
Exp1: Baseline (Vanilla),PR,1415,0.27976190476190477,0.5802469135802469,0.33345234394073486
Exp1: Baseline (Vanilla),PR,1416,0.27380952380952384,0.575,0.33378657698631287
Exp1: Baseline (Vanilla),PR,1417,0.27380952380952384,0.5822784810126582,0.33409950137138367
Exp1: Baseline (Vanilla),PR,1418,0.27380952380952384,0.5897435897435898,0.33417922258377075
Exp1: Baseline (Vanilla),PR,1419,0.26785714285714285,0.5844155844155844,0.3347582221031189
Exp1: Baseline (Vanilla),PR,1420,0.26785714285714285,0.5921052631578947,0.33618101477622986
Exp1: Baseline (Vanilla),PR,1421,0.2619047619047619,0.5866666666666667,0.33751624822616577
Exp1: Baseline (Vanilla),PR,1422,0.25595238095238093,0.581081081081081,0.3400442898273468
Exp1: Baseline (Vanilla),PR,1423,0.25595238095238093,0.589041095890411,0.34203270077705383
Exp1: Baseline (Vanilla),PR,1424,0.25595238095238093,0.5972222222222222,0.34232011437416077
Exp1: Baseline (Vanilla),PR,1425,0.25,0.5915492957746479,0.3436937630176544
Exp1: Baseline (Vanilla),PR,1426,0.25,0.6,0.3455340564250946
Exp1: Baseline (Vanilla),PR,1427,0.24404761904761904,0.5942028985507246,0.3484826385974884
Exp1: Baseline (Vanilla),PR,1428,0.24404761904761904,0.6029411764705882,0.3532525897026062
Exp1: Baseline (Vanilla),PR,1429,0.24404761904761904,0.6119402985074627,0.35387474298477173
Exp1: Baseline (Vanilla),PR,1430,0.23809523809523808,0.6060606060606061,0.3570880889892578
Exp1: Baseline (Vanilla),PR,1431,0.23809523809523808,0.6153846153846154,0.35897108912467957
Exp1: Baseline (Vanilla),PR,1432,0.23214285714285715,0.609375,0.3719238042831421
Exp1: Baseline (Vanilla),PR,1433,0.23214285714285715,0.6190476190476191,0.3728788197040558
Exp1: Baseline (Vanilla),PR,1434,0.23214285714285715,0.6290322580645161,0.37641268968582153
Exp1: Baseline (Vanilla),PR,1435,0.23214285714285715,0.639344262295082,0.3810926079750061
Exp1: Baseline (Vanilla),PR,1436,0.2261904761904762,0.6333333333333333,0.3822033703327179
Exp1: Baseline (Vanilla),PR,1437,0.2261904761904762,0.6440677966101694,0.38386866450309753
Exp1: Baseline (Vanilla),PR,1438,0.2261904761904762,0.6551724137931034,0.3844466209411621
Exp1: Baseline (Vanilla),PR,1439,0.2261904761904762,0.6666666666666666,0.38449186086654663
Exp1: Baseline (Vanilla),PR,1440,0.2261904761904762,0.6785714285714286,0.3849520981311798
Exp1: Baseline (Vanilla),PR,1441,0.2261904761904762,0.6909090909090909,0.3873940706253052
Exp1: Baseline (Vanilla),PR,1442,0.22023809523809523,0.6851851851851852,0.3893585205078125
Exp1: Baseline (Vanilla),PR,1443,0.21428571428571427,0.6792452830188679,0.3950155973434448
Exp1: Baseline (Vanilla),PR,1444,0.20833333333333334,0.6730769230769231,0.39959004521369934
Exp1: Baseline (Vanilla),PR,1445,0.20833333333333334,0.6862745098039216,0.40072816610336304
Exp1: Baseline (Vanilla),PR,1446,0.20238095238095238,0.68,0.40086907148361206
Exp1: Baseline (Vanilla),PR,1447,0.20238095238095238,0.6938775510204082,0.40505602955818176
Exp1: Baseline (Vanilla),PR,1448,0.19642857142857142,0.6875,0.40763619542121887
Exp1: Baseline (Vanilla),PR,1449,0.19642857142857142,0.7021276595744681,0.40830621123313904
Exp1: Baseline (Vanilla),PR,1450,0.19642857142857142,0.717391304347826,0.4106830954551697
Exp1: Baseline (Vanilla),PR,1451,0.19047619047619047,0.7111111111111111,0.4110017716884613
Exp1: Baseline (Vanilla),PR,1452,0.19047619047619047,0.7272727272727273,0.4116707742214203
Exp1: Baseline (Vanilla),PR,1453,0.18452380952380953,0.7209302325581395,0.41172102093696594
Exp1: Baseline (Vanilla),PR,1454,0.17857142857142858,0.7142857142857143,0.41230785846710205
Exp1: Baseline (Vanilla),PR,1455,0.17261904761904762,0.7073170731707317,0.4131960868835449
Exp1: Baseline (Vanilla),PR,1456,0.16666666666666666,0.7,0.415754497051239
Exp1: Baseline (Vanilla),PR,1457,0.16071428571428573,0.6923076923076923,0.42473629117012024
Exp1: Baseline (Vanilla),PR,1458,0.15476190476190477,0.6842105263157895,0.4275882840156555
Exp1: Baseline (Vanilla),PR,1459,0.1488095238095238,0.6756756756756757,0.4285356104373932
Exp1: Baseline (Vanilla),PR,1460,0.1488095238095238,0.6944444444444444,0.4287659525871277
Exp1: Baseline (Vanilla),PR,1461,0.1488095238095238,0.7142857142857143,0.42913204431533813
Exp1: Baseline (Vanilla),PR,1462,0.14285714285714285,0.7058823529411765,0.43038007616996765
Exp1: Baseline (Vanilla),PR,1463,0.13690476190476192,0.696969696969697,0.43095335364341736
Exp1: Baseline (Vanilla),PR,1464,0.13095238095238096,0.6875,0.4351138174533844
Exp1: Baseline (Vanilla),PR,1465,0.125,0.6774193548387096,0.43698811531066895
Exp1: Baseline (Vanilla),PR,1466,0.125,0.7,0.45018863677978516
Exp1: Baseline (Vanilla),PR,1467,0.11904761904761904,0.6896551724137931,0.4520200490951538
Exp1: Baseline (Vanilla),PR,1468,0.1130952380952381,0.6785714285714286,0.4617975652217865
Exp1: Baseline (Vanilla),PR,1469,0.10714285714285714,0.6666666666666666,0.46246591210365295
Exp1: Baseline (Vanilla),PR,1470,0.10714285714285714,0.6923076923076923,0.4685550630092621
Exp1: Baseline (Vanilla),PR,1471,0.10119047619047619,0.68,0.4707731008529663
Exp1: Baseline (Vanilla),PR,1472,0.10119047619047619,0.7083333333333334,0.4743686318397522
Exp1: Baseline (Vanilla),PR,1473,0.09523809523809523,0.6956521739130435,0.47754859924316406
Exp1: Baseline (Vanilla),PR,1474,0.08928571428571429,0.6818181818181818,0.4789711534976959
Exp1: Baseline (Vanilla),PR,1475,0.08333333333333333,0.6666666666666666,0.48322075605392456
Exp1: Baseline (Vanilla),PR,1476,0.08333333333333333,0.7,0.48550280928611755
Exp1: Baseline (Vanilla),PR,1477,0.08333333333333333,0.7368421052631579,0.4898798167705536
Exp1: Baseline (Vanilla),PR,1478,0.08333333333333333,0.7777777777777778,0.4918981194496155
Exp1: Baseline (Vanilla),PR,1479,0.07738095238095238,0.7647058823529411,0.4950847923755646
Exp1: Baseline (Vanilla),PR,1480,0.07142857142857142,0.75,0.5031129717826843
Exp1: Baseline (Vanilla),PR,1481,0.07142857142857142,0.8,0.5043851137161255
Exp1: Baseline (Vanilla),PR,1482,0.06547619047619048,0.7857142857142857,0.5103361010551453
Exp1: Baseline (Vanilla),PR,1483,0.06547619047619048,0.8461538461538461,0.5104657411575317
Exp1: Baseline (Vanilla),PR,1484,0.05952380952380952,0.8333333333333334,0.5145407319068909
Exp1: Baseline (Vanilla),PR,1485,0.05357142857142857,0.8181818181818182,0.5288003087043762
Exp1: Baseline (Vanilla),PR,1486,0.05357142857142857,0.9,0.5372075438499451
Exp1: Baseline (Vanilla),PR,1487,0.047619047619047616,0.8888888888888888,0.5586051344871521
Exp1: Baseline (Vanilla),PR,1488,0.041666666666666664,0.875,0.5723404288291931
Exp1: Baseline (Vanilla),PR,1489,0.041666666666666664,1.0,0.5854608416557312
Exp1: Baseline (Vanilla),PR,1490,0.03571428571428571,1.0,0.606210470199585
Exp1: Baseline (Vanilla),PR,1491,0.02976190476190476,1.0,0.6111927032470703
Exp1: Baseline (Vanilla),PR,1492,0.023809523809523808,1.0,0.6739727258682251
Exp1: Baseline (Vanilla),PR,1493,0.017857142857142856,1.0,0.6870309710502625
Exp1: Baseline (Vanilla),PR,1494,0.011904761904761904,1.0,0.6973113417625427
Exp1: Baseline (Vanilla),PR,1495,0.005952380952380952,1.0,0.7381485104560852
Exp1: Baseline (Vanilla),PR,1496,0.0,1.0,1.0
Exp2: + CSA,ROC,0,0.0,0.0,inf
Exp2: + CSA,ROC,1,0.0,0.005952380952380952,0.9999822378158569
Exp2: + CSA,ROC,2,0.0,0.18452380952380953,0.9205182194709778
Exp2: + CSA,ROC,3,0.0007524454477050414,0.18452380952380953,0.9190627336502075
Exp2: + CSA,ROC,4,0.0007524454477050414,0.19642857142857142,0.9099911451339722
Exp2: + CSA,ROC,5,0.0015048908954100827,0.19642857142857142,0.9047756791114807
Exp2: + CSA,ROC,6,0.0015048908954100827,0.20238095238095238,0.8975406885147095
Exp2: + CSA,ROC,7,0.002257336343115124,0.20238095238095238,0.8973104357719421
Exp2: + CSA,ROC,8,0.002257336343115124,0.20833333333333334,0.8970826268196106
Exp2: + CSA,ROC,9,0.003762227238525207,0.20833333333333334,0.8625545501708984
Exp2: + CSA,ROC,10,0.003762227238525207,0.22023809523809523,0.8527445197105408
Exp2: + CSA,ROC,11,0.004514672686230248,0.22023809523809523,0.8482427000999451
Exp2: + CSA,ROC,12,0.004514672686230248,0.24404761904761904,0.8158174753189087
Exp2: + CSA,ROC,13,0.005267118133935289,0.24404761904761904,0.8122584223747253
Exp2: + CSA,ROC,14,0.005267118133935289,0.25,0.8077185153961182
Exp2: + CSA,ROC,15,0.006019563581640331,0.25,0.801133930683136
Exp2: + CSA,ROC,16,0.006019563581640331,0.25595238095238093,0.7961171269416809
Exp2: + CSA,ROC,17,0.006772009029345372,0.25595238095238093,0.7870670557022095
Exp2: + CSA,ROC,18,0.006772009029345372,0.27976190476190477,0.7632033824920654
Exp2: + CSA,ROC,19,0.007524454477050414,0.27976190476190477,0.7423297762870789
Exp2: + CSA,ROC,20,0.007524454477050414,0.2916666666666667,0.7287731766700745
Exp2: + CSA,ROC,21,0.008276899924755455,0.2916666666666667,0.7207144498825073
Exp2: + CSA,ROC,22,0.008276899924755455,0.2976190476190476,0.7154664993286133
Exp2: + CSA,ROC,23,0.009029345372460496,0.2976190476190476,0.708195686340332
Exp2: + CSA,ROC,24,0.009029345372460496,0.3273809523809524,0.6892064809799194
Exp2: + CSA,ROC,25,0.009781790820165538,0.3273809523809524,0.6754820942878723
Exp2: + CSA,ROC,26,0.009781790820165538,0.3392857142857143,0.6606989502906799
Exp2: + CSA,ROC,27,0.010534236267870579,0.3392857142857143,0.6578614115715027
Exp2: + CSA,ROC,28,0.010534236267870579,0.35119047619047616,0.6381943821907043
Exp2: + CSA,ROC,29,0.012791572610985704,0.35119047619047616,0.6150071620941162
Exp2: + CSA,ROC,30,0.012791572610985704,0.35714285714285715,0.6110247373580933
Exp2: + CSA,ROC,31,0.013544018058690745,0.35714285714285715,0.6017268896102905
Exp2: + CSA,ROC,32,0.013544018058690745,0.3630952380952381,0.5971143841743469
Exp2: + CSA,ROC,33,0.014296463506395787,0.3630952380952381,0.5838698148727417
Exp2: + CSA,ROC,34,0.014296463506395787,0.36904761904761907,0.5768740177154541
Exp2: + CSA,ROC,35,0.01580135440180587,0.36904761904761907,0.5662198066711426
Exp2: + CSA,ROC,36,0.01580135440180587,0.39285714285714285,0.5547400116920471
Exp2: + CSA,ROC,37,0.01730624529721595,0.39285714285714285,0.5414034724235535
Exp2: + CSA,ROC,38,0.01730624529721595,0.39880952380952384,0.5258297920227051
Exp2: + CSA,ROC,39,0.01805869074492099,0.39880952380952384,0.5226098895072937
Exp2: + CSA,ROC,40,0.01805869074492099,0.4166666666666667,0.5148240327835083
Exp2: + CSA,ROC,41,0.018811136192626036,0.4166666666666667,0.4996511936187744
Exp2: + CSA,ROC,42,0.018811136192626036,0.4226190476190476,0.4984917938709259
Exp2: + CSA,ROC,43,0.019563581640331076,0.4226190476190476,0.4937325119972229
Exp2: + CSA,ROC,44,0.019563581640331076,0.4523809523809524,0.466690331697464
Exp2: + CSA,ROC,45,0.0218209179834462,0.4523809523809524,0.46091797947883606
Exp2: + CSA,ROC,46,0.0218209179834462,0.4583333333333333,0.46017181873321533
Exp2: + CSA,ROC,47,0.022573363431151242,0.4583333333333333,0.45436790585517883
Exp2: + CSA,ROC,48,0.022573363431151242,0.4880952380952381,0.4314061999320984
Exp2: + CSA,ROC,49,0.024078254326561323,0.4880952380952381,0.42535895109176636
Exp2: + CSA,ROC,50,0.024078254326561323,0.49404761904761907,0.4161587357521057
Exp2: + CSA,ROC,51,0.02633559066967645,0.49404761904761907,0.39710533618927
Exp2: + CSA,ROC,52,0.02633559066967645,0.5,0.38151463866233826
Exp2: + CSA,ROC,53,0.02708803611738149,0.5,0.37084493041038513
Exp2: + CSA,ROC,54,0.02708803611738149,0.5059523809523809,0.36005547642707825
Exp2: + CSA,ROC,55,0.029345372460496615,0.5059523809523809,0.3464037775993347
Exp2: + CSA,ROC,56,0.029345372460496615,0.5357142857142857,0.3183104395866394
Exp2: + CSA,ROC,57,0.03160270880361174,0.5357142857142857,0.31509533524513245
Exp2: + CSA,ROC,58,0.03160270880361174,0.5476190476190477,0.30398622155189514
Exp2: + CSA,ROC,59,0.03235515425131678,0.5476190476190477,0.28489530086517334
Exp2: + CSA,ROC,60,0.03235515425131678,0.5535714285714286,0.27827566862106323
Exp2: + CSA,ROC,61,0.03310759969902182,0.5535714285714286,0.27799126505851746
Exp2: + CSA,ROC,62,0.03310759969902182,0.5595238095238095,0.273281455039978
Exp2: + CSA,ROC,63,0.035364936042136946,0.5595238095238095,0.25725382566452026
Exp2: + CSA,ROC,64,0.035364936042136946,0.5654761904761905,0.2531573474407196
Exp2: + CSA,ROC,65,0.03611738148984198,0.5654761904761905,0.25261014699935913
Exp2: + CSA,ROC,66,0.03611738148984198,0.5714285714285714,0.25095024704933167
Exp2: + CSA,ROC,67,0.03837471783295711,0.5714285714285714,0.22022603452205658
Exp2: + CSA,ROC,68,0.03837471783295711,0.5833333333333334,0.21889810264110565
Exp2: + CSA,ROC,69,0.03912716328066215,0.5833333333333334,0.21669074892997742
Exp2: + CSA,ROC,70,0.03912716328066215,0.5892857142857143,0.21572721004486084
Exp2: + CSA,ROC,71,0.0398796087283672,0.5892857142857143,0.20173364877700806
Exp2: + CSA,ROC,72,0.0398796087283672,0.5952380952380952,0.20116761326789856
Exp2: + CSA,ROC,73,0.042136945071482315,0.5952380952380952,0.19756747782230377
Exp2: + CSA,ROC,74,0.042136945071482315,0.6011904761904762,0.19342494010925293
Exp2: + CSA,ROC,75,0.0436418359668924,0.6011904761904762,0.18487338721752167
Exp2: + CSA,ROC,76,0.0436418359668924,0.6071428571428571,0.18167231976985931
Exp2: + CSA,ROC,77,0.04890895410082769,0.6071428571428571,0.16260257363319397
Exp2: + CSA,ROC,78,0.04890895410082769,0.625,0.1575518250465393
Exp2: + CSA,ROC,79,0.04966139954853273,0.625,0.15548215806484222
Exp2: + CSA,ROC,80,0.04966139954853273,0.6428571428571429,0.13577713072299957
Exp2: + CSA,ROC,81,0.05417607223476298,0.6428571428571429,0.1209440603852272
Exp2: + CSA,ROC,82,0.05417607223476298,0.6488095238095238,0.12024727463722229
Exp2: + CSA,ROC,83,0.05568096313017306,0.6488095238095238,0.11817063391208649
Exp2: + CSA,ROC,84,0.05568096313017306,0.6547619047619048,0.1169511005282402
Exp2: + CSA,ROC,85,0.056433408577878104,0.6547619047619048,0.11616973578929901
Exp2: + CSA,ROC,86,0.056433408577878104,0.6607142857142857,0.11387477815151215
Exp2: + CSA,ROC,87,0.05869074492099323,0.6607142857142857,0.1122814267873764
Exp2: + CSA,ROC,88,0.05869074492099323,0.6666666666666666,0.11210409551858902
Exp2: + CSA,ROC,89,0.062452972159518436,0.6666666666666666,0.10558586567640305
Exp2: + CSA,ROC,90,0.062452972159518436,0.6726190476190477,0.10477065294981003
Exp2: + CSA,ROC,91,0.06320541760722348,0.6726190476190477,0.09902559220790863
Exp2: + CSA,ROC,92,0.06320541760722348,0.6785714285714286,0.09711367636919022
Exp2: + CSA,ROC,93,0.0654627539503386,0.6785714285714286,0.09515706449747086
Exp2: + CSA,ROC,94,0.0654627539503386,0.6845238095238095,0.09401506185531616
Exp2: + CSA,ROC,95,0.06621519939804364,0.6845238095238095,0.09349827468395233
Exp2: + CSA,ROC,96,0.06621519939804364,0.6904761904761905,0.09041314572095871
Exp2: + CSA,ROC,97,0.06772009029345373,0.6904761904761905,0.0895388275384903
Exp2: + CSA,ROC,98,0.06772009029345373,0.6964285714285714,0.08933316171169281
Exp2: + CSA,ROC,99,0.07223476297968397,0.6964285714285714,0.08218347281217575
Exp2: + CSA,ROC,100,0.07223476297968397,0.7023809523809523,0.08217378705739975
Exp2: + CSA,ROC,101,0.07900677200902935,0.7023809523809523,0.07705041766166687
Exp2: + CSA,ROC,102,0.07900677200902935,0.7083333333333334,0.07651302963495255
Exp2: + CSA,ROC,103,0.08051166290443942,0.7083333333333334,0.07570965588092804
Exp2: + CSA,ROC,104,0.08051166290443942,0.7202380952380952,0.07467828691005707
Exp2: + CSA,ROC,105,0.08276899924755456,0.7202380952380952,0.07298503816127777
Exp2: + CSA,ROC,106,0.08276899924755456,0.7261904761904762,0.07280085235834122
Exp2: + CSA,ROC,107,0.0835214446952596,0.7261904761904762,0.0725196823477745
Exp2: + CSA,ROC,108,0.0835214446952596,0.7321428571428571,0.07224923372268677
Exp2: + CSA,ROC,109,0.09029345372460497,0.7321428571428571,0.06663573533296585
Exp2: + CSA,ROC,110,0.09029345372460497,0.7440476190476191,0.06428278237581253
Exp2: + CSA,ROC,111,0.1000752445447705,0.7440476190476191,0.056105148047208786
Exp2: + CSA,ROC,112,0.1000752445447705,0.75,0.055313847959041595
Exp2: + CSA,ROC,113,0.10082768999247554,0.75,0.05515625700354576
Exp2: + CSA,ROC,114,0.10082768999247554,0.7559523809523809,0.05485457926988602
Exp2: + CSA,ROC,115,0.10233258088788563,0.7559523809523809,0.053272753953933716
Exp2: + CSA,ROC,116,0.10233258088788563,0.7619047619047619,0.05219357833266258
Exp2: + CSA,ROC,117,0.10458991723100075,0.7619047619047619,0.05183849111199379
Exp2: + CSA,ROC,118,0.10458991723100075,0.7678571428571429,0.05128231272101402
Exp2: + CSA,ROC,119,0.10835214446952596,0.7678571428571429,0.04938558116555214
Exp2: + CSA,ROC,120,0.10835214446952596,0.7738095238095238,0.049042001366615295
Exp2: + CSA,ROC,121,0.10985703536493605,0.7738095238095238,0.048421259969472885
Exp2: + CSA,ROC,122,0.10985703536493605,0.7797619047619048,0.048134297132492065
Exp2: + CSA,ROC,123,0.11361926260346125,0.7797619047619048,0.046366654336452484
Exp2: + CSA,ROC,124,0.11361926260346125,0.7857142857142857,0.04611586779356003
Exp2: + CSA,ROC,125,0.1143717080511663,0.7857142857142857,0.04598153010010719
Exp2: + CSA,ROC,126,0.1143717080511663,0.7916666666666666,0.04576137661933899
Exp2: + CSA,ROC,127,0.12039127163280662,0.7916666666666666,0.04261966794729233
Exp2: + CSA,ROC,128,0.12039127163280662,0.7976190476190477,0.042426783591508865
Exp2: + CSA,ROC,129,0.12114371708051166,0.7976190476190477,0.04138410836458206
Exp2: + CSA,ROC,130,0.12114371708051166,0.8035714285714286,0.04087749123573303
Exp2: + CSA,ROC,131,0.12264860797592174,0.8035714285714286,0.039743732661008835
Exp2: + CSA,ROC,132,0.12264860797592174,0.8095238095238095,0.03966638818383217
Exp2: + CSA,ROC,133,0.12641083521444696,0.8095238095238095,0.0388370156288147
Exp2: + CSA,ROC,134,0.12641083521444696,0.8154761904761905,0.038655515760183334
Exp2: + CSA,ROC,135,0.1294206170052671,0.8154761904761905,0.03681034594774246
Exp2: + CSA,ROC,136,0.1294206170052671,0.8214285714285714,0.03661470115184784
Exp2: + CSA,ROC,137,0.13017306245297217,0.8214285714285714,0.035789307206869125
Exp2: + CSA,ROC,138,0.13017306245297217,0.8273809523809523,0.03558140620589256
Exp2: + CSA,ROC,139,0.1309255079006772,0.8273809523809523,0.034994807094335556
Exp2: + CSA,ROC,140,0.1309255079006772,0.8333333333333334,0.034140974283218384
Exp2: + CSA,ROC,141,0.14221218961625282,0.8333333333333334,0.028708379715681076
Exp2: + CSA,ROC,142,0.14221218961625282,0.8452380952380952,0.028651615604758263
Exp2: + CSA,ROC,143,0.14823175319789314,0.8452380952380952,0.026912881061434746
Exp2: + CSA,ROC,144,0.14823175319789314,0.8630952380952381,0.02545783668756485
Exp2: + CSA,ROC,145,0.15575620767494355,0.8630952380952381,0.023913217708468437
Exp2: + CSA,ROC,146,0.15575620767494355,0.8690476190476191,0.02378794737160206
Exp2: + CSA,ROC,147,0.16930022573363432,0.8690476190476191,0.02094840630888939
Exp2: + CSA,ROC,148,0.16930022573363432,0.875,0.020876947790384293
Exp2: + CSA,ROC,149,0.17231000752445447,0.875,0.02006678283214569
Exp2: + CSA,ROC,150,0.17231000752445447,0.8809523809523809,0.019892802461981773
Exp2: + CSA,ROC,151,0.1745673438675696,0.8809523809523809,0.019725440070033073
Exp2: + CSA,ROC,152,0.1745673438675696,0.8869047619047619,0.01955064944922924
Exp2: + CSA,ROC,153,0.17682468021068473,0.8869047619047619,0.019154278561472893
Exp2: + CSA,ROC,154,0.17682468021068473,0.8928571428571429,0.01911604404449463
Exp2: + CSA,ROC,155,0.18133935289691497,0.8928571428571429,0.018354089930653572
Exp2: + CSA,ROC,156,0.18133935289691497,0.8988095238095238,0.01808777265250683
Exp2: + CSA,ROC,157,0.18510158013544017,0.8988095238095238,0.017494402825832367
Exp2: + CSA,ROC,158,0.18510158013544017,0.9047619047619048,0.017365843057632446
Exp2: + CSA,ROC,159,0.20240782543265612,0.9047619047619048,0.01501504983752966
Exp2: + CSA,ROC,160,0.20240782543265612,0.9107142857142857,0.014925598166882992
Exp2: + CSA,ROC,161,0.2129420617005267,0.9107142857142857,0.013593576848506927
Exp2: + CSA,ROC,162,0.2129420617005267,0.9166666666666666,0.013387760147452354
Exp2: + CSA,ROC,163,0.21595184349134688,0.9166666666666666,0.013080334290862083
Exp2: + CSA,ROC,164,0.21595184349134688,0.9226190476190477,0.012902210466563702
Exp2: + CSA,ROC,165,0.23551542513167795,0.9226190476190477,0.011468526907265186
Exp2: + CSA,ROC,166,0.23702031602708803,0.9226190476190477,0.011448639445006847
Exp2: + CSA,ROC,167,0.2400300978179082,0.9226190476190477,0.011309591121971607
Exp2: + CSA,ROC,168,0.2400300978179082,0.9285714285714286,0.011302996426820755
Exp2: + CSA,ROC,169,0.24228743416102333,0.9285714285714286,0.011155071668326855
Exp2: + CSA,ROC,170,0.24228743416102333,0.9345238095238095,0.011113244108855724
Exp2: + CSA,ROC,171,0.24680210684725357,0.9345238095238095,0.01093996874988079
Exp2: + CSA,ROC,172,0.24680210684725357,0.9404761904761905,0.010917684994637966
Exp2: + CSA,ROC,173,0.2513167795334838,0.9404761904761905,0.010231788270175457
Exp2: + CSA,ROC,174,0.2513167795334838,0.9464285714285714,0.010140945203602314
Exp2: + CSA,ROC,175,0.2595936794582393,0.9464285714285714,0.009660792537033558
Exp2: + CSA,ROC,176,0.2595936794582393,0.9523809523809523,0.009608733467757702
Exp2: + CSA,ROC,177,0.3829947328818661,0.9523809523809523,0.003716810839250684
Exp2: + CSA,ROC,178,0.3829947328818661,0.9583333333333334,0.0037100943736732006
Exp2: + CSA,ROC,179,0.3942814145974417,0.9583333333333334,0.0034830616787075996
Exp2: + CSA,ROC,180,0.3942814145974417,0.9642857142857143,0.0034702259581536055
Exp2: + CSA,ROC,181,0.3980436418359669,0.9642857142857143,0.0033863724675029516
Exp2: + CSA,ROC,182,0.3980436418359669,0.9702380952380952,0.0033618018496781588
Exp2: + CSA,ROC,183,0.40632054176072235,0.9702380952380952,0.0031185769475996494
Exp2: + CSA,ROC,184,0.40632054176072235,0.9761904761904762,0.0031066739466041327
Exp2: + CSA,ROC,185,0.46952595936794583,0.9761904761904762,0.002064239466562867
Exp2: + CSA,ROC,186,0.46952595936794583,0.9821428571428571,0.002051512710750103
Exp2: + CSA,ROC,187,0.48833709556057187,0.9821428571428571,0.0018797193188220263
Exp2: + CSA,ROC,188,0.48833709556057187,0.9880952380952381,0.0018572614062577486
Exp2: + CSA,ROC,189,0.5041384499623778,0.9880952380952381,0.0016563446260988712
Exp2: + CSA,ROC,190,0.5041384499623778,0.9940476190476191,0.0016486516688019037
Exp2: + CSA,ROC,191,0.5989465763732129,0.9940476190476191,0.0008887758594937623
Exp2: + CSA,ROC,192,0.5989465763732129,1.0,0.0008825472905300558
Exp2: + CSA,ROC,193,1.0,1.0,2.055931203059913e-09
Exp2: + CSA,PR,0,1.0,0.11222444889779559,2.055931203059913e-09
Exp2: + CSA,PR,1,1.0,0.11229946524064172,1.04121982147376e-08
Exp2: + CSA,PR,2,1.0,0.11237458193979934,4.030852807090923e-08
Exp2: + CSA,PR,3,1.0,0.11244979919678715,6.175781663841917e-08
Exp2: + CSA,PR,4,1.0,0.11252511721366376,7.469506613233534e-08
Exp2: + CSA,PR,5,1.0,0.1126005361930295,1.9395753270146088e-07
Exp2: + CSA,PR,6,1.0,0.11267605633802817,2.3535574200650444e-07
Exp2: + CSA,PR,7,1.0,0.11275167785234899,6.100351015447814e-07
Exp2: + CSA,PR,8,1.0,0.11282740094022835,1.801602365958388e-06
Exp2: + CSA,PR,9,1.0,0.11290322580645161,2.3620161755388835e-06
Exp2: + CSA,PR,10,1.0,0.11297915265635508,2.415327344351681e-06
Exp2: + CSA,PR,11,1.0,0.11305518169582772,2.7525713903742144e-06
Exp2: + CSA,PR,12,1.0,0.11313131313131314,3.086232254645438e-06
Exp2: + CSA,PR,13,1.0,0.11320754716981132,3.5119198855682043e-06
Exp2: + CSA,PR,14,1.0,0.11328388401888065,3.818525328824762e-06
Exp2: + CSA,PR,15,1.0,0.11336032388663968,4.014184924017172e-06
Exp2: + CSA,PR,16,1.0,0.11343686698176908,5.115884050610475e-06
Exp2: + CSA,PR,17,1.0,0.11351351351351352,5.138385404279688e-06
Exp2: + CSA,PR,18,1.0,0.11359026369168357,5.334775323717622e-06
Exp2: + CSA,PR,19,1.0,0.11366711772665765,6.06646744927275e-06
Exp2: + CSA,PR,20,1.0,0.11374407582938388,6.21392155153444e-06
Exp2: + CSA,PR,21,1.0,0.11382113821138211,6.943590960872825e-06
Exp2: + CSA,PR,22,1.0,0.11389830508474576,8.22370384412352e-06
Exp2: + CSA,PR,23,1.0,0.11397557666214382,8.451427675026935e-06
Exp2: + CSA,PR,24,1.0,0.11405295315682282,8.871606951288413e-06
Exp2: + CSA,PR,25,1.0,0.11413043478260869,9.762316039996222e-06
Exp2: + CSA,PR,26,1.0,0.1142080217539089,1.0997860044881236e-05
Exp2: + CSA,PR,27,1.0,0.11428571428571428,1.1202588211745024e-05
Exp2: + CSA,PR,28,1.0,0.11436351259360109,1.1257744517934043e-05
Exp2: + CSA,PR,29,1.0,0.11444141689373297,1.213677205669228e-05
Exp2: + CSA,PR,30,1.0,0.11451942740286299,1.2344085007498506e-05
Exp2: + CSA,PR,31,1.0,0.1145975443383356,1.2536178473965265e-05
Exp2: + CSA,PR,32,1.0,0.11467576791808874,1.276742659683805e-05
Exp2: + CSA,PR,33,1.0,0.11475409836065574,1.4209045730240177e-05
Exp2: + CSA,PR,34,1.0,0.11483253588516747,1.4891070350131486e-05
Exp2: + CSA,PR,35,1.0,0.11491108071135431,1.5075122064445168e-05
Exp2: + CSA,PR,36,1.0,0.11498973305954825,1.5346849977504462e-05
Exp2: + CSA,PR,37,1.0,0.11506849315068493,1.5563973647658713e-05
Exp2: + CSA,PR,38,1.0,0.11514736120630568,1.603698001417797e-05
Exp2: + CSA,PR,39,1.0,0.11522633744855967,1.681276989984326e-05
Exp2: + CSA,PR,40,1.0,0.1153054221002059,1.7169890270452015e-05
Exp2: + CSA,PR,41,1.0,0.11538461538461539,1.7790865967981517e-05
Exp2: + CSA,PR,42,1.0,0.1154639175257732,1.809173045330681e-05
Exp2: + CSA,PR,43,1.0,0.1155433287482806,1.8474444004823454e-05
Exp2: + CSA,PR,44,1.0,0.11562284927735719,1.927290031744633e-05
Exp2: + CSA,PR,45,1.0,0.11570247933884298,2.0003390091005713e-05
Exp2: + CSA,PR,46,1.0,0.11578221915920055,2.0701145331258886e-05
Exp2: + CSA,PR,47,1.0,0.11586206896551725,2.1330739400582388e-05
Exp2: + CSA,PR,48,1.0,0.11594202898550725,2.1686040781787597e-05
Exp2: + CSA,PR,49,1.0,0.11602209944751381,2.1877969629713334e-05
Exp2: + CSA,PR,50,1.0,0.1161022805805114,2.211590799561236e-05
Exp2: + CSA,PR,51,1.0,0.11618257261410789,2.2626511054113507e-05
Exp2: + CSA,PR,52,1.0,0.11626297577854672,2.2669502868666314e-05
Exp2: + CSA,PR,53,1.0,0.11634349030470914,2.3311034965445288e-05
Exp2: + CSA,PR,54,1.0,0.11642411642411643,2.372865674260538e-05
Exp2: + CSA,PR,55,1.0,0.11650485436893204,2.421952558506746e-05
Exp2: + CSA,PR,56,1.0,0.11658570437196392,2.4641480194986798e-05
Exp2: + CSA,PR,57,1.0,0.11666666666666667,2.6392228392069228e-05
Exp2: + CSA,PR,58,1.0,0.11674774148714386,2.8082995413569734e-05
Exp2: + CSA,PR,59,1.0,0.1168289290681502,2.815225161612034e-05
Exp2: + CSA,PR,60,1.0,0.11691022964509394,2.8804501198465005e-05
Exp2: + CSA,PR,61,1.0,0.116991643454039,2.9079032174195163e-05
Exp2: + CSA,PR,62,1.0,0.11707317073170732,2.948782821476925e-05
Exp2: + CSA,PR,63,1.0,0.11715481171548117,2.9589238693006337e-05
Exp2: + CSA,PR,64,1.0,0.11723656664340544,3.049042607017327e-05
Exp2: + CSA,PR,65,1.0,0.11731843575418995,3.256023410358466e-05
Exp2: + CSA,PR,66,1.0,0.11740041928721175,3.2596319215372205e-05
Exp2: + CSA,PR,67,1.0,0.11748251748251748,3.2686570193618536e-05
Exp2: + CSA,PR,68,1.0,0.11756473058082575,3.3135271223727614e-05
Exp2: + CSA,PR,69,1.0,0.11764705882352941,3.3162064937641844e-05
Exp2: + CSA,PR,70,1.0,0.11772950245269796,3.319380630273372e-05
Exp2: + CSA,PR,71,1.0,0.11781206171107994,3.384963929420337e-05
Exp2: + CSA,PR,72,1.0,0.11789473684210526,3.5114146157866344e-05
Exp2: + CSA,PR,73,1.0,0.11797752808988764,3.802556966547854e-05
Exp2: + CSA,PR,74,1.0,0.11806043569922699,3.818373443209566e-05
Exp2: + CSA,PR,75,1.0,0.11814345991561181,3.929879312636331e-05
Exp2: + CSA,PR,76,1.0,0.11822660098522167,4.026968963444233e-05
Exp2: + CSA,PR,77,1.0,0.11830985915492957,4.122700556763448e-05
Exp2: + CSA,PR,78,1.0,0.11839323467230443,4.1486044210614637e-05
Exp2: + CSA,PR,79,1.0,0.11847672778561354,4.15050053561572e-05
Exp2: + CSA,PR,80,1.0,0.11856033874382499,4.30740874435287e-05
Exp2: + CSA,PR,81,1.0,0.11864406779661017,4.420966433826834e-05
Exp2: + CSA,PR,82,1.0,0.11872791519434629,4.45782789029181e-05
Exp2: + CSA,PR,83,1.0,0.1188118811881188,4.4644410081673414e-05
Exp2: + CSA,PR,84,1.0,0.11889596602972399,4.488820559345186e-05
Exp2: + CSA,PR,85,1.0,0.11898016997167139,4.515712134889327e-05
Exp2: + CSA,PR,86,1.0,0.11906449326718639,4.526856355369091e-05
Exp2: + CSA,PR,87,1.0,0.11914893617021277,4.6805878810118884e-05
Exp2: + CSA,PR,88,1.0,0.11923349893541518,4.7497898776782677e-05
Exp2: + CSA,PR,89,1.0,0.11931818181818182,4.911928408546373e-05
Exp2: + CSA,PR,90,1.0,0.11940298507462686,4.98091358167585e-05
Exp2: + CSA,PR,91,1.0,0.11948790896159317,5.0636012019822374e-05
Exp2: + CSA,PR,92,1.0,0.1195729537366548,5.18793603987433e-05
Exp2: + CSA,PR,93,1.0,0.11965811965811966,5.2292678446974605e-05
Exp2: + CSA,PR,94,1.0,0.11974340698503208,5.245870488579385e-05
Exp2: + CSA,PR,95,1.0,0.11982881597717546,5.249611058388837e-05
Exp2: + CSA,PR,96,1.0,0.11991434689507495,5.2528535888995975e-05
Exp2: + CSA,PR,97,1.0,0.12,5.3440144256455824e-05
Exp2: + CSA,PR,98,1.0,0.12008577555396711,5.4426804126705974e-05
Exp2: + CSA,PR,99,1.0,0.12017167381974249,5.759630221291445e-05
Exp2: + CSA,PR,100,1.0,0.12025769506084466,5.780434003099799e-05
Exp2: + CSA,PR,101,1.0,0.12034383954154727,5.782899461337365e-05
Exp2: + CSA,PR,102,1.0,0.12043010752688173,5.847289503435604e-05
Exp2: + CSA,PR,103,1.0,0.12051649928263988,5.8759324019774795e-05
Exp2: + CSA,PR,104,1.0,0.12060301507537688,5.922242417000234e-05
Exp2: + CSA,PR,105,1.0,0.1206896551724138,6.0902028053533286e-05
Exp2: + CSA,PR,106,1.0,0.1207764198418404,6.11680225119926e-05
Exp2: + CSA,PR,107,1.0,0.12086330935251799,6.164458318380639e-05
Exp2: + CSA,PR,108,1.0,0.12095032397408208,6.204478995641693e-05
Exp2: + CSA,PR,109,1.0,0.12103746397694524,6.209305865922943e-05
Exp2: + CSA,PR,110,1.0,0.12112472963229992,6.244416726985946e-05
Exp2: + CSA,PR,111,1.0,0.12121212121212122,6.27914778306149e-05
Exp2: + CSA,PR,112,1.0,0.12129963898916968,6.340399704640731e-05
Exp2: + CSA,PR,113,1.0,0.12138728323699421,6.373714859364554e-05
Exp2: + CSA,PR,114,1.0,0.12147505422993492,6.687160930596292e-05
Exp2: + CSA,PR,115,1.0,0.12156295224312591,6.754129572072998e-05
Exp2: + CSA,PR,116,1.0,0.1216509775524982,6.763473356841132e-05
Exp2: + CSA,PR,117,1.0,0.12173913043478261,6.796496745664626e-05
Exp2: + CSA,PR,118,1.0,0.1218274111675127,6.902635504957289e-05
Exp2: + CSA,PR,119,1.0,0.12191582002902758,7.052768341964111e-05
Exp2: + CSA,PR,120,1.0,0.12200435729847495,7.116358756320551e-05
Exp2: + CSA,PR,121,1.0,0.12209302325581395,7.216166704893112e-05
Exp2: + CSA,PR,122,1.0,0.12218181818181818,7.281574653461576e-05
Exp2: + CSA,PR,123,1.0,0.1222707423580786,7.46805890230462e-05
Exp2: + CSA,PR,124,1.0,0.12235979606700656,7.542446837760508e-05
Exp2: + CSA,PR,125,1.0,0.12244897959183673,7.587315485579893e-05
Exp2: + CSA,PR,126,1.0,0.12253829321663019,7.616813672939315e-05
Exp2: + CSA,PR,127,1.0,0.12262773722627737,7.63919233577326e-05
Exp2: + CSA,PR,128,1.0,0.12271731190650109,7.777370774419978e-05
Exp2: + CSA,PR,129,1.0,0.12280701754385964,7.946488040033728e-05
Exp2: + CSA,PR,130,1.0,0.12289685442574981,8.051985059864819e-05
Exp2: + CSA,PR,131,1.0,0.12298682284040996,8.055795478867367e-05
Exp2: + CSA,PR,132,1.0,0.12307692307692308,8.058529783738777e-05
Exp2: + CSA,PR,133,1.0,0.12316715542521994,8.159370190696791e-05
Exp2: + CSA,PR,134,1.0,0.12325752017608217,8.302665810333565e-05
Exp2: + CSA,PR,135,1.0,0.12334801762114538,8.384067041333765e-05
Exp2: + CSA,PR,136,1.0,0.12343864805290228,8.471482578897849e-05
Exp2: + CSA,PR,137,1.0,0.12352941176470589,8.5993051470723e-05
Exp2: + CSA,PR,138,1.0,0.12362030905077263,8.739324402995408e-05
Exp2: + CSA,PR,139,1.0,0.12371134020618557,8.821836672723293e-05
Exp2: + CSA,PR,140,1.0,0.12380250552689757,8.82260428625159e-05
Exp2: + CSA,PR,141,1.0,0.12389380530973451,8.873634214978665e-05
Exp2: + CSA,PR,142,1.0,0.12398523985239852,9.051250526681542e-05
Exp2: + CSA,PR,143,1.0,0.1240768094534712,9.101900650421157e-05
Exp2: + CSA,PR,144,1.0,0.12416851441241686,9.293704351875931e-05
Exp2: + CSA,PR,145,1.0,0.1242603550295858,9.437005064683035e-05
Exp2: + CSA,PR,146,1.0,0.12435233160621761,9.519222658127546e-05
Exp2: + CSA,PR,147,1.0,0.12444444444444444,9.583171777194366e-05
Exp2: + CSA,PR,148,1.0,0.1245366938472943,9.677449270384386e-05
Exp2: + CSA,PR,149,1.0,0.12462908011869436,9.738610970089212e-05
Exp2: + CSA,PR,150,1.0,0.12472160356347439,9.791968477657065e-05
Exp2: + CSA,PR,151,1.0,0.12481426448736999,9.873585804598406e-05
Exp2: + CSA,PR,152,1.0,0.12490706319702602,0.00010271844075759873
Exp2: + CSA,PR,153,1.0,0.125,0.00010456805466674268
Exp2: + CSA,PR,154,1.0,0.12509307520476545,0.00010577914508758113
Exp2: + CSA,PR,155,1.0,0.12518628912071536,0.00010594131163088605
Exp2: + CSA,PR,156,1.0,0.12527964205816555,0.00010606557043502107
Exp2: + CSA,PR,157,1.0,0.1253731343283582,0.00010614911298034713
Exp2: + CSA,PR,158,1.0,0.12546676624346528,0.00010671209747670218
Exp2: + CSA,PR,159,1.0,0.12556053811659193,0.00010695489618228748
Exp2: + CSA,PR,160,1.0,0.1256544502617801,0.00010906455281656235
Exp2: + CSA,PR,161,1.0,0.12574850299401197,0.00010921849752776325
Exp2: + CSA,PR,162,1.0,0.1258426966292135,0.00011095558147644624
Exp2: + CSA,PR,163,1.0,0.12593703148425786,0.00011116977839265019
Exp2: + CSA,PR,164,1.0,0.12603150787696923,0.00011152278602821752
Exp2: + CSA,PR,165,1.0,0.12612612612612611,0.00011179667490068823
Exp2: + CSA,PR,166,1.0,0.12622088655146507,0.00011365054524503648
Exp2: + CSA,PR,167,1.0,0.12631578947368421,0.00011370889114914462
Exp2: + CSA,PR,168,1.0,0.12641083521444696,0.00011593593808356673
Exp2: + CSA,PR,169,1.0,0.12650602409638553,0.00011813871242338791
Exp2: + CSA,PR,170,1.0,0.12660135644310475,0.0001184422435471788
Exp2: + CSA,PR,171,1.0,0.12669683257918551,0.00011952915519941598
Exp2: + CSA,PR,172,1.0,0.12679245283018867,0.00011974634981015697
Exp2: + CSA,PR,173,1.0,0.1268882175226586,0.00011981827265117317
Exp2: + CSA,PR,174,1.0,0.12698412698412698,0.00011992047802777961
Exp2: + CSA,PR,175,1.0,0.12708018154311648,0.00012137996964156628
Exp2: + CSA,PR,176,1.0,0.1271763815291446,0.00012343535490799695
Exp2: + CSA,PR,177,1.0,0.12727272727272726,0.00012371997581794858
Exp2: + CSA,PR,178,1.0,0.12736921910538287,0.00012485127081163228
Exp2: + CSA,PR,179,1.0,0.1274658573596358,0.00012568182137329131
Exp2: + CSA,PR,180,1.0,0.1275626423690205,0.0001259085111087188
Exp2: + CSA,PR,181,1.0,0.1276595744680851,0.00012694996257778257
Exp2: + CSA,PR,182,1.0,0.12775665399239544,0.0001274303940590471
Exp2: + CSA,PR,183,1.0,0.1278538812785388,0.00012966763461008668
Exp2: + CSA,PR,184,1.0,0.12795125666412796,0.00013017188757658005
Exp2: + CSA,PR,185,1.0,0.12804878048780488,0.0001316423440584913
Exp2: + CSA,PR,186,1.0,0.12814645308924486,0.00013228549505583942
Exp2: + CSA,PR,187,1.0,0.1282442748091603,0.00013402172771748155
Exp2: + CSA,PR,188,1.0,0.12834224598930483,0.0001360172318527475
Exp2: + CSA,PR,189,1.0,0.12844036697247707,0.00013807284994982183
Exp2: + CSA,PR,190,1.0,0.12853863810252486,0.00013815636339131743
Exp2: + CSA,PR,191,1.0,0.12863705972434916,0.00013832731929142028
Exp2: + CSA,PR,192,1.0,0.12873563218390804,0.0001384441420668736
Exp2: + CSA,PR,193,1.0,0.12883435582822086,0.0001386576914228499
Exp2: + CSA,PR,194,1.0,0.1289332310053722,0.00013867866073269397
Exp2: + CSA,PR,195,1.0,0.12903225806451613,0.00013942539226263762
Exp2: + CSA,PR,196,1.0,0.1291314373558801,0.00014008105790708214
Exp2: + CSA,PR,197,1.0,0.12923076923076923,0.00014010487939231098
Exp2: + CSA,PR,198,1.0,0.12933025404157045,0.00014013482723385096
Exp2: + CSA,PR,199,1.0,0.12942989214175654,0.00014227229985408485
Exp2: + CSA,PR,200,1.0,0.1295296838858905,0.00014594440290238708
Exp2: + CSA,PR,201,1.0,0.12962962962962962,0.00014635405386798084
Exp2: + CSA,PR,202,1.0,0.12972972972972974,0.00014707773516420275
Exp2: + CSA,PR,203,1.0,0.12982998454404945,0.00014871438906993717
Exp2: + CSA,PR,204,1.0,0.12993039443155452,0.00014958795509301126
Exp2: + CSA,PR,205,1.0,0.13003095975232198,0.00014959031250327826
Exp2: + CSA,PR,206,1.0,0.13013168086754454,0.00015053882088977844
Exp2: + CSA,PR,207,1.0,0.13023255813953488,0.00015228541451506317
Exp2: + CSA,PR,208,1.0,0.13033359193173003,0.0001540794037282467
Exp2: + CSA,PR,209,1.0,0.13043478260869565,0.00015422541764564812
Exp2: + CSA,PR,210,1.0,0.13053613053613053,0.00015546800568699837
Exp2: + CSA,PR,211,1.0,0.13063763608087092,0.00015612842980772257
Exp2: + CSA,PR,212,1.0,0.13073929961089495,0.00015618650650139898
Exp2: + CSA,PR,213,1.0,0.1308411214953271,0.00015840237028896809
Exp2: + CSA,PR,214,1.0,0.1309431021044427,0.00015981702017597854
Exp2: + CSA,PR,215,1.0,0.1310452418096724,0.00016110467549879104
Exp2: + CSA,PR,216,1.0,0.13114754098360656,0.00016384995251428336
Exp2: + CSA,PR,217,1.0,0.13125,0.00016474969743285328
Exp2: + CSA,PR,218,1.0,0.1313526192337764,0.00016511595458723605
Exp2: + CSA,PR,219,1.0,0.13145539906103287,0.00016520160716027021
Exp2: + CSA,PR,220,1.0,0.13155833985904464,0.00016624278214294463
Exp2: + CSA,PR,221,1.0,0.13166144200626959,0.00016642619448248297
Exp2: + CSA,PR,222,1.0,0.13176470588235295,0.00016665241855662316
Exp2: + CSA,PR,223,1.0,0.13186813186813187,0.00016791580128483474
Exp2: + CSA,PR,224,1.0,0.13197172034564023,0.00016924331430345774
Exp2: + CSA,PR,225,1.0,0.1320754716981132,0.00017091704648919404
Exp2: + CSA,PR,226,1.0,0.13217938630999213,0.0001744352193782106
Exp2: + CSA,PR,227,1.0,0.13228346456692913,0.00017522263806313276
Exp2: + CSA,PR,228,1.0,0.13238770685579196,0.0001760935119818896
Exp2: + CSA,PR,229,1.0,0.13249211356466878,0.0001778456789907068
Exp2: + CSA,PR,230,1.0,0.13259668508287292,0.0001781223836587742
Exp2: + CSA,PR,231,1.0,0.13270142180094788,0.00017981357814278454
Exp2: + CSA,PR,232,1.0,0.13280632411067195,0.00018023471056949347
Exp2: + CSA,PR,233,1.0,0.13291139240506328,0.00018043466843664646
Exp2: + CSA,PR,234,1.0,0.1330166270783848,0.00018194428412243724
Exp2: + CSA,PR,235,1.0,0.13312202852614896,0.00018264094251208007
Exp2: + CSA,PR,236,1.0,0.13322759714512292,0.0001835763978306204
Exp2: + CSA,PR,237,1.0,0.13333333333333333,0.00018399003602098674
Exp2: + CSA,PR,238,1.0,0.13343923749007147,0.00018426004680804908
Exp2: + CSA,PR,239,1.0,0.13354531001589826,0.0001913283922476694
Exp2: + CSA,PR,240,1.0,0.13365155131264916,0.0001921796938404441
Exp2: + CSA,PR,241,1.0,0.1337579617834395,0.00019274438091088086
Exp2: + CSA,PR,242,1.0,0.13386454183266933,0.0001939659850904718
Exp2: + CSA,PR,243,1.0,0.1339712918660287,0.00019398718723095953
Exp2: + CSA,PR,244,1.0,0.1340782122905028,0.0001945241674548015
Exp2: + CSA,PR,245,1.0,0.134185303514377,0.00019510972197167575
Exp2: + CSA,PR,246,1.0,0.1342925659472422,0.00019534888269845396
Exp2: + CSA,PR,247,1.0,0.1344,0.0001971265155589208
Exp2: + CSA,PR,248,1.0,0.1345076060848679,0.00019833333499263972
Exp2: + CSA,PR,249,1.0,0.1346153846153846,0.00019891538249794394
Exp2: + CSA,PR,250,1.0,0.1347233360064154,0.0002001051470870152
Exp2: + CSA,PR,251,1.0,0.1348314606741573,0.00020356031018309295
Exp2: + CSA,PR,252,1.0,0.13493975903614458,0.0002062835410470143
Exp2: + CSA,PR,253,1.0,0.13504823151125403,0.00020735521684400737
Exp2: + CSA,PR,254,1.0,0.13515687851971037,0.0002082975406665355
Exp2: + CSA,PR,255,1.0,0.13526570048309178,0.00020833153394050896
Exp2: + CSA,PR,256,1.0,0.13537469782433523,0.0002101286081597209
Exp2: + CSA,PR,257,1.0,0.13548387096774195,0.00021022498549427837
Exp2: + CSA,PR,258,1.0,0.13559322033898305,0.0002119692217092961
Exp2: + CSA,PR,259,1.0,0.13570274636510501,0.00021224012016318738
Exp2: + CSA,PR,260,1.0,0.13581244947453516,0.00021244073286652565
Exp2: + CSA,PR,261,1.0,0.13592233009708737,0.00021322739485185593
Exp2: + CSA,PR,262,1.0,0.1360323886639676,0.0002137403644155711
Exp2: + CSA,PR,263,1.0,0.13614262560777957,0.000216238375287503
Exp2: + CSA,PR,264,1.0,0.1362530413625304,0.0002164481411455199
Exp2: + CSA,PR,265,1.0,0.13636363636363635,0.00021661717619281262
Exp2: + CSA,PR,266,1.0,0.1364744110479285,0.00021752755856141448
Exp2: + CSA,PR,267,1.0,0.13658536585365855,0.00021757587091997266
Exp2: + CSA,PR,268,1.0,0.13669650122050447,0.0002182807365898043
Exp2: + CSA,PR,269,1.0,0.13680781758957655,0.0002188519574701786
Exp2: + CSA,PR,270,1.0,0.13691931540342298,0.00022025281214155257
Exp2: + CSA,PR,271,1.0,0.1370309951060359,0.0002205888886237517
Exp2: + CSA,PR,272,1.0,0.13714285714285715,0.00022095539316069335
Exp2: + CSA,PR,273,1.0,0.13725490196078433,0.00022136836196295917
Exp2: + CSA,PR,274,1.0,0.1373671300081766,0.00022157156490720809
Exp2: + CSA,PR,275,1.0,0.13747954173486088,0.00022291610366664827
Exp2: + CSA,PR,276,1.0,0.1375921375921376,0.00022300929413177073
Exp2: + CSA,PR,277,1.0,0.1377049180327869,0.00022328156046569347
Exp2: + CSA,PR,278,1.0,0.13781788351107466,0.00022469714167527854
Exp2: + CSA,PR,279,1.0,0.13793103448275862,0.0002252602862427011
Exp2: + CSA,PR,280,1.0,0.13804437140509448,0.00022532256843987852
Exp2: + CSA,PR,281,1.0,0.13815789473684212,0.00022564572282135487
Exp2: + CSA,PR,282,1.0,0.1382716049382716,0.00022816240380052477
Exp2: + CSA,PR,283,1.0,0.13838550247116968,0.00022828720102552325
Exp2: + CSA,PR,284,1.0,0.13849958779884583,0.00022950702987145633
Exp2: + CSA,PR,285,1.0,0.13861386138613863,0.00023012387100607157
Exp2: + CSA,PR,286,1.0,0.13872832369942195,0.00023421423975378275
Exp2: + CSA,PR,287,1.0,0.13884297520661157,0.0002351067669223994
Exp2: + CSA,PR,288,1.0,0.13895781637717122,0.0002362291852477938
Exp2: + CSA,PR,289,1.0,0.1390728476821192,0.00023698349832557142
Exp2: + CSA,PR,290,1.0,0.1391880695940348,0.00023731049441266805
Exp2: + CSA,PR,291,1.0,0.13930348258706468,0.0002377286582486704
Exp2: + CSA,PR,292,1.0,0.13941908713692946,0.00023900394444353878
Exp2: + CSA,PR,293,1.0,0.13953488372093023,0.00023992238857317716
Exp2: + CSA,PR,294,1.0,0.1396508728179551,0.00023997203970793635
Exp2: + CSA,PR,295,1.0,0.13976705490848584,0.00024071450752671808
Exp2: + CSA,PR,296,1.0,0.1398834304746045,0.0002421277022222057
Exp2: + CSA,PR,297,1.0,0.14,0.00024277970078401268
Exp2: + CSA,PR,298,1.0,0.14011676396997497,0.00024884287267923355
Exp2: + CSA,PR,299,1.0,0.14023372287145242,0.0002509612822905183
Exp2: + CSA,PR,300,1.0,0.14035087719298245,0.0002521567221265286
Exp2: + CSA,PR,301,1.0,0.14046822742474915,0.000252766563789919
Exp2: + CSA,PR,302,1.0,0.14058577405857742,0.0002529289049562067
Exp2: + CSA,PR,303,1.0,0.1407035175879397,0.00025411267415620387
Exp2: + CSA,PR,304,1.0,0.14082145850796313,0.00025421835016459227
Exp2: + CSA,PR,305,1.0,0.14093959731543623,0.00025485348305664957
Exp2: + CSA,PR,306,1.0,0.14105793450881612,0.00025518389884382486
Exp2: + CSA,PR,307,1.0,0.1411764705882353,0.000256178347626701
Exp2: + CSA,PR,308,1.0,0.14129520605550883,0.0002581470471341163
Exp2: + CSA,PR,309,1.0,0.1414141414141414,0.00025978212943300605
Exp2: + CSA,PR,310,1.0,0.14153327716933445,0.0002632942341733724
Exp2: + CSA,PR,311,1.0,0.14165261382799327,0.00026497672661207616
Exp2: + CSA,PR,312,1.0,0.14177215189873418,0.00026597653049975634
Exp2: + CSA,PR,313,1.0,0.14189189189189189,0.00026617100229486823
Exp2: + CSA,PR,314,1.0,0.14201183431952663,0.0002677136508282274
Exp2: + CSA,PR,315,1.0,0.14213197969543148,0.00026897669886238873
Exp2: + CSA,PR,316,1.0,0.14225232853513972,0.00026988450554199517
Exp2: + CSA,PR,317,1.0,0.1423728813559322,0.00027068666531704366
Exp2: + CSA,PR,318,1.0,0.14249363867684478,0.00027311319718137383
Exp2: + CSA,PR,319,1.0,0.14261460101867574,0.00027348543517291546
Exp2: + CSA,PR,320,1.0,0.1427357689039932,0.0002751612337306142
Exp2: + CSA,PR,321,1.0,0.14285714285714285,0.00027565425261855125
Exp2: + CSA,PR,322,1.0,0.14297872340425533,0.0002773447777144611
Exp2: + CSA,PR,323,1.0,0.14310051107325383,0.0002776236506178975
Exp2: + CSA,PR,324,1.0,0.1432225063938619,0.00028179888613522053
Exp2: + CSA,PR,325,1.0,0.14334470989761092,0.00028249266324564815
Exp2: + CSA,PR,326,1.0,0.14346712211784798,0.00028277895762585104
Exp2: + CSA,PR,327,1.0,0.14358974358974358,0.0002831056190188974
Exp2: + CSA,PR,328,1.0,0.1437125748502994,0.00028467384981922805
Exp2: + CSA,PR,329,1.0,0.14383561643835616,0.00028472914709709585
Exp2: + CSA,PR,330,1.0,0.14395886889460155,0.00028918730095028877
Exp2: + CSA,PR,331,1.0,0.14408233276157806,0.0002896568621508777
Exp2: + CSA,PR,332,1.0,0.14420600858369098,0.00029025538242422044
Exp2: + CSA,PR,333,1.0,0.14432989690721648,0.0002908994210883975
Exp2: + CSA,PR,334,1.0,0.14445399828030955,0.00029160891426727176
Exp2: + CSA,PR,335,1.0,0.14457831325301204,0.00029201325378380716
Exp2: + CSA,PR,336,1.0,0.14470284237726097,0.0002925554581452161
Exp2: + CSA,PR,337,1.0,0.14482758620689656,0.00029343381174840033
Exp2: + CSA,PR,338,1.0,0.1449525452976704,0.0002951656933873892
Exp2: + CSA,PR,339,1.0,0.14507772020725387,0.000295756064588204
Exp2: + CSA,PR,340,1.0,0.14520311149524634,0.00029590842314064503
Exp2: + CSA,PR,341,1.0,0.1453287197231834,0.0002964951563626528
Exp2: + CSA,PR,342,1.0,0.14545454545454545,0.00029723707120865583
Exp2: + CSA,PR,343,1.0,0.14558058925476602,0.0002980467979796231
Exp2: + CSA,PR,344,1.0,0.14570685169124023,0.0002994158130604774
Exp2: + CSA,PR,345,1.0,0.14583333333333334,0.0003008879139088094
Exp2: + CSA,PR,346,1.0,0.14596003475238922,0.00030225320369936526
Exp2: + CSA,PR,347,1.0,0.14608695652173914,0.00030509696807712317
Exp2: + CSA,PR,348,1.0,0.1462140992167102,0.00030735981999896467
Exp2: + CSA,PR,349,1.0,0.14634146341463414,0.0003075643035117537
Exp2: + CSA,PR,350,1.0,0.14646904969485613,0.0003085474018007517
Exp2: + CSA,PR,351,1.0,0.14659685863874344,0.00030898296972736716
Exp2: + CSA,PR,352,1.0,0.1467248908296943,0.0003209697315469384
Exp2: + CSA,PR,353,1.0,0.14685314685314685,0.0003222034720238298
Exp2: + CSA,PR,354,1.0,0.14698162729658792,0.0003267698339186609
Exp2: + CSA,PR,355,1.0,0.14711033274956217,0.00032893731258809566
Exp2: + CSA,PR,356,1.0,0.147239263803681,0.000333433854393661
Exp2: + CSA,PR,357,1.0,0.14736842105263157,0.0003352018247824162
Exp2: + CSA,PR,358,1.0,0.14749780509218613,0.000336929369950667
Exp2: + CSA,PR,359,1.0,0.14762741652021089,0.0003386465541552752
Exp2: + CSA,PR,360,1.0,0.14775725593667546,0.00033888540929183364
Exp2: + CSA,PR,361,1.0,0.14788732394366197,0.0003394183877389878
Exp2: + CSA,PR,362,1.0,0.14801762114537445,0.0003444730245973915
Exp2: + CSA,PR,363,1.0,0.14814814814814814,0.0003493799304123968
Exp2: + CSA,PR,364,1.0,0.14827890556045895,0.00035072246100753546
Exp2: + CSA,PR,365,1.0,0.14840989399293286,0.0003513414121698588
Exp2: + CSA,PR,366,1.0,0.14854111405835543,0.0003513539268169552
Exp2: + CSA,PR,367,1.0,0.1486725663716814,0.00035199549165554345
Exp2: + CSA,PR,368,1.0,0.1488042515500443,0.00035259430296719074
Exp2: + CSA,PR,369,1.0,0.14893617021276595,0.0003530625835992396
Exp2: + CSA,PR,370,1.0,0.14906832298136646,0.0003542237973306328
Exp2: + CSA,PR,371,1.0,0.1492007104795737,0.00035468401620164514
Exp2: + CSA,PR,372,1.0,0.14933333333333335,0.0003592772118281573
Exp2: + CSA,PR,373,1.0,0.1494661921708185,0.000360656384145841
Exp2: + CSA,PR,374,1.0,0.1495992876224399,0.0003643140953499824
Exp2: + CSA,PR,375,1.0,0.1497326203208556,0.0003648862475529313
Exp2: + CSA,PR,376,1.0,0.14986619090098127,0.000366805586963892
Exp2: + CSA,PR,377,1.0,0.15,0.0003687982971314341
Exp2: + CSA,PR,378,1.0,0.15013404825737264,0.0003754766075871885
Exp2: + CSA,PR,379,1.0,0.15026833631484796,0.0003789915353991091
Exp2: + CSA,PR,380,1.0,0.1504028648164727,0.000379126489860937
Exp2: + CSA,PR,381,1.0,0.15053763440860216,0.0003852391382679343
Exp2: + CSA,PR,382,1.0,0.15067264573991032,0.00038697937270626426
Exp2: + CSA,PR,383,1.0,0.15080789946140036,0.0003876882838085294
Exp2: + CSA,PR,384,1.0,0.1509433962264151,0.00039023614954203367
Exp2: + CSA,PR,385,1.0,0.1510791366906475,0.00039204678614623845
Exp2: + CSA,PR,386,1.0,0.15121512151215122,0.00039482119609601796
Exp2: + CSA,PR,387,1.0,0.15135135135135136,0.0003977043379563838
Exp2: + CSA,PR,388,1.0,0.151487826871055,0.0004030834243167192
Exp2: + CSA,PR,389,1.0,0.15162454873646208,0.00040375630487687886
Exp2: + CSA,PR,390,1.0,0.15176151761517614,0.0004040868952870369
Exp2: + CSA,PR,391,1.0,0.1518987341772152,0.00040734888170845807
Exp2: + CSA,PR,392,1.0,0.1520361990950226,0.0004091070732101798
Exp2: + CSA,PR,393,1.0,0.15217391304347827,0.00041010582935996354
Exp2: + CSA,PR,394,1.0,0.15231187669990934,0.00041847076499834657
Exp2: + CSA,PR,395,1.0,0.15245009074410162,0.00042145646875724196
Exp2: + CSA,PR,396,1.0,0.15258855585831063,0.00042293299338780344
Exp2: + CSA,PR,397,1.0,0.15272727272727274,0.0004246008465997875
Exp2: + CSA,PR,398,1.0,0.15286624203821655,0.00042913490324281156
Exp2: + CSA,PR,399,1.0,0.15300546448087432,0.0004385197826195508
Exp2: + CSA,PR,400,1.0,0.15314494074749316,0.000440250791143626
Exp2: + CSA,PR,401,1.0,0.15328467153284672,0.00044420125777833164
Exp2: + CSA,PR,402,1.0,0.15342465753424658,0.0004465860256459564
Exp2: + CSA,PR,403,1.0,0.15356489945155394,0.0004492714360821992
Exp2: + CSA,PR,404,1.0,0.1537053979871912,0.00045524563756771386
Exp2: + CSA,PR,405,1.0,0.15384615384615385,0.0004597418010234833
Exp2: + CSA,PR,406,1.0,0.153987167736022,0.00046011395170353353
Exp2: + CSA,PR,407,1.0,0.15412844036697249,0.00046060464228503406
Exp2: + CSA,PR,408,1.0,0.15426997245179064,0.00046859122812747955
Exp2: + CSA,PR,409,1.0,0.15441176470588236,0.0004695334064308554
Exp2: + CSA,PR,410,1.0,0.1545538178472861,0.0004710626963060349
Exp2: + CSA,PR,411,1.0,0.15469613259668508,0.0004724192840512842
Exp2: + CSA,PR,412,1.0,0.15483870967741936,0.0004746146150864661
Exp2: + CSA,PR,413,1.0,0.15498154981549817,0.00047467369586229324
Exp2: + CSA,PR,414,1.0,0.15512465373961218,0.000477481895359233
Exp2: + CSA,PR,415,1.0,0.15526802218114602,0.00047810282558202744
Exp2: + CSA,PR,416,1.0,0.15541165587419056,0.000478476780699566
Exp2: + CSA,PR,417,1.0,0.15555555555555556,0.00047868347610346973
Exp2: + CSA,PR,418,1.0,0.1556997219647822,0.0004792340623680502
Exp2: + CSA,PR,419,1.0,0.15584415584415584,0.00048112080548889935
Exp2: + CSA,PR,420,1.0,0.15598885793871867,0.00048253830755129457
Exp2: + CSA,PR,421,1.0,0.15613382899628253,0.0004863896465394646
Exp2: + CSA,PR,422,1.0,0.15627906976744185,0.00048656947910785675
Exp2: + CSA,PR,423,1.0,0.1564245810055866,0.0004866193048655987
Exp2: + CSA,PR,424,1.0,0.1565703634669152,0.0004906179965473711
Exp2: + CSA,PR,425,1.0,0.15671641791044777,0.0004978310316801071
Exp2: + CSA,PR,426,1.0,0.1568627450980392,0.0005026060389354825
Exp2: + CSA,PR,427,1.0,0.15700934579439252,0.0005032375920563936
Exp2: + CSA,PR,428,1.0,0.15715622076707203,0.0005049856845289469
Exp2: + CSA,PR,429,1.0,0.15730337078651685,0.000506644428241998
Exp2: + CSA,PR,430,1.0,0.15745079662605435,0.0005094354273751378
Exp2: + CSA,PR,431,1.0,0.1575984990619137,0.000512573285959661
Exp2: + CSA,PR,432,1.0,0.15774647887323945,0.0005147173069417477
Exp2: + CSA,PR,433,1.0,0.15789473684210525,0.0005147919873706996
Exp2: + CSA,PR,434,1.0,0.15804327375352775,0.0005159676074981689
Exp2: + CSA,PR,435,1.0,0.15819209039548024,0.0005171191296540201
Exp2: + CSA,PR,436,1.0,0.1583411875589067,0.0005220495513640344
Exp2: + CSA,PR,437,1.0,0.15849056603773584,0.0005264951032586396
Exp2: + CSA,PR,438,1.0,0.15864022662889518,0.000533032463863492
Exp2: + CSA,PR,439,1.0,0.15879017013232513,0.0005347593687474728
Exp2: + CSA,PR,440,1.0,0.15894039735099338,0.0005348171689547598
Exp2: + CSA,PR,441,1.0,0.1590909090909091,0.0005356115871109068
Exp2: + CSA,PR,442,1.0,0.15924170616113745,0.0005360406357795
Exp2: + CSA,PR,443,1.0,0.15939278937381404,0.0005430490127764642
Exp2: + CSA,PR,444,1.0,0.15954415954415954,0.0005437089130282402
Exp2: + CSA,PR,445,1.0,0.1596958174904943,0.0005438860389403999
Exp2: + CSA,PR,446,1.0,0.1598477640342531,0.0005447035073302686
Exp2: + CSA,PR,447,1.0,0.16,0.0005452056648209691
Exp2: + CSA,PR,448,1.0,0.1601525262154433,0.000551234174054116
Exp2: + CSA,PR,449,1.0,0.16030534351145037,0.0005556732066906989
Exp2: + CSA,PR,450,1.0,0.16045845272206305,0.0005578031414188445
Exp2: + CSA,PR,451,1.0,0.16061185468451242,0.000558239989914
Exp2: + CSA,PR,452,1.0,0.16076555023923444,0.0005587100167758763
Exp2: + CSA,PR,453,1.0,0.16091954022988506,0.0005591672379523516
Exp2: + CSA,PR,454,1.0,0.1610738255033557,0.0005598842399194837
Exp2: + CSA,PR,455,1.0,0.16122840690978887,0.0005622367607429624
Exp2: + CSA,PR,456,1.0,0.16138328530259366,0.000564830843359232
Exp2: + CSA,PR,457,1.0,0.16153846153846155,0.000567039183806628
Exp2: + CSA,PR,458,1.0,0.1616939364773821,0.0005728763062506914
Exp2: + CSA,PR,459,1.0,0.16184971098265896,0.0005749016418121755
Exp2: + CSA,PR,460,1.0,0.16200578592092574,0.0005781157524324954
Exp2: + CSA,PR,461,1.0,0.16216216216216217,0.0005801643128506839
Exp2: + CSA,PR,462,1.0,0.16231884057971013,0.0005816190969198942
Exp2: + CSA,PR,463,1.0,0.16247582205029013,0.0005836536292918026
Exp2: + CSA,PR,464,1.0,0.16263310745401743,0.0005840667290613055
Exp2: + CSA,PR,465,1.0,0.16279069767441862,0.0005851815221831203
Exp2: + CSA,PR,466,1.0,0.1629485935984481,0.0005931378109380603
Exp2: + CSA,PR,467,1.0,0.16310679611650486,0.0005935529479756951
Exp2: + CSA,PR,468,1.0,0.16326530612244897,0.0005950382328592241
Exp2: + CSA,PR,469,1.0,0.16342412451361868,0.0006002428708598018
Exp2: + CSA,PR,470,1.0,0.16358325219084713,0.0006084300694055855
Exp2: + CSA,PR,471,1.0,0.16374269005847952,0.0006084765191189945
Exp2: + CSA,PR,472,1.0,0.16390243902439025,0.0006111428956501186
Exp2: + CSA,PR,473,1.0,0.1640625,0.0006152626010589302
Exp2: + CSA,PR,474,1.0,0.16422287390029325,0.0006165524828247726
Exp2: + CSA,PR,475,1.0,0.1643835616438356,0.0006187662365846336
Exp2: + CSA,PR,476,1.0,0.16454456415279137,0.0006249752477742732
Exp2: + CSA,PR,477,1.0,0.16470588235294117,0.0006257736822590232
Exp2: + CSA,PR,478,1.0,0.1648675171736997,0.0006327937007881701
Exp2: + CSA,PR,479,1.0,0.1650294695481336,0.0006346511654555798
Exp2: + CSA,PR,480,1.0,0.16519174041297935,0.0006439391290768981
Exp2: + CSA,PR,481,1.0,0.16535433070866143,0.0006441552541218698
Exp2: + CSA,PR,482,1.0,0.16551724137931034,0.0006451238295994699
Exp2: + CSA,PR,483,1.0,0.16568047337278108,0.0006499484297819436
Exp2: + CSA,PR,484,1.0,0.16584402764067127,0.0006553690182045102
Exp2: + CSA,PR,485,1.0,0.16600790513833993,0.0006574027938768268
Exp2: + CSA,PR,486,1.0,0.1661721068249258,0.0006588698015548289
Exp2: + CSA,PR,487,1.0,0.16633663366336635,0.000667389074806124
Exp2: + CSA,PR,488,1.0,0.16650148662041625,0.0006708434666506946
Exp2: + CSA,PR,489,1.0,0.16666666666666666,0.0006736499490216374
Exp2: + CSA,PR,490,1.0,0.16683217477656406,0.0006741583347320557
Exp2: + CSA,PR,491,1.0,0.16699801192842942,0.0006762142875231802
Exp2: + CSA,PR,492,1.0,0.16716417910447762,0.0006886319606564939
Exp2: + CSA,PR,493,1.0,0.16733067729083664,0.0006897191051393747
Exp2: + CSA,PR,494,1.0,0.1674975074775673,0.0006907849456183612
Exp2: + CSA,PR,495,1.0,0.16766467065868262,0.000692421686835587
Exp2: + CSA,PR,496,1.0,0.16783216783216784,0.0006958776502870023
Exp2: + CSA,PR,497,1.0,0.168,0.0007021965575404465
Exp2: + CSA,PR,498,1.0,0.16816816816816818,0.0007099668146111071
Exp2: + CSA,PR,499,1.0,0.1683366733466934,0.0007135396590456367
Exp2: + CSA,PR,500,1.0,0.16850551654964896,0.0007141747628338635
Exp2: + CSA,PR,501,1.0,0.1686746987951807,0.0007184732239693403
Exp2: + CSA,PR,502,1.0,0.16884422110552763,0.0007294223760254681
Exp2: + CSA,PR,503,1.0,0.16901408450704225,0.000730507483240217
Exp2: + CSA,PR,504,1.0,0.1691842900302115,0.0007357745198532939
Exp2: + CSA,PR,505,1.0,0.1693548387096774,0.0007366531062871218
Exp2: + CSA,PR,506,1.0,0.16952573158425832,0.0007384726777672768
Exp2: + CSA,PR,507,1.0,0.1696969696969697,0.0007528241840191185
Exp2: + CSA,PR,508,1.0,0.1698685540950455,0.0007535500917583704
Exp2: + CSA,PR,509,1.0,0.1700404858299595,0.0007578361546620727
Exp2: + CSA,PR,510,1.0,0.1702127659574468,0.0007717888802289963
Exp2: + CSA,PR,511,1.0,0.17038539553752535,0.0007814861601218581
Exp2: + CSA,PR,512,1.0,0.17055837563451776,0.0007843864732421935
Exp2: + CSA,PR,513,1.0,0.17073170731707318,0.0007917014299891889
Exp2: + CSA,PR,514,1.0,0.17090539165818922,0.0007924610981717706
Exp2: + CSA,PR,515,1.0,0.1710794297352342,0.0007942779338918626
Exp2: + CSA,PR,516,1.0,0.1712538226299694,0.0008034447091631591
Exp2: + CSA,PR,517,1.0,0.17142857142857143,0.0008046902366913855
Exp2: + CSA,PR,518,1.0,0.17160367722165476,0.0008056936785578728
Exp2: + CSA,PR,519,1.0,0.17177914110429449,0.0008078743703663349
Exp2: + CSA,PR,520,1.0,0.17195496417604914,0.0008089524926617742
Exp2: + CSA,PR,521,1.0,0.1721311475409836,0.0008118231780827045
Exp2: + CSA,PR,522,1.0,0.1723076923076923,0.0008142496808432043
Exp2: + CSA,PR,523,1.0,0.17248459958932238,0.0008152445661835372
Exp2: + CSA,PR,524,1.0,0.17266187050359713,0.000816588057205081
Exp2: + CSA,PR,525,1.0,0.1728395061728395,0.0008191072847694159
Exp2: + CSA,PR,526,1.0,0.17301750772399588,0.0008228502119891346
Exp2: + CSA,PR,527,1.0,0.1731958762886598,0.0008311874698847532
Exp2: + CSA,PR,528,1.0,0.17337461300309598,0.0008370030554942787
Exp2: + CSA,PR,529,1.0,0.17355371900826447,0.0008391456212848425
Exp2: + CSA,PR,530,1.0,0.1737331954498449,0.0008489412721246481
Exp2: + CSA,PR,531,1.0,0.17391304347826086,0.0008507188176736236
Exp2: + CSA,PR,532,1.0,0.17409326424870467,0.0008703215862624347
Exp2: + CSA,PR,533,1.0,0.17427385892116182,0.0008825472905300558
Exp2: + CSA,PR,534,0.9940476190476191,0.17341640706126688,0.0008887758594937623
Exp2: + CSA,PR,535,0.9940476190476191,0.1735966735966736,0.0008894018828868866
Exp2: + CSA,PR,536,0.9940476190476191,0.17377731529656607,0.0008911634795367718
Exp2: + CSA,PR,537,0.9940476190476191,0.17395833333333333,0.0008923340355977416
Exp2: + CSA,PR,538,0.9940476190476191,0.17413972888425444,0.0008946998277679086
Exp2: + CSA,PR,539,0.9940476190476191,0.174321503131524,0.0008987716282717884
Exp2: + CSA,PR,540,0.9940476190476191,0.17450365726227796,0.0009004630264826119
Exp2: + CSA,PR,541,0.9940476190476191,0.17468619246861924,0.000902994186617434
Exp2: + CSA,PR,542,0.9940476190476191,0.17486910994764399,0.0009037138079293072
Exp2: + CSA,PR,543,0.9940476190476191,0.1750524109014675,0.0009089720551855862
Exp2: + CSA,PR,544,0.9940476190476191,0.17523609653725078,0.0009121473995037377
Exp2: + CSA,PR,545,0.9940476190476191,0.17542016806722688,0.0009178301552310586
Exp2: + CSA,PR,546,0.9940476190476191,0.17560462670872765,0.0009191639837808907
Exp2: + CSA,PR,547,0.9940476190476191,0.17578947368421052,0.000922329374589026
Exp2: + CSA,PR,548,0.9940476190476191,0.17597471022128555,0.0009475398110225797
Exp2: + CSA,PR,549,0.9940476190476191,0.17616033755274263,0.000953633280005306
Exp2: + CSA,PR,550,0.9940476190476191,0.17634635691657866,0.0009583969367668033
Exp2: + CSA,PR,551,0.9940476190476191,0.17653276955602537,0.0009618218755349517
Exp2: + CSA,PR,552,0.9940476190476191,0.17671957671957672,0.0009655440226197243
Exp2: + CSA,PR,553,0.9940476190476191,0.17690677966101695,0.000974995200522244
Exp2: + CSA,PR,554,0.9940476190476191,0.17709437963944857,0.000981324352324009
Exp2: + CSA,PR,555,0.9940476190476191,0.17728237791932058,0.0009837272809818387
Exp2: + CSA,PR,556,0.9940476190476191,0.17747077577045697,0.0009921015007421374
Exp2: + CSA,PR,557,0.9940476190476191,0.1776595744680851,0.0010038071777671576
Exp2: + CSA,PR,558,0.9940476190476191,0.17784877529286475,0.0010093890596181154
Exp2: + CSA,PR,559,0.9940476190476191,0.17803837953091683,0.001012039720080793
Exp2: + CSA,PR,560,0.9940476190476191,0.17822838847385272,0.0010146518470719457
Exp2: + CSA,PR,561,0.9940476190476191,0.17841880341880342,0.0010200078831985593
Exp2: + CSA,PR,562,0.9940476190476191,0.1786096256684492,0.001020812545903027
Exp2: + CSA,PR,563,0.9940476190476191,0.17880085653104924,0.0010225157020613551
Exp2: + CSA,PR,564,0.9940476190476191,0.1789924973204716,0.0010265917517244816
Exp2: + CSA,PR,565,0.9940476190476191,0.1791845493562232,0.0010283248266205192
Exp2: + CSA,PR,566,0.9940476190476191,0.17937701396348013,0.0010340294102206826
Exp2: + CSA,PR,567,0.9940476190476191,0.17956989247311828,0.0010376644786447287
Exp2: + CSA,PR,568,0.9940476190476191,0.1797631862217438,0.0010494178859516978
Exp2: + CSA,PR,569,0.9940476190476191,0.17995689655172414,0.0010498177725821733
Exp2: + CSA,PR,570,0.9940476190476191,0.18015102481121897,0.0010512908920645714
Exp2: + CSA,PR,571,0.9940476190476191,0.18034557235421167,0.001051569008268416
Exp2: + CSA,PR,572,0.9940476190476191,0.18054054054054053,0.0010522495722398162
Exp2: + CSA,PR,573,0.9940476190476191,0.18073593073593072,0.0010610222816467285
Exp2: + CSA,PR,574,0.9940476190476191,0.180931744312026,0.0010771489469334483
Exp2: + CSA,PR,575,0.9940476190476191,0.18112798264642083,0.0010797592112794518
Exp2: + CSA,PR,576,0.9940476190476191,0.18132464712269272,0.0010839799651876092
Exp2: + CSA,PR,577,0.9940476190476191,0.1815217391304348,0.0010872598504647613
Exp2: + CSA,PR,578,0.9940476190476191,0.18171926006528835,0.0010876343585550785
Exp2: + CSA,PR,579,0.9940476190476191,0.18191721132897604,0.00109854678157717
Exp2: + CSA,PR,580,0.9940476190476191,0.1821155943293348,0.0011084933066740632
Exp2: + CSA,PR,581,0.9940476190476191,0.18231441048034935,0.0011152317747473717
Exp2: + CSA,PR,582,0.9940476190476191,0.1825136612021858,0.0011252755066379905
Exp2: + CSA,PR,583,0.9940476190476191,0.18271334792122537,0.00112979079131037
Exp2: + CSA,PR,584,0.9940476190476191,0.1829134720700986,0.0011348866391927004
Exp2: + CSA,PR,585,0.9940476190476191,0.18311403508771928,0.0011356270406395197
Exp2: + CSA,PR,586,0.9940476190476191,0.18331503841931943,0.0011419201036915183
Exp2: + CSA,PR,587,0.9940476190476191,0.1835164835164835,0.0011483598500490189
Exp2: + CSA,PR,588,0.9940476190476191,0.18371837183718373,0.0011527532478794456
Exp2: + CSA,PR,589,0.9940476190476191,0.183920704845815,0.0011615455150604248
Exp2: + CSA,PR,590,0.9940476190476191,0.18412348401323042,0.001162341213785112
Exp2: + CSA,PR,591,0.9940476190476191,0.18432671081677704,0.0011742274509742856
Exp2: + CSA,PR,592,0.9940476190476191,0.18453038674033148,0.0011818349594250321
Exp2: + CSA,PR,593,0.9940476190476191,0.1847345132743363,0.001184407388791442
Exp2: + CSA,PR,594,0.9940476190476191,0.1849390919158361,0.0012011479120701551
Exp2: + CSA,PR,595,0.9940476190476191,0.18514412416851442,0.0012037099804729223
Exp2: + CSA,PR,596,0.9940476190476191,0.1853496115427303,0.0012192297726869583
Exp2: + CSA,PR,597,0.9940476190476191,0.18555555555555556,0.0012308734003454447
Exp2: + CSA,PR,598,0.9940476190476191,0.185761957730812,0.0012397258542478085
Exp2: + CSA,PR,599,0.9940476190476191,0.18596881959910913,0.001242149039171636
Exp2: + CSA,PR,600,0.9940476190476191,0.18617614269788182,0.001246307510882616
Exp2: + CSA,PR,601,0.9940476190476191,0.18638392857142858,0.0012478323187679052
Exp2: + CSA,PR,602,0.9940476190476191,0.18659217877094972,0.0012504201149567962
Exp2: + CSA,PR,603,0.9940476190476191,0.18680089485458612,0.00125449663028121
Exp2: + CSA,PR,604,0.9940476190476191,0.187010078387458,0.0012553147971630096
Exp2: + CSA,PR,605,0.9940476190476191,0.18721973094170405,0.0012649820419028401
Exp2: + CSA,PR,606,0.9940476190476191,0.18742985409652077,0.0012663386296480894
Exp2: + CSA,PR,607,0.9940476190476191,0.18764044943820224,0.001267170999199152
Exp2: + CSA,PR,608,0.9940476190476191,0.18785151856017998,0.0012801687698811293
Exp2: + CSA,PR,609,0.9940476190476191,0.18806306306306306,0.0012812858913093805
Exp2: + CSA,PR,610,0.9940476190476191,0.1882750845546787,0.0012840589042752981
Exp2: + CSA,PR,611,0.9940476190476191,0.18848758465011287,0.0012872136430814862
Exp2: + CSA,PR,612,0.9940476190476191,0.18870056497175142,0.0012928247451782227
Exp2: + CSA,PR,613,0.9940476190476191,0.18891402714932126,0.0012955792481079698
Exp2: + CSA,PR,614,0.9940476190476191,0.18912797281993204,0.0013046103995293379
Exp2: + CSA,PR,615,0.9940476190476191,0.1893424036281179,0.001306929741986096
Exp2: + CSA,PR,616,0.9940476190476191,0.18955732122587968,0.0013134351465851068
Exp2: + CSA,PR,617,0.9940476190476191,0.18977272727272726,0.0013204870047047734
Exp2: + CSA,PR,618,0.9940476190476191,0.1899886234357224,0.0013204914284870028
Exp2: + CSA,PR,619,0.9940476190476191,0.19020501138952164,0.0013281272258609533
Exp2: + CSA,PR,620,0.9940476190476191,0.1904218928164196,0.0013348640641197562
Exp2: + CSA,PR,621,0.9940476190476191,0.1906392694063927,0.0013501275097951293
Exp2: + CSA,PR,622,0.9940476190476191,0.19085714285714286,0.0013575528282672167
Exp2: + CSA,PR,623,0.9940476190476191,0.19107551487414187,0.0013607218861579895
Exp2: + CSA,PR,624,0.9940476190476191,0.19129438717067582,0.0013637491501867771
Exp2: + CSA,PR,625,0.9940476190476191,0.1915137614678899,0.0013710916973650455
Exp2: + CSA,PR,626,0.9940476190476191,0.19173363949483352,0.001384186209179461
Exp2: + CSA,PR,627,0.9940476190476191,0.19195402298850575,0.0014046785654500127
Exp2: + CSA,PR,628,0.9940476190476191,0.19217491369390102,0.0014092253986746073
Exp2: + CSA,PR,629,0.9940476190476191,0.1923963133640553,0.0014133844524621964
Exp2: + CSA,PR,630,0.9940476190476191,0.19261822376009227,0.0014162460574880242
Exp2: + CSA,PR,631,0.9940476190476191,0.1928406466512702,0.001423553330823779
Exp2: + CSA,PR,632,0.9940476190476191,0.1930635838150289,0.001427214709110558
Exp2: + CSA,PR,633,0.9940476190476191,0.19328703703703703,0.0014412767486646771
Exp2: + CSA,PR,634,0.9940476190476191,0.19351100811123986,0.0014421422965824604
Exp2: + CSA,PR,635,0.9940476190476191,0.1937354988399072,0.00144564313814044
Exp2: + CSA,PR,636,0.9940476190476191,0.19396051103368175,0.0014540145639330149
Exp2: + CSA,PR,637,0.9940476190476191,0.1941860465116279,0.001462948857806623
Exp2: + CSA,PR,638,0.9940476190476191,0.19441210710128057,0.0014637920539826155
Exp2: + CSA,PR,639,0.9940476190476191,0.19463869463869463,0.0014714773278683424
Exp2: + CSA,PR,640,0.9940476190476191,0.19486581096849476,0.0014758832985535264
Exp2: + CSA,PR,641,0.9940476190476191,0.19509345794392524,0.00147930346429348
Exp2: + CSA,PR,642,0.9940476190476191,0.1953216374269006,0.0014866417041048408
Exp2: + CSA,PR,643,0.9940476190476191,0.1955503512880562,0.0014898116933181882
Exp2: + CSA,PR,644,0.9940476190476191,0.19577960140679954,0.0014912016922608018
Exp2: + CSA,PR,645,0.9940476190476191,0.1960093896713615,0.0014955176739022136
Exp2: + CSA,PR,646,0.9940476190476191,0.19623971797884843,0.0015002322616055608
Exp2: + CSA,PR,647,0.9940476190476191,0.19647058823529412,0.0015024346066638827
Exp2: + CSA,PR,648,0.9940476190476191,0.1967020023557126,0.001505663269199431
Exp2: + CSA,PR,649,0.9940476190476191,0.19693396226415094,0.001517826458439231
Exp2: + CSA,PR,650,0.9940476190476191,0.19716646989374262,0.0015240510692819953
Exp2: + CSA,PR,651,0.9940476190476191,0.19739952718676124,0.0015325522981584072
Exp2: + CSA,PR,652,0.9940476190476191,0.19763313609467456,0.0015394071815535426
Exp2: + CSA,PR,653,0.9940476190476191,0.19786729857819904,0.0015503489412367344
Exp2: + CSA,PR,654,0.9940476190476191,0.1981020166073547,0.0015584832290187478
Exp2: + CSA,PR,655,0.9940476190476191,0.19833729216152018,0.001581045682542026
Exp2: + CSA,PR,656,0.9940476190476191,0.1985731272294887,0.0015829538460820913
Exp2: + CSA,PR,657,0.9940476190476191,0.1988095238095238,0.001605421886779368
Exp2: + CSA,PR,658,0.9940476190476191,0.19904648390941598,0.001613254426047206
Exp2: + CSA,PR,659,0.9940476190476191,0.19928400954653938,0.001639844849705696
Exp2: + CSA,PR,660,0.9940476190476191,0.19952210274790919,0.0016486516688019037
Exp2: + CSA,PR,661,0.9880952380952381,0.19856459330143542,0.0016563446260988712
Exp2: + CSA,PR,662,0.9880952380952381,0.19880239520958085,0.0016849989769980311
Exp2: + CSA,PR,663,0.9880952380952381,0.19904076738609114,0.001689344528131187
Exp2: + CSA,PR,664,0.9880952380952381,0.1992797118847539,0.001689875964075327
Exp2: + CSA,PR,665,0.9880952380952381,0.19951923076923078,0.00169044965878129
Exp2: + CSA,PR,666,0.9880952380952381,0.19975932611311673,0.001694326987490058
Exp2: + CSA,PR,667,0.9880952380952381,0.2,0.001704718335531652
Exp2: + CSA,PR,668,0.9880952380952381,0.20024125452352232,0.0017104370053857565
Exp2: + CSA,PR,669,0.9880952380952381,0.20048309178743962,0.0017108488827943802
Exp2: + CSA,PR,670,0.9880952380952381,0.2007255139056832,0.0017433930188417435
Exp2: + CSA,PR,671,0.9880952380952381,0.2009685230024213,0.0017477619694545865
Exp2: + CSA,PR,672,0.9880952380952381,0.2012121212121212,0.001750198774971068
Exp2: + CSA,PR,673,0.9880952380952381,0.20145631067961164,0.0017527600284665823
Exp2: + CSA,PR,674,0.9880952380952381,0.20170109356014582,0.001765008899383247
Exp2: + CSA,PR,675,0.9880952380952381,0.20194647201946472,0.0017725578509271145
Exp2: + CSA,PR,676,0.9880952380952381,0.20219244823386115,0.0017962141428142786
Exp2: + CSA,PR,677,0.9880952380952381,0.20243902439024392,0.0018155800644308329
Exp2: + CSA,PR,678,0.9880952380952381,0.2026862026862027,0.0018254276365041733
Exp2: + CSA,PR,679,0.9880952380952381,0.20293398533007334,0.001838471507653594
Exp2: + CSA,PR,680,0.9880952380952381,0.20318237454100369,0.0018403810681775212
Exp2: + CSA,PR,681,0.9880952380952381,0.2034313725490196,0.0018544855993241072
Exp2: + CSA,PR,682,0.9880952380952381,0.20368098159509201,0.0018572614062577486
Exp2: + CSA,PR,683,0.9821428571428571,0.20270270270270271,0.0018797193188220263
Exp2: + CSA,PR,684,0.9821428571428571,0.2029520295202952,0.0018896828405559063
Exp2: + CSA,PR,685,0.9821428571428571,0.20320197044334976,0.0018899129936471581
Exp2: + CSA,PR,686,0.9821428571428571,0.2034525277435265,0.0018902037991210818
Exp2: + CSA,PR,687,0.9821428571428571,0.2037037037037037,0.0018943395698443055
Exp2: + CSA,PR,688,0.9821428571428571,0.20395550061804696,0.0019180879462510347
Exp2: + CSA,PR,689,0.9821428571428571,0.2042079207920792,0.0019215475767850876
Exp2: + CSA,PR,690,0.9821428571428571,0.20446096654275092,0.0019228453747928143
Exp2: + CSA,PR,691,0.9821428571428571,0.20471464019851116,0.0019239430548623204
Exp2: + CSA,PR,692,0.9821428571428571,0.20496894409937888,0.0019266997696831822
Exp2: + CSA,PR,693,0.9821428571428571,0.20522388059701493,0.0019293660297989845
Exp2: + CSA,PR,694,0.9821428571428571,0.2054794520547945,0.0019355451222509146
Exp2: + CSA,PR,695,0.9821428571428571,0.2057356608478803,0.0019381402526050806
Exp2: + CSA,PR,696,0.9821428571428571,0.20599250936329588,0.0019679353572428226
Exp2: + CSA,PR,697,0.9821428571428571,0.20625,0.0019904396031051874
Exp2: + CSA,PR,698,0.9821428571428571,0.2065081351689612,0.0019918677862733603
Exp2: + CSA,PR,699,0.9821428571428571,0.20676691729323307,0.001994388410821557
Exp2: + CSA,PR,700,0.9821428571428571,0.20702634880803011,0.0020012976601719856
Exp2: + CSA,PR,701,0.9821428571428571,0.20728643216080403,0.0020018720533698797
Exp2: + CSA,PR,702,0.9821428571428571,0.20754716981132076,0.0020100432448089123
Exp2: + CSA,PR,703,0.9821428571428571,0.20780856423173805,0.00202495651319623
Exp2: + CSA,PR,704,0.9821428571428571,0.2080706179066835,0.0020277658477425575
Exp2: + CSA,PR,705,0.9821428571428571,0.20833333333333334,0.002034885110333562
Exp2: + CSA,PR,706,0.9821428571428571,0.20859671302149177,0.002042247913777828
Exp2: + CSA,PR,707,0.9821428571428571,0.2088607594936709,0.0020470016170293093
Exp2: + CSA,PR,708,0.9821428571428571,0.20912547528517111,0.002051512710750103
Exp2: + CSA,PR,709,0.9761904761904762,0.20812182741116753,0.002064239466562867
Exp2: + CSA,PR,710,0.9761904761904762,0.20838627700127066,0.0020731377881020308
Exp2: + CSA,PR,711,0.9761904761904762,0.20865139949109415,0.0020734553690999746
Exp2: + CSA,PR,712,0.9761904761904762,0.2089171974522293,0.002073662355542183
Exp2: + CSA,PR,713,0.9761904761904762,0.20918367346938777,0.0020993035286664963
Exp2: + CSA,PR,714,0.9761904761904762,0.20945083014048532,0.0021048521157354116
Exp2: + CSA,PR,715,0.9761904761904762,0.20971867007672634,0.0021171148400753736
Exp2: + CSA,PR,716,0.9761904761904762,0.20998719590268886,0.00212589418515563
Exp2: + CSA,PR,717,0.9761904761904762,0.21025641025641026,0.002127724699676037
Exp2: + CSA,PR,718,0.9761904761904762,0.21052631578947367,0.0021368078887462616
Exp2: + CSA,PR,719,0.9761904761904762,0.21079691516709512,0.002167297760024667
Exp2: + CSA,PR,720,0.9761904761904762,0.21106821106821108,0.0021720193326473236
Exp2: + CSA,PR,721,0.9761904761904762,0.211340206185567,0.002181129064410925
Exp2: + CSA,PR,722,0.9761904761904762,0.21161290322580645,0.0021823185961693525
Exp2: + CSA,PR,723,0.9761904761904762,0.21188630490956073,0.002192449988797307
Exp2: + CSA,PR,724,0.9761904761904762,0.21216041397153945,0.0021942590828984976
Exp2: + CSA,PR,725,0.9761904761904762,0.21243523316062177,0.0021952283568680286
Exp2: + CSA,PR,726,0.9761904761904762,0.2127107652399481,0.0022033785935491323
Exp2: + CSA,PR,727,0.9761904761904762,0.21298701298701297,0.002207460580393672
Exp2: + CSA,PR,728,0.9761904761904762,0.21326397919375814,0.0022105856332927942
Exp2: + CSA,PR,729,0.9761904761904762,0.21354166666666666,0.002218932146206498
Exp2: + CSA,PR,730,0.9761904761904762,0.2138200782268579,0.002228332683444023
Exp2: + CSA,PR,731,0.9761904761904762,0.21409921671018275,0.0022324020974338055
Exp2: + CSA,PR,732,0.9761904761904762,0.21437908496732025,0.002272882265970111
Exp2: + CSA,PR,733,0.9761904761904762,0.21465968586387435,0.0022883121855556965
Exp2: + CSA,PR,734,0.9761904761904762,0.21494102228047182,0.002315846038982272
Exp2: + CSA,PR,735,0.9761904761904762,0.2152230971128609,0.002318083541467786
Exp2: + CSA,PR,736,0.9761904761904762,0.21550591327201052,0.0023181180004030466
Exp2: + CSA,PR,737,0.9761904761904762,0.21578947368421053,0.0023193135857582092
Exp2: + CSA,PR,738,0.9761904761904762,0.2160737812911726,0.0023327728267759085
Exp2: + CSA,PR,739,0.9761904761904762,0.21635883905013192,0.0023473380133509636
Exp2: + CSA,PR,740,0.9761904761904762,0.2166446499339498,0.002353715943172574
Exp2: + CSA,PR,741,0.9761904761904762,0.21693121693121692,0.002354260068386793
Exp2: + CSA,PR,742,0.9761904761904762,0.21721854304635763,0.0023693093098700047
Exp2: + CSA,PR,743,0.9761904761904762,0.21750663129973474,0.002373133087530732
Exp2: + CSA,PR,744,0.9761904761904762,0.21779548472775564,0.0023878379724919796
Exp2: + CSA,PR,745,0.9761904761904762,0.21808510638297873,0.002397353295236826
Exp2: + CSA,PR,746,0.9761904761904762,0.21837549933422104,0.0024067938793450594
Exp2: + CSA,PR,747,0.9761904761904762,0.21866666666666668,0.002411291003227234
Exp2: + CSA,PR,748,0.9761904761904762,0.21895861148197596,0.0024156172294169664
Exp2: + CSA,PR,749,0.9761904761904762,0.2192513368983957,0.0024164121132344007
Exp2: + CSA,PR,750,0.9761904761904762,0.21954484605087016,0.002435243921354413
Exp2: + CSA,PR,751,0.9761904761904762,0.21983914209115282,0.002445398597046733
Exp2: + CSA,PR,752,0.9761904761904762,0.22013422818791947,0.0024554922711104155
Exp2: + CSA,PR,753,0.9761904761904762,0.22043010752688172,0.0024641957134008408
Exp2: + CSA,PR,754,0.9761904761904762,0.22072678331090176,0.002474829088896513
Exp2: + CSA,PR,755,0.9761904761904762,0.2210242587601078,0.0025446482468396425
Exp2: + CSA,PR,756,0.9761904761904762,0.2213225371120108,0.002546458039432764
Exp2: + CSA,PR,757,0.9761904761904762,0.22162162162162163,0.0025465283542871475
Exp2: + CSA,PR,758,0.9761904761904762,0.2219215155615697,0.00255362456664443
Exp2: + CSA,PR,759,0.9761904761904762,0.2222222222222222,0.0025582686066627502
Exp2: + CSA,PR,760,0.9761904761904762,0.2225237449118046,0.0025718773249536753
Exp2: + CSA,PR,761,0.9761904761904762,0.22282608695652173,0.002580367960035801
Exp2: + CSA,PR,762,0.9761904761904762,0.22312925170068026,0.002598087303340435
Exp2: + CSA,PR,763,0.9761904761904762,0.22343324250681199,0.002599766245111823
Exp2: + CSA,PR,764,0.9761904761904762,0.22373806275579808,0.002600091742351651
Exp2: + CSA,PR,765,0.9761904761904762,0.22404371584699453,0.0026461270172148943
Exp2: + CSA,PR,766,0.9761904761904762,0.2243502051983584,0.0026491181924939156
Exp2: + CSA,PR,767,0.9761904761904762,0.22465753424657534,0.002666124841198325
Exp2: + CSA,PR,768,0.9761904761904762,0.22496570644718794,0.0026692161336541176
Exp2: + CSA,PR,769,0.9761904761904762,0.22527472527472528,0.0027059772983193398
Exp2: + CSA,PR,770,0.9761904761904762,0.22558459422283356,0.002731471788138151
Exp2: + CSA,PR,771,0.9761904761904762,0.22589531680440772,0.0027401666156947613
Exp2: + CSA,PR,772,0.9761904761904762,0.22620689655172413,0.0027627702802419662
Exp2: + CSA,PR,773,0.9761904761904762,0.2265193370165746,0.0027726865373551846
Exp2: + CSA,PR,774,0.9761904761904762,0.2268326417704011,0.00286644184961915
Exp2: + CSA,PR,775,0.9761904761904762,0.22714681440443213,0.002871377859264612
Exp2: + CSA,PR,776,0.9761904761904762,0.2274618585298197,0.0028719105757772923
Exp2: + CSA,PR,777,0.9761904761904762,0.22777777777777777,0.002872931770980358
Exp2: + CSA,PR,778,0.9761904761904762,0.22809457579972184,0.002949971240013838
Exp2: + CSA,PR,779,0.9761904761904762,0.22841225626740946,0.0029554986394941807
Exp2: + CSA,PR,780,0.9761904761904762,0.22873082287308227,0.002971980255097151
Exp2: + CSA,PR,781,0.9761904761904762,0.22905027932960895,0.0029767502564936876
Exp2: + CSA,PR,782,0.9761904761904762,0.22937062937062938,0.0029927510768175125
Exp2: + CSA,PR,783,0.9761904761904762,0.22969187675070027,0.0029999851249158382
Exp2: + CSA,PR,784,0.9761904761904762,0.2300140252454418,0.0030028463806957006
Exp2: + CSA,PR,785,0.9761904761904762,0.2303370786516854,0.003014276036992669
Exp2: + CSA,PR,786,0.9761904761904762,0.23066104078762306,0.003014323301613331
Exp2: + CSA,PR,787,0.9761904761904762,0.23098591549295774,0.003020839300006628
Exp2: + CSA,PR,788,0.9761904761904762,0.231311706629055,0.0030374506022781134
Exp2: + CSA,PR,789,0.9761904761904762,0.23163841807909605,0.003042536787688732
Exp2: + CSA,PR,790,0.9761904761904762,0.23196605374823195,0.0030461554415524006
Exp2: + CSA,PR,791,0.9761904761904762,0.23229461756373937,0.003075835295021534
Exp2: + CSA,PR,792,0.9761904761904762,0.2326241134751773,0.003102094167843461
Exp2: + CSA,PR,793,0.9761904761904762,0.23295454545454544,0.0031066739466041327
Exp2: + CSA,PR,794,0.9702380952380952,0.23186344238975817,0.0031185769475996494
Exp2: + CSA,PR,795,0.9702380952380952,0.23219373219373218,0.003140190150588751
Exp2: + CSA,PR,796,0.9702380952380952,0.23252496433666192,0.003145783906802535
Exp2: + CSA,PR,797,0.9702380952380952,0.23285714285714285,0.00317812105640769
Exp2: + CSA,PR,798,0.9702380952380952,0.23319027181688126,0.0032386130187660456
Exp2: + CSA,PR,799,0.9702380952380952,0.2335243553008596,0.0032586166635155678
Exp2: + CSA,PR,800,0.9702380952380952,0.23385939741750358,0.0032706393394619226
Exp2: + CSA,PR,801,0.9702380952380952,0.23419540229885058,0.0032785863149911165
Exp2: + CSA,PR,802,0.9702380952380952,0.23453237410071942,0.0033003746066242456
Exp2: + CSA,PR,803,0.9702380952380952,0.23487031700288186,0.0033090030774474144
Exp2: + CSA,PR,804,0.9702380952380952,0.2352092352092352,0.0033300884533673525
Exp2: + CSA,PR,805,0.9702380952380952,0.23554913294797689,0.0033618018496781588
Exp2: + CSA,PR,806,0.9642857142857143,0.23444283646888567,0.0033863724675029516
Exp2: + CSA,PR,807,0.9642857142857143,0.23478260869565218,0.0033942931331694126
Exp2: + CSA,PR,808,0.9642857142857143,0.2351233671988389,0.0034205676056444645
Exp2: + CSA,PR,809,0.9642857142857143,0.23546511627906977,0.0034505121875554323
Exp2: + CSA,PR,810,0.9642857142857143,0.23580786026200873,0.0034538565669208765
Exp2: + CSA,PR,811,0.9642857142857143,0.23615160349854228,0.0034702259581536055
Exp2: + CSA,PR,812,0.9583333333333334,0.23503649635036497,0.0034830616787075996
Exp2: + CSA,PR,813,0.9583333333333334,0.23538011695906433,0.0034908687230199575
Exp2: + CSA,PR,814,0.9583333333333334,0.23572474377745242,0.003496442921459675
Exp2: + CSA,PR,815,0.9583333333333334,0.23607038123167157,0.0035053722094744444
Exp2: + CSA,PR,816,0.9583333333333334,0.23641703377386197,0.0035073617473244667
Exp2: + CSA,PR,817,0.9583333333333334,0.23676470588235293,0.003514276584610343
Exp2: + CSA,PR,818,0.9583333333333334,0.23711340206185566,0.0035330841783434153
Exp2: + CSA,PR,819,0.9583333333333334,0.2374631268436578,0.0035581106785684824
Exp2: + CSA,PR,820,0.9583333333333334,0.2378138847858198,0.0035608583129942417
Exp2: + CSA,PR,821,0.9583333333333334,0.23816568047337278,0.003562645288184285
Exp2: + CSA,PR,822,0.9583333333333334,0.23851851851851852,0.0036251957062631845
Exp2: + CSA,PR,823,0.9583333333333334,0.23887240356083086,0.0036293193697929382
Exp2: + CSA,PR,824,0.9583333333333334,0.23922734026745915,0.003640269162133336
Exp2: + CSA,PR,825,0.9583333333333334,0.23958333333333334,0.0036417299415916204
Exp2: + CSA,PR,826,0.9583333333333334,0.2399403874813711,0.003643642645329237
Exp2: + CSA,PR,827,0.9583333333333334,0.24029850746268658,0.0037100943736732006
Exp2: + CSA,PR,828,0.9523809523809523,0.23916292974588937,0.003716810839250684
Exp2: + CSA,PR,829,0.9523809523809523,0.23952095808383234,0.00373968668282032
Exp2: + CSA,PR,830,0.9523809523809523,0.239880059970015,0.0037442357279360294
Exp2: + CSA,PR,831,0.9523809523809523,0.24024024024024024,0.0037746443413197994
Exp2: + CSA,PR,832,0.9523809523809523,0.24060150375939848,0.003791741095483303
Exp2: + CSA,PR,833,0.9523809523809523,0.24096385542168675,0.003794630290940404
Exp2: + CSA,PR,834,0.9523809523809523,0.24132730015082957,0.0038040827494114637
Exp2: + CSA,PR,835,0.9523809523809523,0.24169184290030213,0.0038049553986638784
Exp2: + CSA,PR,836,0.9523809523809523,0.24205748865355523,0.0038720271550118923
Exp2: + CSA,PR,837,0.9523809523809523,0.24242424242424243,0.003891303203999996
Exp2: + CSA,PR,838,0.9523809523809523,0.24279210925644917,0.003935954067856073
Exp2: + CSA,PR,839,0.9523809523809523,0.24316109422492402,0.003956793807446957
Exp2: + CSA,PR,840,0.9523809523809523,0.243531202435312,0.004020323511213064
Exp2: + CSA,PR,841,0.9523809523809523,0.24390243902439024,0.004122013226151466
Exp2: + CSA,PR,842,0.9523809523809523,0.24427480916030533,0.004139200784265995
Exp2: + CSA,PR,843,0.9523809523809523,0.24464831804281345,0.004157766234129667
Exp2: + CSA,PR,844,0.9523809523809523,0.2450229709035222,0.004162139259278774
Exp2: + CSA,PR,845,0.9523809523809523,0.24539877300613497,0.0041829124093055725
Exp2: + CSA,PR,846,0.9523809523809523,0.2457757296466974,0.00419132225215435
Exp2: + CSA,PR,847,0.9523809523809523,0.24615384615384617,0.004194862209260464
Exp2: + CSA,PR,848,0.9523809523809523,0.2465331278890601,0.00422855606302619
Exp2: + CSA,PR,849,0.9523809523809523,0.24691358024691357,0.004234389401972294
Exp2: + CSA,PR,850,0.9523809523809523,0.2472952086553323,0.004240456968545914
Exp2: + CSA,PR,851,0.9523809523809523,0.2476780185758514,0.00426717521622777
Exp2: + CSA,PR,852,0.9523809523809523,0.24806201550387597,0.004301642533391714
Exp2: + CSA,PR,853,0.9523809523809523,0.2484472049689441,0.004308565054088831
Exp2: + CSA,PR,854,0.9523809523809523,0.24883359253499224,0.004334199242293835
Exp2: + CSA,PR,855,0.9523809523809523,0.24922118380062305,0.004348666872829199
Exp2: + CSA,PR,856,0.9523809523809523,0.24960998439937598,0.004357452504336834
Exp2: + CSA,PR,857,0.9523809523809523,0.25,0.004400040488690138
Exp2: + CSA,PR,858,0.9523809523809523,0.25039123630672927,0.00445132190361619
Exp2: + CSA,PR,859,0.9523809523809523,0.2507836990595611,0.004488882143050432
Exp2: + CSA,PR,860,0.9523809523809523,0.25117739403453687,0.0044975196942687035
Exp2: + CSA,PR,861,0.9523809523809523,0.25157232704402516,0.004590392112731934
Exp2: + CSA,PR,862,0.9523809523809523,0.25196850393700787,0.004599527455866337
Exp2: + CSA,PR,863,0.9523809523809523,0.25236593059936907,0.004604513291269541
Exp2: + CSA,PR,864,0.9523809523809523,0.2527646129541864,0.00461795087903738
Exp2: + CSA,PR,865,0.9523809523809523,0.25316455696202533,0.004634571727365255
Exp2: + CSA,PR,866,0.9523809523809523,0.25356576862123614,0.004635616205632687
Exp2: + CSA,PR,867,0.9523809523809523,0.25396825396825395,0.004636657889932394
Exp2: + CSA,PR,868,0.9523809523809523,0.2543720190779014,0.004660723265260458
Exp2: + CSA,PR,869,0.9523809523809523,0.25477707006369427,0.004663269501179457
Exp2: + CSA,PR,870,0.9523809523809523,0.2551834130781499,0.004674451891332865
Exp2: + CSA,PR,871,0.9523809523809523,0.25559105431309903,0.004703054204583168
Exp2: + CSA,PR,872,0.9523809523809523,0.256,0.004704673308879137
Exp2: + CSA,PR,873,0.9523809523809523,0.2564102564102564,0.004727159161120653
Exp2: + CSA,PR,874,0.9523809523809523,0.2568218298555377,0.004727803170681
Exp2: + CSA,PR,875,0.9523809523809523,0.2572347266881029,0.00473976181820035
Exp2: + CSA,PR,876,0.9523809523809523,0.2576489533011272,0.004805804695934057
Exp2: + CSA,PR,877,0.9523809523809523,0.25806451612903225,0.004812298808246851
Exp2: + CSA,PR,878,0.9523809523809523,0.25848142164781907,0.004837071988731623
Exp2: + CSA,PR,879,0.9523809523809523,0.2588996763754045,0.0048624505288898945
Exp2: + CSA,PR,880,0.9523809523809523,0.2593192868719611,0.004862748086452484
Exp2: + CSA,PR,881,0.9523809523809523,0.2597402597402597,0.004874883219599724
Exp2: + CSA,PR,882,0.9523809523809523,0.2601626016260163,0.004877512808889151
Exp2: + CSA,PR,883,0.9523809523809523,0.26058631921824105,0.004921231418848038
Exp2: + CSA,PR,884,0.9523809523809523,0.26101141924959215,0.004954064264893532
Exp2: + CSA,PR,885,0.9523809523809523,0.26143790849673204,0.004958300851285458
Exp2: + CSA,PR,886,0.9523809523809523,0.2618657937806874,0.005093015264719725
Exp2: + CSA,PR,887,0.9523809523809523,0.26229508196721313,0.005097161512821913
Exp2: + CSA,PR,888,0.9523809523809523,0.2627257799671593,0.0051365140825510025
Exp2: + CSA,PR,889,0.9523809523809523,0.2631578947368421,0.005140232853591442
Exp2: + CSA,PR,890,0.9523809523809523,0.26359143327841844,0.005160338245332241
Exp2: + CSA,PR,891,0.9523809523809523,0.264026402640264,0.005165813956409693
Exp2: + CSA,PR,892,0.9523809523809523,0.2644628099173554,0.0051864637061953545
Exp2: + CSA,PR,893,0.9523809523809523,0.26490066225165565,0.005188559181988239
Exp2: + CSA,PR,894,0.9523809523809523,0.26533996683250416,0.005191022530198097
Exp2: + CSA,PR,895,0.9523809523809523,0.26578073089701,0.005255629308521748
Exp2: + CSA,PR,896,0.9523809523809523,0.26622296173044924,0.00525798462331295
Exp2: + CSA,PR,897,0.9523809523809523,0.26666666666666666,0.0052987998351454735
Exp2: + CSA,PR,898,0.9523809523809523,0.2671118530884808,0.0053534177131950855
Exp2: + CSA,PR,899,0.9523809523809523,0.26755852842809363,0.0053957668133080006
Exp2: + CSA,PR,900,0.9523809523809523,0.26800670016750416,0.005428216885775328
Exp2: + CSA,PR,901,0.9523809523809523,0.2684563758389262,0.0054646749049425125
Exp2: + CSA,PR,902,0.9523809523809523,0.2689075630252101,0.005527876783162355
Exp2: + CSA,PR,903,0.9523809523809523,0.26936026936026936,0.005560941528528929
Exp2: + CSA,PR,904,0.9523809523809523,0.26981450252951095,0.00556831294670701
Exp2: + CSA,PR,905,0.9523809523809523,0.2702702702702703,0.00561927817761898
Exp2: + CSA,PR,906,0.9523809523809523,0.2707275803722504,0.0056978981010615826
Exp2: + CSA,PR,907,0.9523809523809523,0.2711864406779661,0.005727934651076794
Exp2: + CSA,PR,908,0.9523809523809523,0.27164685908319186,0.005731810815632343
Exp2: + CSA,PR,909,0.9523809523809523,0.272108843537415,0.005738874431699514
Exp2: + CSA,PR,910,0.9523809523809523,0.272572402044293,0.005798981059342623
Exp2: + CSA,PR,911,0.9523809523809523,0.27303754266211605,0.005861085373908281
Exp2: + CSA,PR,912,0.9523809523809523,0.27350427350427353,0.005898802075535059
Exp2: + CSA,PR,913,0.9523809523809523,0.273972602739726,0.005903789307922125
Exp2: + CSA,PR,914,0.9523809523809523,0.274442538593482,0.005973510909825563
Exp2: + CSA,PR,915,0.9523809523809523,0.27491408934707906,0.005976319778710604
Exp2: + CSA,PR,916,0.9523809523809523,0.27538726333907054,0.0060235122218728065
Exp2: + CSA,PR,917,0.9523809523809523,0.27586206896551724,0.006050735246390104
Exp2: + CSA,PR,918,0.9523809523809523,0.2763385146804836,0.0060930089093744755
Exp2: + CSA,PR,919,0.9523809523809523,0.2768166089965398,0.00614509079605341
Exp2: + CSA,PR,920,0.9523809523809523,0.2772963604852686,0.006254579871892929
Exp2: + CSA,PR,921,0.9523809523809523,0.2777777777777778,0.006290691904723644
Exp2: + CSA,PR,922,0.9523809523809523,0.2782608695652174,0.006421421654522419
Exp2: + CSA,PR,923,0.9523809523809523,0.2787456445993031,0.006433357484638691
Exp2: + CSA,PR,924,0.9523809523809523,0.2792321116928447,0.006579564884305
Exp2: + CSA,PR,925,0.9523809523809523,0.27972027972027974,0.006601543631404638
Exp2: + CSA,PR,926,0.9523809523809523,0.28021015761821366,0.006619092542678118
Exp2: + CSA,PR,927,0.9523809523809523,0.2807017543859649,0.006625313777476549
Exp2: + CSA,PR,928,0.9523809523809523,0.281195079086116,0.006638043560087681
Exp2: + CSA,PR,929,0.9523809523809523,0.28169014084507044,0.006700590718537569
Exp2: + CSA,PR,930,0.9523809523809523,0.2821869488536155,0.006709287874400616
Exp2: + CSA,PR,931,0.9523809523809523,0.2826855123674912,0.0067606051452457905
Exp2: + CSA,PR,932,0.9523809523809523,0.2831858407079646,0.006801186129450798
Exp2: + CSA,PR,933,0.9523809523809523,0.28368794326241137,0.0068077812902629375
Exp2: + CSA,PR,934,0.9523809523809523,0.2841918294849023,0.006841161288321018
Exp2: + CSA,PR,935,0.9523809523809523,0.2846975088967972,0.006870799232274294
Exp2: + CSA,PR,936,0.9523809523809523,0.28520499108734404,0.006937230005860329
Exp2: + CSA,PR,937,0.9523809523809523,0.2857142857142857,0.007025805301964283
Exp2: + CSA,PR,938,0.9523809523809523,0.28622540250447226,0.007036565337330103
Exp2: + CSA,PR,939,0.9523809523809523,0.2867383512544803,0.007037629373371601
Exp2: + CSA,PR,940,0.9523809523809523,0.2872531418312388,0.007084936834871769
Exp2: + CSA,PR,941,0.9523809523809523,0.28776978417266186,0.007125624921172857
Exp2: + CSA,PR,942,0.9523809523809523,0.2882882882882883,0.0072204964235424995
Exp2: + CSA,PR,943,0.9523809523809523,0.2888086642599278,0.007291468326002359
Exp2: + CSA,PR,944,0.9523809523809523,0.28933092224231466,0.007351257372647524
Exp2: + CSA,PR,945,0.9523809523809523,0.2898550724637681,0.007417390588670969
Exp2: + CSA,PR,946,0.9523809523809523,0.29038112522686027,0.007418643683195114
Exp2: + CSA,PR,947,0.9523809523809523,0.2909090909090909,0.007456618826836348
Exp2: + CSA,PR,948,0.9523809523809523,0.29143897996357016,0.007525134366005659
Exp2: + CSA,PR,949,0.9523809523809523,0.291970802919708,0.007589366752654314
Exp2: + CSA,PR,950,0.9523809523809523,0.29250457038391225,0.00764321768656373
Exp2: + CSA,PR,951,0.9523809523809523,0.29304029304029305,0.007687032222747803
Exp2: + CSA,PR,952,0.9523809523809523,0.29357798165137616,0.0077018653973937035
Exp2: + CSA,PR,953,0.9523809523809523,0.29411764705882354,0.007764859590679407
Exp2: + CSA,PR,954,0.9523809523809523,0.2946593001841621,0.007783876731991768
Exp2: + CSA,PR,955,0.9523809523809523,0.2952029520295203,0.007798689883202314
Exp2: + CSA,PR,956,0.9523809523809523,0.2957486136783734,0.007800068706274033
Exp2: + CSA,PR,957,0.9523809523809523,0.2962962962962963,0.007827441208064556
Exp2: + CSA,PR,958,0.9523809523809523,0.29684601113172543,0.008072631433606148
Exp2: + CSA,PR,959,0.9523809523809523,0.29739776951672864,0.008127158507704735
Exp2: + CSA,PR,960,0.9523809523809523,0.297951582867784,0.008127309381961823
Exp2: + CSA,PR,961,0.9523809523809523,0.29850746268656714,0.00814695842564106
Exp2: + CSA,PR,962,0.9523809523809523,0.29906542056074764,0.008190043270587921
Exp2: + CSA,PR,963,0.9523809523809523,0.299625468164794,0.008229099214076996
Exp2: + CSA,PR,964,0.9523809523809523,0.300187617260788,0.008245451375842094
Exp2: + CSA,PR,965,0.9523809523809523,0.3007518796992481,0.008252445608377457
Exp2: + CSA,PR,966,0.9523809523809523,0.3013182674199623,0.0082979965955019
Exp2: + CSA,PR,967,0.9523809523809523,0.3018867924528302,0.008314434438943863
Exp2: + CSA,PR,968,0.9523809523809523,0.30245746691871456,0.008362460881471634
Exp2: + CSA,PR,969,0.9523809523809523,0.30303030303030304,0.008385252207517624
Exp2: + CSA,PR,970,0.9523809523809523,0.3036053130929791,0.008393321186304092
Exp2: + CSA,PR,971,0.9523809523809523,0.3041825095057034,0.008394834585487843
Exp2: + CSA,PR,972,0.9523809523809523,0.3047619047619048,0.00841846689581871
Exp2: + CSA,PR,973,0.9523809523809523,0.3053435114503817,0.008485411293804646
Exp2: + CSA,PR,974,0.9523809523809523,0.30592734225621415,0.008527170866727829
Exp2: + CSA,PR,975,0.9523809523809523,0.3065134099616858,0.008528231643140316
Exp2: + CSA,PR,976,0.9523809523809523,0.30710172744721687,0.00871345866471529
Exp2: + CSA,PR,977,0.9523809523809523,0.3076923076923077,0.008758226409554482
Exp2: + CSA,PR,978,0.9523809523809523,0.30828516377649323,0.008771100081503391
Exp2: + CSA,PR,979,0.9523809523809523,0.3088803088803089,0.00884969998151064
Exp2: + CSA,PR,980,0.9523809523809523,0.30947775628626695,0.008932100608944893
Exp2: + CSA,PR,981,0.9523809523809523,0.31007751937984496,0.008941449224948883
Exp2: + CSA,PR,982,0.9523809523809523,0.3106796116504854,0.008950970135629177
Exp2: + CSA,PR,983,0.9523809523809523,0.311284046692607,0.008967509493231773
Exp2: + CSA,PR,984,0.9523809523809523,0.31189083820662766,0.00902971439063549
Exp2: + CSA,PR,985,0.9523809523809523,0.3125,0.00915409717708826
Exp2: + CSA,PR,986,0.9523809523809523,0.3131115459882583,0.009191754274070263
Exp2: + CSA,PR,987,0.9523809523809523,0.3137254901960784,0.009252133779227734
Exp2: + CSA,PR,988,0.9523809523809523,0.3143418467583497,0.009267306886613369
Exp2: + CSA,PR,989,0.9523809523809523,0.31496062992125984,0.009303677827119827
Exp2: + CSA,PR,990,0.9523809523809523,0.3155818540433925,0.009394160471856594
Exp2: + CSA,PR,991,0.9523809523809523,0.31620553359683795,0.009605659171938896
Exp2: + CSA,PR,992,0.9523809523809523,0.31683168316831684,0.009608733467757702
Exp2: + CSA,PR,993,0.9464285714285714,0.31547619047619047,0.009660792537033558
Exp2: + CSA,PR,994,0.9464285714285714,0.31610337972166996,0.009714185260236263
Exp2: + CSA,PR,995,0.9464285714285714,0.31673306772908366,0.009723932482302189
Exp2: + CSA,PR,996,0.9464285714285714,0.31736526946107785,0.009799295105040073
Exp2: + CSA,PR,997,0.9464285714285714,0.318,0.00980917364358902
Exp2: + CSA,PR,998,0.9464285714285714,0.3186372745490982,0.009828830137848854
Exp2: + CSA,PR,999,0.9464285714285714,0.3192771084337349,0.00984598696231842
Exp2: + CSA,PR,1000,0.9464285714285714,0.3199195171026157,0.009925990365445614
Exp2: + CSA,PR,1001,0.9464285714285714,0.32056451612903225,0.009988744743168354
Exp2: + CSA,PR,1002,0.9464285714285714,0.3212121212121212,0.009998350404202938
Exp2: + CSA,PR,1003,0.9464285714285714,0.32186234817813764,0.010120948776602745
Exp2: + CSA,PR,1004,0.9464285714285714,0.3225152129817444,0.010140945203602314
Exp2: + CSA,PR,1005,0.9404761904761905,0.32113821138211385,0.010231788270175457
Exp2: + CSA,PR,1006,0.9404761904761905,0.32179226069246436,0.010382472537457943
Exp2: + CSA,PR,1007,0.9404761904761905,0.3224489795918367,0.010460367426276207
Exp2: + CSA,PR,1008,0.9404761904761905,0.3231083844580777,0.010561829432845116
Exp2: + CSA,PR,1009,0.9404761904761905,0.3237704918032787,0.010742045938968658
Exp2: + CSA,PR,1010,0.9404761904761905,0.324435318275154,0.010895280167460442
Exp2: + CSA,PR,1011,0.9404761904761905,0.32510288065843623,0.010917684994637966
Exp2: + CSA,PR,1012,0.9345238095238095,0.3237113402061856,0.01093996874988079
Exp2: + CSA,PR,1013,0.9345238095238095,0.3243801652892562,0.010944797657430172
Exp2: + CSA,PR,1014,0.9345238095238095,0.3250517598343685,0.010966910049319267
Exp2: + CSA,PR,1015,0.9345238095238095,0.3257261410788382,0.01098956074565649
Exp2: + CSA,PR,1016,0.9345238095238095,0.3264033264033264,0.011079372838139534
Exp2: + CSA,PR,1017,0.9345238095238095,0.32708333333333334,0.011098946444690228
Exp2: + CSA,PR,1018,0.9345238095238095,0.3277661795407098,0.011113244108855724
Exp2: + CSA,PR,1019,0.9285714285714286,0.3263598326359833,0.011155071668326855
Exp2: + CSA,PR,1020,0.9285714285714286,0.3270440251572327,0.011194468475878239
Exp2: + CSA,PR,1021,0.9285714285714286,0.3277310924369748,0.011226796545088291
Exp2: + CSA,PR,1022,0.9285714285714286,0.32842105263157895,0.011302996426820755
Exp2: + CSA,PR,1023,0.9226190476190477,0.3270042194092827,0.011309591121971607
Exp2: + CSA,PR,1024,0.9226190476190477,0.3276955602536998,0.011410851962864399
Exp2: + CSA,PR,1025,0.9226190476190477,0.3283898305084746,0.011421922594308853
Exp2: + CSA,PR,1026,0.9226190476190477,0.32908704883227174,0.011447406373918056
Exp2: + CSA,PR,1027,0.9226190476190477,0.32978723404255317,0.011448639445006847
Exp2: + CSA,PR,1028,0.9226190476190477,0.3311965811965812,0.011468526907265186
Exp2: + CSA,PR,1029,0.9226190476190477,0.33190578158458245,0.011660142801702023
Exp2: + CSA,PR,1030,0.9226190476190477,0.33261802575107297,0.01175527460873127
Exp2: + CSA,PR,1031,0.9226190476190477,0.3333333333333333,0.011896488256752491
Exp2: + CSA,PR,1032,0.9226190476190477,0.33405172413793105,0.011925925500690937
Exp2: + CSA,PR,1033,0.9226190476190477,0.3347732181425486,0.011933457106351852
Exp2: + CSA,PR,1034,0.9226190476190477,0.3354978354978355,0.011937238276004791
Exp2: + CSA,PR,1035,0.9226190476190477,0.3362255965292842,0.011989367194473743
Exp2: + CSA,PR,1036,0.9226190476190477,0.33695652173913043,0.012056895531713963
Exp2: + CSA,PR,1037,0.9226190476190477,0.33769063180827885,0.01206884253770113
Exp2: + CSA,PR,1038,0.9226190476190477,0.3384279475982533,0.01207813061773777
Exp2: + CSA,PR,1039,0.9226190476190477,0.33916849015317285,0.012083575129508972
Exp2: + CSA,PR,1040,0.9226190476190477,0.3399122807017544,0.012180918827652931
Exp2: + CSA,PR,1041,0.9226190476190477,0.34065934065934067,0.01224349346011877
Exp2: + CSA,PR,1042,0.9226190476190477,0.34140969162995594,0.012250027619302273
Exp2: + CSA,PR,1043,0.9226190476190477,0.34216335540838855,0.012285915203392506
Exp2: + CSA,PR,1044,0.9226190476190477,0.34292035398230086,0.01239798590540886
Exp2: + CSA,PR,1045,0.9226190476190477,0.3436807095343681,0.012439378537237644
Exp2: + CSA,PR,1046,0.9226190476190477,0.34444444444444444,0.012561789713799953
Exp2: + CSA,PR,1047,0.9226190476190477,0.34521158129175944,0.012565094977617264
Exp2: + CSA,PR,1048,0.9226190476190477,0.34598214285714285,0.012584144249558449
Exp2: + CSA,PR,1049,0.9226190476190477,0.34675615212527966,0.012619263492524624
Exp2: + CSA,PR,1050,0.9226190476190477,0.3475336322869955,0.01271006278693676
Exp2: + CSA,PR,1051,0.9226190476190477,0.34831460674157305,0.012714507058262825
Exp2: + CSA,PR,1052,0.9226190476190477,0.3490990990990991,0.012827032245695591
Exp2: + CSA,PR,1053,0.9226190476190477,0.34988713318284426,0.01289738155901432
Exp2: + CSA,PR,1054,0.9226190476190477,0.3506787330316742,0.012902210466563702
Exp2: + CSA,PR,1055,0.9166666666666666,0.3492063492063492,0.013080334290862083
Exp2: + CSA,PR,1056,0.9166666666666666,0.35,0.013139940798282623
Exp2: + CSA,PR,1057,0.9166666666666666,0.35079726651480636,0.01314060389995575
Exp2: + CSA,PR,1058,0.9166666666666666,0.3515981735159817,0.013386514969170094
Exp2: + CSA,PR,1059,0.9166666666666666,0.3524027459954233,0.013387760147452354
Exp2: + CSA,PR,1060,0.9107142857142857,0.35091743119266056,0.013593576848506927
Exp2: + CSA,PR,1061,0.9107142857142857,0.35172413793103446,0.013731151819229126
Exp2: + CSA,PR,1062,0.9107142857142857,0.35253456221198154,0.01374809443950653
Exp2: + CSA,PR,1063,0.9107142857142857,0.3533487297921478,0.013859844766557217
Exp2: + CSA,PR,1064,0.9107142857142857,0.3541666666666667,0.01388610526919365
Exp2: + CSA,PR,1065,0.9107142857142857,0.35498839907192575,0.013934426009654999
Exp2: + CSA,PR,1066,0.9107142857142857,0.3558139534883721,0.013988878577947617
Exp2: + CSA,PR,1067,0.9107142857142857,0.35664335664335667,0.014005751349031925
Exp2: + CSA,PR,1068,0.9107142857142857,0.3574766355140187,0.014032321982085705
Exp2: + CSA,PR,1069,0.9107142857142857,0.3583138173302108,0.014319349080324173
Exp2: + CSA,PR,1070,0.9107142857142857,0.3591549295774648,0.014354897662997246
Exp2: + CSA,PR,1071,0.9107142857142857,0.36,0.014484725892543793
Exp2: + CSA,PR,1072,0.9107142857142857,0.3608490566037736,0.014591973274946213
Exp2: + CSA,PR,1073,0.9107142857142857,0.3617021276595745,0.01490013301372528
Exp2: + CSA,PR,1074,0.9107142857142857,0.36255924170616116,0.014925598166882992
Exp2: + CSA,PR,1075,0.9047619047619048,0.36104513064133015,0.01501504983752966
Exp2: + CSA,PR,1076,0.9047619047619048,0.3619047619047619,0.01504096481949091
Exp2: + CSA,PR,1077,0.9047619047619048,0.3627684964200477,0.01504477672278881
Exp2: + CSA,PR,1078,0.9047619047619048,0.36363636363636365,0.015104351565241814
Exp2: + CSA,PR,1079,0.9047619047619048,0.3645083932853717,0.015243361704051495
Exp2: + CSA,PR,1080,0.9047619047619048,0.36538461538461536,0.015440176241099834
Exp2: + CSA,PR,1081,0.9047619047619048,0.36626506024096384,0.015522763133049011
Exp2: + CSA,PR,1082,0.9047619047619048,0.3671497584541063,0.015764808282256126
Exp2: + CSA,PR,1083,0.9047619047619048,0.36803874092009686,0.015828534960746765
Exp2: + CSA,PR,1084,0.9047619047619048,0.36893203883495146,0.01584736257791519
Exp2: + CSA,PR,1085,0.9047619047619048,0.36982968369829683,0.01585152931511402
Exp2: + CSA,PR,1086,0.9047619047619048,0.37073170731707317,0.015860022976994514
Exp2: + CSA,PR,1087,0.9047619047619048,0.37163814180929094,0.01594577729701996
Exp2: + CSA,PR,1088,0.9047619047619048,0.37254901960784315,0.016051476821303368
Exp2: + CSA,PR,1089,0.9047619047619048,0.37346437346437344,0.016162246465682983
Exp2: + CSA,PR,1090,0.9047619047619048,0.37438423645320196,0.01616966724395752
Exp2: + CSA,PR,1091,0.9047619047619048,0.37530864197530867,0.016307000070810318
Exp2: + CSA,PR,1092,0.9047619047619048,0.37623762376237624,0.016318369656801224
Exp2: + CSA,PR,1093,0.9047619047619048,0.3771712158808933,0.016412554308772087
Exp2: + CSA,PR,1094,0.9047619047619048,0.3781094527363184,0.016499539837241173
Exp2: + CSA,PR,1095,0.9047619047619048,0.3790523690773067,0.016587428748607635
Exp2: + CSA,PR,1096,0.9047619047619048,0.38,0.016709234565496445
Exp2: + CSA,PR,1097,0.9047619047619048,0.38095238095238093,0.016830524429678917
Exp2: + CSA,PR,1098,0.9047619047619048,0.38190954773869346,0.017365843057632446
Exp2: + CSA,PR,1099,0.8988095238095238,0.380352644836272,0.017494402825832367
Exp2: + CSA,PR,1100,0.8988095238095238,0.3813131313131313,0.01762067899107933
Exp2: + CSA,PR,1101,0.8988095238095238,0.3822784810126582,0.017770476639270782
Exp2: + CSA,PR,1102,0.8988095238095238,0.383248730964467,0.017788376659154892
Exp2: + CSA,PR,1103,0.8988095238095238,0.3842239185750636,0.017896054312586784
Exp2: + CSA,PR,1104,0.8988095238095238,0.3852040816326531,0.01808777265250683
Exp2: + CSA,PR,1105,0.8928571428571429,0.3836317135549872,0.018354089930653572
Exp2: + CSA,PR,1106,0.8928571428571429,0.38461538461538464,0.018415376543998718
Exp2: + CSA,PR,1107,0.8928571428571429,0.3856041131105398,0.018479689955711365
Exp2: + CSA,PR,1108,0.8928571428571429,0.3865979381443299,0.0186116024851799
Exp2: + CSA,PR,1109,0.8928571428571429,0.3875968992248062,0.01868962123990059
Exp2: + CSA,PR,1110,0.8928571428571429,0.38860103626943004,0.01904156059026718
Exp2: + CSA,PR,1111,0.8928571428571429,0.38961038961038963,0.01911604404449463
Exp2: + CSA,PR,1112,0.8869047619047619,0.3880208333333333,0.019154278561472893
Exp2: + CSA,PR,1113,0.8869047619047619,0.38903394255874674,0.019198652356863022
Exp2: + CSA,PR,1114,0.8869047619047619,0.3900523560209424,0.019483769312500954
Exp2: + CSA,PR,1115,0.8869047619047619,0.3910761154855643,0.01955064944922924
Exp2: + CSA,PR,1116,0.8809523809523809,0.3894736842105263,0.019725440070033073
Exp2: + CSA,PR,1117,0.8809523809523809,0.39050131926121373,0.019786110147833824
Exp2: + CSA,PR,1118,0.8809523809523809,0.3915343915343915,0.019867241382598877
Exp2: + CSA,PR,1119,0.8809523809523809,0.3925729442970822,0.019892802461981773
Exp2: + CSA,PR,1120,0.875,0.39095744680851063,0.02006678283214569
Exp2: + CSA,PR,1121,0.875,0.392,0.02015933021903038
Exp2: + CSA,PR,1122,0.875,0.393048128342246,0.02027379907667637
Exp2: + CSA,PR,1123,0.875,0.3941018766756032,0.020310431718826294
Exp2: + CSA,PR,1124,0.875,0.3951612903225806,0.020876947790384293
Exp2: + CSA,PR,1125,0.8690476190476191,0.3935309973045822,0.02094840630888939
Exp2: + CSA,PR,1126,0.8690476190476191,0.3945945945945946,0.02101246640086174
Exp2: + CSA,PR,1127,0.8690476190476191,0.3956639566395664,0.02115681767463684
Exp2: + CSA,PR,1128,0.8690476190476191,0.3967391304347826,0.021382788196206093
Exp2: + CSA,PR,1129,0.8690476190476191,0.3978201634877384,0.0215096827596426
Exp2: + CSA,PR,1130,0.8690476190476191,0.3989071038251366,0.021579036489129066
Exp2: + CSA,PR,1131,0.8690476190476191,0.4,0.022163026034832
Exp2: + CSA,PR,1132,0.8690476190476191,0.4010989010989011,0.022245332598686218
Exp2: + CSA,PR,1133,0.8690476190476191,0.4022038567493113,0.022434046491980553
Exp2: + CSA,PR,1134,0.8690476190476191,0.40331491712707185,0.02249373309314251
Exp2: + CSA,PR,1135,0.8690476190476191,0.40443213296398894,0.022497329860925674
Exp2: + CSA,PR,1136,0.8690476190476191,0.40555555555555556,0.02254052460193634
Exp2: + CSA,PR,1137,0.8690476190476191,0.40668523676880225,0.022664783522486687
Exp2: + CSA,PR,1138,0.8690476190476191,0.40782122905027934,0.02274096943438053
Exp2: + CSA,PR,1139,0.8690476190476191,0.40896358543417366,0.022989923134446144
Exp2: + CSA,PR,1140,0.8690476190476191,0.4101123595505618,0.023087816312909126
Exp2: + CSA,PR,1141,0.8690476190476191,0.4112676056338028,0.023477112874388695
Exp2: + CSA,PR,1142,0.8690476190476191,0.4124293785310734,0.02367127686738968
Exp2: + CSA,PR,1143,0.8690476190476191,0.41359773371104813,0.02378794737160206
Exp2: + CSA,PR,1144,0.8630952380952381,0.4119318181818182,0.023913217708468437
Exp2: + CSA,PR,1145,0.8630952380952381,0.4131054131054131,0.0240541473031044
Exp2: + CSA,PR,1146,0.8630952380952381,0.4142857142857143,0.024327004328370094
Exp2: + CSA,PR,1147,0.8630952380952381,0.4154727793696275,0.024329576641321182
Exp2: + CSA,PR,1148,0.8630952380952381,0.4166666666666667,0.02448468655347824
Exp2: + CSA,PR,1149,0.8630952380952381,0.41786743515850144,0.024677880108356476
Exp2: + CSA,PR,1150,0.8630952380952381,0.4190751445086705,0.024964231997728348
Exp2: + CSA,PR,1151,0.8630952380952381,0.42028985507246375,0.025003153830766678
Exp2: + CSA,PR,1152,0.8630952380952381,0.42151162790697677,0.02516571432352066
Exp2: + CSA,PR,1153,0.8630952380952381,0.4227405247813411,0.025355493649840355
Exp2: + CSA,PR,1154,0.8630952380952381,0.4239766081871345,0.02545783668756485
Exp2: + CSA,PR,1155,0.8571428571428571,0.4222873900293255,0.02584758959710598
Exp2: + CSA,PR,1156,0.8511904761904762,0.42058823529411765,0.025875020772218704
Exp2: + CSA,PR,1157,0.8452380952380952,0.41887905604719766,0.026912881061434746
Exp2: + CSA,PR,1158,0.8452380952380952,0.42011834319526625,0.027227303013205528
Exp2: + CSA,PR,1159,0.8452380952380952,0.42136498516320475,0.027258407324552536
Exp2: + CSA,PR,1160,0.8452380952380952,0.4226190476190476,0.027415389195084572
Exp2: + CSA,PR,1161,0.8452380952380952,0.42388059701492536,0.027535246685147285
Exp2: + CSA,PR,1162,0.8452380952380952,0.4251497005988024,0.02795245312154293
Exp2: + CSA,PR,1163,0.8452380952380952,0.4264264264264264,0.028290465474128723
Exp2: + CSA,PR,1164,0.8452380952380952,0.42771084337349397,0.028401950374245644
Exp2: + CSA,PR,1165,0.8452380952380952,0.42900302114803623,0.028651615604758263
Exp2: + CSA,PR,1166,0.8392857142857143,0.42727272727272725,0.028708048164844513
Exp2: + CSA,PR,1167,0.8333333333333334,0.425531914893617,0.028708379715681076
Exp2: + CSA,PR,1168,0.8333333333333334,0.4268292682926829,0.028818922117352486
Exp2: + CSA,PR,1169,0.8333333333333334,0.42813455657492355,0.02906692400574684
Exp2: + CSA,PR,1170,0.8333333333333334,0.4294478527607362,0.02911464497447014
Exp2: + CSA,PR,1171,0.8333333333333334,0.4307692307692308,0.029201429337263107
Exp2: + CSA,PR,1172,0.8333333333333334,0.43209876543209874,0.029446568340063095
Exp2: + CSA,PR,1173,0.8333333333333334,0.43343653250773995,0.029796035960316658
Exp2: + CSA,PR,1174,0.8333333333333334,0.43478260869565216,0.030233556404709816
Exp2: + CSA,PR,1175,0.8333333333333334,0.43613707165109034,0.03107106313109398
Exp2: + CSA,PR,1176,0.8333333333333334,0.4375,0.032642707228660583
Exp2: + CSA,PR,1177,0.8333333333333334,0.438871473354232,0.03281974419951439
Exp2: + CSA,PR,1178,0.8333333333333334,0.44025157232704404,0.033441826701164246
Exp2: + CSA,PR,1179,0.8333333333333334,0.4416403785488959,0.03348367288708687
Exp2: + CSA,PR,1180,0.8333333333333334,0.4430379746835443,0.03351864591240883
Exp2: + CSA,PR,1181,0.8333333333333334,0.4444444444444444,0.03357049822807312
Exp2: + CSA,PR,1182,0.8333333333333334,0.445859872611465,0.034140974283218384
Exp2: + CSA,PR,1183,0.8273809523809523,0.4440894568690096,0.034994807094335556
Exp2: + CSA,PR,1184,0.8273809523809523,0.44551282051282054,0.03558140620589256
Exp2: + CSA,PR,1185,0.8214285714285714,0.4437299035369775,0.035789307206869125
Exp2: + CSA,PR,1186,0.8214285714285714,0.44516129032258067,0.03661470115184784
Exp2: + CSA,PR,1187,0.8154761904761905,0.44336569579288027,0.03681034594774246
Exp2: + CSA,PR,1188,0.8154761904761905,0.4448051948051948,0.037219855934381485
Exp2: + CSA,PR,1189,0.8154761904761905,0.44625407166123776,0.03821094334125519
Exp2: + CSA,PR,1190,0.8154761904761905,0.4477124183006536,0.03837689384818077
Exp2: + CSA,PR,1191,0.8154761904761905,0.4491803278688525,0.038655515760183334
Exp2: + CSA,PR,1192,0.8095238095238095,0.4473684210526316,0.0388370156288147
Exp2: + CSA,PR,1193,0.8095238095238095,0.44884488448844884,0.03894225135445595
Exp2: + CSA,PR,1194,0.8095238095238095,0.4503311258278146,0.03897101804614067
Exp2: + CSA,PR,1195,0.8095238095238095,0.45182724252491696,0.03907589986920357
Exp2: + CSA,PR,1196,0.8095238095238095,0.4533333333333333,0.03960449993610382
Exp2: + CSA,PR,1197,0.8095238095238095,0.45484949832775917,0.03966638818383217
Exp2: + CSA,PR,1198,0.8035714285714286,0.45302013422818793,0.039743732661008835
Exp2: + CSA,PR,1199,0.8035714285714286,0.45454545454545453,0.04017428681254387
Exp2: + CSA,PR,1200,0.8035714285714286,0.4560810810810811,0.04087749123573303
Exp2: + CSA,PR,1201,0.7976190476190477,0.4542372881355932,0.04138410836458206
Exp2: + CSA,PR,1202,0.7976190476190477,0.4557823129251701,0.042426783591508865
Exp2: + CSA,PR,1203,0.7916666666666666,0.4539249146757679,0.04261966794729233
Exp2: + CSA,PR,1204,0.7916666666666666,0.4554794520547945,0.043153826147317886
Exp2: + CSA,PR,1205,0.7916666666666666,0.4570446735395189,0.043439045548439026
Exp2: + CSA,PR,1206,0.7916666666666666,0.4586206896551724,0.043718088418245316
Exp2: + CSA,PR,1207,0.7916666666666666,0.4602076124567474,0.04380887746810913
Exp2: + CSA,PR,1208,0.7916666666666666,0.4618055555555556,0.04421163722872734
Exp2: + CSA,PR,1209,0.7916666666666666,0.4634146341463415,0.044652219861745834
Exp2: + CSA,PR,1210,0.7916666666666666,0.46503496503496505,0.04479929432272911
Exp2: + CSA,PR,1211,0.7916666666666666,0.4666666666666667,0.04576137661933899
Exp2: + CSA,PR,1212,0.7857142857142857,0.4647887323943662,0.04598153010010719
Exp2: + CSA,PR,1213,0.7857142857142857,0.4664310954063604,0.04611586779356003
Exp2: + CSA,PR,1214,0.7797619047619048,0.4645390070921986,0.046366654336452484
Exp2: + CSA,PR,1215,0.7797619047619048,0.46619217081850534,0.04741310328245163
Exp2: + CSA,PR,1216,0.7797619047619048,0.46785714285714286,0.047691989690065384
Exp2: + CSA,PR,1217,0.7797619047619048,0.46953405017921146,0.04791700467467308
Exp2: + CSA,PR,1218,0.7797619047619048,0.4712230215827338,0.048004671931266785
Exp2: + CSA,PR,1219,0.7797619047619048,0.4729241877256318,0.048134297132492065
Exp2: + CSA,PR,1220,0.7738095238095238,0.47101449275362317,0.048421259969472885
Exp2: + CSA,PR,1221,0.7738095238095238,0.4727272727272727,0.04869939759373665
Exp2: + CSA,PR,1222,0.7738095238095238,0.4744525547445255,0.049042001366615295
Exp2: + CSA,PR,1223,0.7678571428571429,0.4725274725274725,0.04938558116555214
Exp2: + CSA,PR,1224,0.7678571428571429,0.4742647058823529,0.050880491733551025
Exp2: + CSA,PR,1225,0.7678571428571429,0.47601476014760147,0.050986144691705704
Exp2: + CSA,PR,1226,0.7678571428571429,0.4777777777777778,0.0511261522769928
Exp2: + CSA,PR,1227,0.7678571428571429,0.4795539033457249,0.05118626728653908
Exp2: + CSA,PR,1228,0.7678571428571429,0.48134328358208955,0.05128231272101402
Exp2: + CSA,PR,1229,0.7619047619047619,0.4794007490636704,0.05183849111199379
Exp2: + CSA,PR,1230,0.7619047619047619,0.48120300751879697,0.05205879732966423
Exp2: + CSA,PR,1231,0.7619047619047619,0.4830188679245283,0.0521644689142704
Exp2: + CSA,PR,1232,0.7619047619047619,0.48484848484848486,0.05219357833266258
Exp2: + CSA,PR,1233,0.7559523809523809,0.4828897338403042,0.053272753953933716
Exp2: + CSA,PR,1234,0.7559523809523809,0.4847328244274809,0.05332602187991142
Exp2: + CSA,PR,1235,0.7559523809523809,0.48659003831417624,0.05485457926988602
Exp2: + CSA,PR,1236,0.75,0.4846153846153846,0.05515625700354576
Exp2: + CSA,PR,1237,0.75,0.4864864864864865,0.055313847959041595
Exp2: + CSA,PR,1238,0.7440476190476191,0.4844961240310077,0.056105148047208786
Exp2: + CSA,PR,1239,0.7440476190476191,0.48638132295719844,0.05640333890914917
Exp2: + CSA,PR,1240,0.7440476190476191,0.48828125,0.056721337139606476
Exp2: + CSA,PR,1241,0.7440476190476191,0.49019607843137253,0.056735165417194366
Exp2: + CSA,PR,1242,0.7440476190476191,0.4921259842519685,0.05687499791383743
Exp2: + CSA,PR,1243,0.7440476190476191,0.49407114624505927,0.05748163163661957
Exp2: + CSA,PR,1244,0.7440476190476191,0.49603174603174605,0.05860162526369095
Exp2: + CSA,PR,1245,0.7440476190476191,0.49800796812749004,0.0586700439453125
Exp2: + CSA,PR,1246,0.7440476190476191,0.5,0.059374116361141205
Exp2: + CSA,PR,1247,0.7440476190476191,0.5020080321285141,0.060904163867235184
Exp2: + CSA,PR,1248,0.7440476190476191,0.5040322580645161,0.061637021601200104
Exp2: + CSA,PR,1249,0.7440476190476191,0.5060728744939271,0.061936862766742706
Exp2: + CSA,PR,1250,0.7440476190476191,0.508130081300813,0.06263265013694763
Exp2: + CSA,PR,1251,0.7440476190476191,0.5102040816326531,0.06428278237581253
Exp2: + CSA,PR,1252,0.7380952380952381,0.5081967213114754,0.06541553884744644
Exp2: + CSA,PR,1253,0.7321428571428571,0.5061728395061729,0.06663573533296585
Exp2: + CSA,PR,1254,0.7321428571428571,0.5082644628099173,0.06744680553674698
Exp2: + CSA,PR,1255,0.7321428571428571,0.5103734439834025,0.06745876371860504
Exp2: + CSA,PR,1256,0.7321428571428571,0.5125,0.06751915067434311
Exp2: + CSA,PR,1257,0.7321428571428571,0.5146443514644351,0.06869377940893173
Exp2: + CSA,PR,1258,0.7321428571428571,0.5168067226890757,0.06968322396278381
Exp2: + CSA,PR,1259,0.7321428571428571,0.5189873417721519,0.07093716412782669
Exp2: + CSA,PR,1260,0.7321428571428571,0.5211864406779662,0.07137925922870636
Exp2: + CSA,PR,1261,0.7321428571428571,0.5234042553191489,0.07145655900239944
Exp2: + CSA,PR,1262,0.7321428571428571,0.5256410256410257,0.07224923372268677
Exp2: + CSA,PR,1263,0.7261904761904762,0.5236051502145923,0.0725196823477745
Exp2: + CSA,PR,1264,0.7261904761904762,0.5258620689655172,0.07280085235834122
Exp2: + CSA,PR,1265,0.7202380952380952,0.5238095238095238,0.07298503816127777
Exp2: + CSA,PR,1266,0.7202380952380952,0.5260869565217391,0.07393334060907364
Exp2: + CSA,PR,1267,0.7202380952380952,0.5283842794759825,0.07394743710756302
Exp2: + CSA,PR,1268,0.7202380952380952,0.5307017543859649,0.07467828691005707
Exp2: + CSA,PR,1269,0.7142857142857143,0.5286343612334802,0.0752510279417038
Exp2: + CSA,PR,1270,0.7083333333333334,0.5265486725663717,0.07570965588092804
Exp2: + CSA,PR,1271,0.7083333333333334,0.5288888888888889,0.07605452090501785
Exp2: + CSA,PR,1272,0.7083333333333334,0.53125,0.07651302963495255
Exp2: + CSA,PR,1273,0.7023809523809523,0.5291479820627802,0.07705041766166687
Exp2: + CSA,PR,1274,0.7023809523809523,0.5315315315315315,0.0772194117307663
Exp2: + CSA,PR,1275,0.7023809523809523,0.5339366515837104,0.07733810693025589
Exp2: + CSA,PR,1276,0.7023809523809523,0.5363636363636364,0.07893416285514832
Exp2: + CSA,PR,1277,0.7023809523809523,0.5388127853881278,0.07944246381521225
Exp2: + CSA,PR,1278,0.7023809523809523,0.5412844036697247,0.07961221784353256
Exp2: + CSA,PR,1279,0.7023809523809523,0.543778801843318,0.08007173240184784
Exp2: + CSA,PR,1280,0.7023809523809523,0.5462962962962963,0.08138997852802277
Exp2: + CSA,PR,1281,0.7023809523809523,0.5488372093023256,0.08149401098489761
Exp2: + CSA,PR,1282,0.7023809523809523,0.5514018691588785,0.08217378705739975
Exp2: + CSA,PR,1283,0.6964285714285714,0.5492957746478874,0.08218347281217575
Exp2: + CSA,PR,1284,0.6964285714285714,0.5518867924528302,0.08272573351860046
Exp2: + CSA,PR,1285,0.6964285714285714,0.5545023696682464,0.08486297726631165
Exp2: + CSA,PR,1286,0.6964285714285714,0.5571428571428572,0.08520496636629105
Exp2: + CSA,PR,1287,0.6964285714285714,0.5598086124401914,0.08634936064481735
Exp2: + CSA,PR,1288,0.6964285714285714,0.5625,0.08866515010595322
Exp2: + CSA,PR,1289,0.6964285714285714,0.5652173913043478,0.08933316171169281
Exp2: + CSA,PR,1290,0.6904761904761905,0.5631067961165048,0.0895388275384903
Exp2: + CSA,PR,1291,0.6904761904761905,0.5658536585365853,0.08998839557170868
Exp2: + CSA,PR,1292,0.6904761904761905,0.5686274509803921,0.09041314572095871
Exp2: + CSA,PR,1293,0.6845238095238095,0.5665024630541872,0.09349827468395233
Exp2: + CSA,PR,1294,0.6845238095238095,0.5693069306930693,0.09401506185531616
Exp2: + CSA,PR,1295,0.6785714285714286,0.5671641791044776,0.09515706449747086
Exp2: + CSA,PR,1296,0.6785714285714286,0.57,0.0956941619515419
Exp2: + CSA,PR,1297,0.6785714285714286,0.5728643216080402,0.09580877423286438
Exp2: + CSA,PR,1298,0.6785714285714286,0.5757575757575758,0.09711367636919022
Exp2: + CSA,PR,1299,0.6726190476190477,0.5736040609137056,0.09902559220790863
Exp2: + CSA,PR,1300,0.6726190476190477,0.576530612244898,0.10477065294981003
Exp2: + CSA,PR,1301,0.6666666666666666,0.5743589743589743,0.10558586567640305
Exp2: + CSA,PR,1302,0.6666666666666666,0.5773195876288659,0.10669635236263275
Exp2: + CSA,PR,1303,0.6666666666666666,0.5803108808290155,0.10759831964969635
Exp2: + CSA,PR,1304,0.6666666666666666,0.5833333333333334,0.10851357877254486
Exp2: + CSA,PR,1305,0.6666666666666666,0.5863874345549738,0.11162339895963669
Exp2: + CSA,PR,1306,0.6666666666666666,0.5894736842105263,0.11210409551858902
Exp2: + CSA,PR,1307,0.6607142857142857,0.5873015873015873,0.1122814267873764
Exp2: + CSA,PR,1308,0.6607142857142857,0.5904255319148937,0.11317594349384308
Exp2: + CSA,PR,1309,0.6607142857142857,0.5935828877005348,0.11344911903142929
Exp2: + CSA,PR,1310,0.6607142857142857,0.5967741935483871,0.11387477815151215
Exp2: + CSA,PR,1311,0.6547619047619048,0.5945945945945946,0.11616973578929901
Exp2: + CSA,PR,1312,0.6547619047619048,0.5978260869565217,0.1169511005282402
Exp2: + CSA,PR,1313,0.6488095238095238,0.5956284153005464,0.11817063391208649
Exp2: + CSA,PR,1314,0.6488095238095238,0.5989010989010989,0.11957097053527832
Exp2: + CSA,PR,1315,0.6488095238095238,0.6022099447513812,0.12024727463722229
Exp2: + CSA,PR,1316,0.6428571428571429,0.6,0.1209440603852272
Exp2: + CSA,PR,1317,0.6428571428571429,0.6033519553072626,0.12558041512966156
Exp2: + CSA,PR,1318,0.6428571428571429,0.6067415730337079,0.12824232876300812
Exp2: + CSA,PR,1319,0.6428571428571429,0.6101694915254238,0.13040676712989807
Exp2: + CSA,PR,1320,0.6428571428571429,0.6136363636363636,0.1339903175830841
Exp2: + CSA,PR,1321,0.6428571428571429,0.6171428571428571,0.1347576528787613
Exp2: + CSA,PR,1322,0.6428571428571429,0.6206896551724138,0.13577713072299957
Exp2: + CSA,PR,1323,0.6369047619047619,0.6184971098265896,0.13728360831737518
Exp2: + CSA,PR,1324,0.6309523809523809,0.6162790697674418,0.13802212476730347
Exp2: + CSA,PR,1325,0.625,0.6140350877192983,0.15548215806484222
Exp2: + CSA,PR,1326,0.625,0.6176470588235294,0.1575518250465393
Exp2: + CSA,PR,1327,0.6190476190476191,0.6153846153846154,0.16009867191314697
Exp2: + CSA,PR,1328,0.6130952380952381,0.6130952380952381,0.16053740680217743
Exp2: + CSA,PR,1329,0.6071428571428571,0.6107784431137725,0.16260257363319397
Exp2: + CSA,PR,1330,0.6071428571428571,0.6144578313253012,0.16853956878185272
Exp2: + CSA,PR,1331,0.6071428571428571,0.6181818181818182,0.16935348510742188
Exp2: + CSA,PR,1332,0.6071428571428571,0.6219512195121951,0.17188985645771027
Exp2: + CSA,PR,1333,0.6071428571428571,0.6257668711656442,0.17211051285266876
Exp2: + CSA,PR,1334,0.6071428571428571,0.6296296296296297,0.1782025247812271
Exp2: + CSA,PR,1335,0.6071428571428571,0.6335403726708074,0.1802891343832016
Exp2: + CSA,PR,1336,0.6071428571428571,0.6375,0.18167231976985931
Exp2: + CSA,PR,1337,0.6011904761904762,0.6352201257861635,0.18487338721752167
Exp2: + CSA,PR,1338,0.6011904761904762,0.6392405063291139,0.18671831488609314
Exp2: + CSA,PR,1339,0.6011904761904762,0.643312101910828,0.19342494010925293
Exp2: + CSA,PR,1340,0.5952380952380952,0.6410256410256411,0.19756747782230377
Exp2: + CSA,PR,1341,0.5952380952380952,0.6451612903225806,0.19784188270568848
Exp2: + CSA,PR,1342,0.5952380952380952,0.6493506493506493,0.19878914952278137
Exp2: + CSA,PR,1343,0.5952380952380952,0.6535947712418301,0.20116761326789856
Exp2: + CSA,PR,1344,0.5892857142857143,0.6513157894736842,0.20173364877700806
Exp2: + CSA,PR,1345,0.5892857142857143,0.6556291390728477,0.21572721004486084
Exp2: + CSA,PR,1346,0.5833333333333334,0.6533333333333333,0.21669074892997742
Exp2: + CSA,PR,1347,0.5833333333333334,0.6577181208053692,0.21889810264110565
Exp2: + CSA,PR,1348,0.5773809523809523,0.6554054054054054,0.22012649476528168
Exp2: + CSA,PR,1349,0.5714285714285714,0.6530612244897959,0.22022603452205658
Exp2: + CSA,PR,1350,0.5714285714285714,0.6575342465753424,0.23376213014125824
Exp2: + CSA,PR,1351,0.5714285714285714,0.6620689655172414,0.24323207139968872
Exp2: + CSA,PR,1352,0.5714285714285714,0.6666666666666666,0.25095024704933167
Exp2: + CSA,PR,1353,0.5654761904761905,0.6643356643356644,0.25261014699935913
Exp2: + CSA,PR,1354,0.5654761904761905,0.6690140845070423,0.2531573474407196
Exp2: + CSA,PR,1355,0.5595238095238095,0.6666666666666666,0.25725382566452026
Exp2: + CSA,PR,1356,0.5595238095238095,0.6714285714285714,0.264920175075531
Exp2: + CSA,PR,1357,0.5595238095238095,0.6762589928057554,0.26506248116493225
Exp2: + CSA,PR,1358,0.5595238095238095,0.6811594202898551,0.273281455039978
Exp2: + CSA,PR,1359,0.5535714285714286,0.6788321167883211,0.27799126505851746
Exp2: + CSA,PR,1360,0.5535714285714286,0.6838235294117647,0.27827566862106323
Exp2: + CSA,PR,1361,0.5476190476190477,0.6814814814814815,0.28489530086517334
Exp2: + CSA,PR,1362,0.5476190476190477,0.6865671641791045,0.30398622155189514
Exp2: + CSA,PR,1363,0.5416666666666666,0.6842105263157895,0.3136909008026123
Exp2: + CSA,PR,1364,0.5357142857142857,0.6818181818181818,0.31509533524513245
Exp2: + CSA,PR,1365,0.5357142857142857,0.6870229007633588,0.31522688269615173
Exp2: + CSA,PR,1366,0.5357142857142857,0.6923076923076923,0.31794294714927673
Exp2: + CSA,PR,1367,0.5357142857142857,0.6976744186046512,0.3183104395866394
Exp2: + CSA,PR,1368,0.5297619047619048,0.6953125,0.3214584290981293
Exp2: + CSA,PR,1369,0.5238095238095238,0.6929133858267716,0.3291725516319275
Exp2: + CSA,PR,1370,0.5178571428571429,0.6904761904761905,0.3392493724822998
Exp2: + CSA,PR,1371,0.5119047619047619,0.688,0.34204787015914917
Exp2: + CSA,PR,1372,0.5059523809523809,0.6854838709677419,0.3464037775993347
Exp2: + CSA,PR,1373,0.5059523809523809,0.6910569105691057,0.3546532690525055
Exp2: + CSA,PR,1374,0.5059523809523809,0.6967213114754098,0.35556086897850037
Exp2: + CSA,PR,1375,0.5059523809523809,0.7024793388429752,0.36005547642707825
Exp2: + CSA,PR,1376,0.5,0.7,0.37084493041038513
Exp2: + CSA,PR,1377,0.5,0.7058823529411765,0.38151463866233826
Exp2: + CSA,PR,1378,0.49404761904761907,0.7033898305084746,0.39710533618927
Exp2: + CSA,PR,1379,0.49404761904761907,0.7094017094017094,0.402860164642334
Exp2: + CSA,PR,1380,0.49404761904761907,0.7155172413793104,0.4126880168914795
Exp2: + CSA,PR,1381,0.49404761904761907,0.7217391304347827,0.4161587357521057
Exp2: + CSA,PR,1382,0.4880952380952381,0.7192982456140351,0.42535895109176636
Exp2: + CSA,PR,1383,0.4880952380952381,0.7256637168141593,0.4276273250579834
Exp2: + CSA,PR,1384,0.4880952380952381,0.7321428571428571,0.4314061999320984
Exp2: + CSA,PR,1385,0.48214285714285715,0.7297297297297297,0.4327481985092163
Exp2: + CSA,PR,1386,0.47619047619047616,0.7272727272727273,0.4328654110431671
Exp2: + CSA,PR,1387,0.47023809523809523,0.7247706422018348,0.4383312165737152
Exp2: + CSA,PR,1388,0.4642857142857143,0.7222222222222222,0.4406298100948334
Exp2: + CSA,PR,1389,0.4583333333333333,0.719626168224299,0.45436790585517883
Exp2: + CSA,PR,1390,0.4583333333333333,0.7264150943396226,0.46017181873321533
Exp2: + CSA,PR,1391,0.4523809523809524,0.7238095238095238,0.46091797947883606
Exp2: + CSA,PR,1392,0.4523809523809524,0.7307692307692307,0.46204689145088196
Exp2: + CSA,PR,1393,0.4523809523809524,0.7378640776699029,0.46639585494995117
Exp2: + CSA,PR,1394,0.4523809523809524,0.7450980392156863,0.466690331697464
Exp2: + CSA,PR,1395,0.44642857142857145,0.7425742574257426,0.47409963607788086
Exp2: + CSA,PR,1396,0.44047619047619047,0.74,0.4827580153942108
Exp2: + CSA,PR,1397,0.43452380952380953,0.7373737373737373,0.48523470759391785
Exp2: + CSA,PR,1398,0.42857142857142855,0.7346938775510204,0.493061900138855
Exp2: + CSA,PR,1399,0.4226190476190476,0.7319587628865979,0.4937325119972229
Exp2: + CSA,PR,1400,0.4226190476190476,0.7395833333333334,0.4984917938709259
Exp2: + CSA,PR,1401,0.4166666666666667,0.7368421052631579,0.4996511936187744
Exp2: + CSA,PR,1402,0.4166666666666667,0.7446808510638298,0.5148240327835083
Exp2: + CSA,PR,1403,0.4107142857142857,0.7419354838709677,0.5156745910644531
Exp2: + CSA,PR,1404,0.40476190476190477,0.7391304347826086,0.5166826844215393
Exp2: + CSA,PR,1405,0.39880952380952384,0.7362637362637363,0.5226098895072937
Exp2: + CSA,PR,1406,0.39880952380952384,0.7444444444444445,0.5258297920227051
Exp2: + CSA,PR,1407,0.39285714285714285,0.7415730337078652,0.5414034724235535
Exp2: + CSA,PR,1408,0.39285714285714285,0.75,0.5495398640632629
Exp2: + CSA,PR,1409,0.39285714285714285,0.7586206896551724,0.5547400116920471
Exp2: + CSA,PR,1410,0.3869047619047619,0.7558139534883721,0.5587076544761658
Exp2: + CSA,PR,1411,0.38095238095238093,0.7529411764705882,0.5593042373657227
Exp2: + CSA,PR,1412,0.375,0.75,0.5622139573097229
Exp2: + CSA,PR,1413,0.36904761904761907,0.7469879518072289,0.5662198066711426
Exp2: + CSA,PR,1414,0.36904761904761907,0.7560975609756098,0.5740170478820801
Exp2: + CSA,PR,1415,0.36904761904761907,0.7654320987654321,0.5768740177154541
Exp2: + CSA,PR,1416,0.3630952380952381,0.7625,0.5838698148727417
Exp2: + CSA,PR,1417,0.3630952380952381,0.7721518987341772,0.5971143841743469
Exp2: + CSA,PR,1418,0.35714285714285715,0.7692307692307693,0.6017268896102905
Exp2: + CSA,PR,1419,0.35714285714285715,0.7792207792207793,0.6110247373580933
Exp2: + CSA,PR,1420,0.35119047619047616,0.7763157894736842,0.6150071620941162
Exp2: + CSA,PR,1421,0.35119047619047616,0.7866666666666666,0.6182193160057068
Exp2: + CSA,PR,1422,0.35119047619047616,0.7972972972972973,0.6283964514732361
Exp2: + CSA,PR,1423,0.35119047619047616,0.8082191780821918,0.6381943821907043
Exp2: + CSA,PR,1424,0.34523809523809523,0.8055555555555556,0.6398573517799377
Exp2: + CSA,PR,1425,0.3392857142857143,0.8028169014084507,0.6578614115715027
Exp2: + CSA,PR,1426,0.3392857142857143,0.8142857142857143,0.6606989502906799
Exp2: + CSA,PR,1427,0.3333333333333333,0.8115942028985508,0.6607813239097595
Exp2: + CSA,PR,1428,0.3273809523809524,0.8088235294117647,0.6754820942878723
Exp2: + CSA,PR,1429,0.3273809523809524,0.8208955223880597,0.6892064809799194
Exp2: + CSA,PR,1430,0.32142857142857145,0.8181818181818182,0.6931537985801697
Exp2: + CSA,PR,1431,0.31547619047619047,0.8153846153846154,0.7020291090011597
Exp2: + CSA,PR,1432,0.30952380952380953,0.8125,0.7040192484855652
Exp2: + CSA,PR,1433,0.30357142857142855,0.8095238095238095,0.7048248648643494
Exp2: + CSA,PR,1434,0.2976190476190476,0.8064516129032258,0.708195686340332
Exp2: + CSA,PR,1435,0.2976190476190476,0.819672131147541,0.7154664993286133
Exp2: + CSA,PR,1436,0.2916666666666667,0.8166666666666667,0.7207144498825073
Exp2: + CSA,PR,1437,0.2916666666666667,0.8305084745762712,0.7287731766700745
Exp2: + CSA,PR,1438,0.2857142857142857,0.8275862068965517,0.7332080006599426
Exp2: + CSA,PR,1439,0.27976190476190477,0.8245614035087719,0.7423297762870789
Exp2: + CSA,PR,1440,0.27976190476190477,0.8392857142857143,0.7632033824920654
Exp2: + CSA,PR,1441,0.27380952380952384,0.8363636363636363,0.7786259055137634
Exp2: + CSA,PR,1442,0.26785714285714285,0.8333333333333334,0.7793839573860168
Exp2: + CSA,PR,1443,0.2619047619047619,0.8301886792452831,0.7857115864753723
Exp2: + CSA,PR,1444,0.25595238095238093,0.8269230769230769,0.7870670557022095
Exp2: + CSA,PR,1445,0.25595238095238093,0.8431372549019608,0.7961171269416809
Exp2: + CSA,PR,1446,0.25,0.84,0.801133930683136
Exp2: + CSA,PR,1447,0.25,0.8571428571428571,0.8077185153961182
Exp2: + CSA,PR,1448,0.24404761904761904,0.8541666666666666,0.8122584223747253
Exp2: + CSA,PR,1449,0.24404761904761904,0.8723404255319149,0.8158174753189087
Exp2: + CSA,PR,1450,0.23809523809523808,0.8695652173913043,0.8221359252929688
Exp2: + CSA,PR,1451,0.23214285714285715,0.8666666666666667,0.8267852663993835
Exp2: + CSA,PR,1452,0.2261904761904762,0.8636363636363636,0.8457698822021484
Exp2: + CSA,PR,1453,0.22023809523809523,0.8604651162790697,0.8482427000999451
Exp2: + CSA,PR,1454,0.22023809523809523,0.8809523809523809,0.8527445197105408
Exp2: + CSA,PR,1455,0.21428571428571427,0.8780487804878049,0.8559029698371887
Exp2: + CSA,PR,1456,0.20833333333333334,0.875,0.8625545501708984
Exp2: + CSA,PR,1457,0.20833333333333334,0.8974358974358975,0.8642460107803345
Exp2: + CSA,PR,1458,0.20833333333333334,0.9210526315789473,0.8970826268196106
Exp2: + CSA,PR,1459,0.20238095238095238,0.918918918918919,0.8973104357719421
Exp2: + CSA,PR,1460,0.20238095238095238,0.9444444444444444,0.8975406885147095
Exp2: + CSA,PR,1461,0.19642857142857142,0.9428571428571428,0.9047756791114807
Exp2: + CSA,PR,1462,0.19642857142857142,0.9705882352941176,0.9099911451339722
Exp2: + CSA,PR,1463,0.19047619047619047,0.9696969696969697,0.9160739183425903
Exp2: + CSA,PR,1464,0.18452380952380953,0.96875,0.9190627336502075
Exp2: + CSA,PR,1465,0.18452380952380953,1.0,0.9205182194709778
Exp2: + CSA,PR,1466,0.17857142857142858,1.0,0.9213109612464905
Exp2: + CSA,PR,1467,0.17261904761904762,1.0,0.9218066930770874
Exp2: + CSA,PR,1468,0.16666666666666666,1.0,0.9265905618667603
Exp2: + CSA,PR,1469,0.16071428571428573,1.0,0.9267892837524414
Exp2: + CSA,PR,1470,0.15476190476190477,1.0,0.9379985332489014
Exp2: + CSA,PR,1471,0.1488095238095238,1.0,0.9483642578125
Exp2: + CSA,PR,1472,0.14285714285714285,1.0,0.9546911120414734
Exp2: + CSA,PR,1473,0.13690476190476192,1.0,0.9563050270080566
Exp2: + CSA,PR,1474,0.13095238095238096,1.0,0.9616564512252808
Exp2: + CSA,PR,1475,0.125,1.0,0.9634655117988586
Exp2: + CSA,PR,1476,0.11904761904761904,1.0,0.9642754197120667
Exp2: + CSA,PR,1477,0.1130952380952381,1.0,0.9693282246589661
Exp2: + CSA,PR,1478,0.10714285714285714,1.0,0.9776694178581238
Exp2: + CSA,PR,1479,0.10119047619047619,1.0,0.9786525964736938
Exp2: + CSA,PR,1480,0.09523809523809523,1.0,0.9787852168083191
Exp2: + CSA,PR,1481,0.08928571428571429,1.0,0.9841173887252808
Exp2: + CSA,PR,1482,0.08333333333333333,1.0,0.9841809272766113
Exp2: + CSA,PR,1483,0.07738095238095238,1.0,0.9861379265785217
Exp2: + CSA,PR,1484,0.07142857142857142,1.0,0.9898249506950378
Exp2: + CSA,PR,1485,0.06547619047619048,1.0,0.9898744821548462
Exp2: + CSA,PR,1486,0.05952380952380952,1.0,0.9905914664268494
Exp2: + CSA,PR,1487,0.05357142857142857,1.0,0.9922851324081421
Exp2: + CSA,PR,1488,0.047619047619047616,1.0,0.9924208521842957
Exp2: + CSA,PR,1489,0.041666666666666664,1.0,0.9935027956962585
Exp2: + CSA,PR,1490,0.03571428571428571,1.0,0.9936655163764954
Exp2: + CSA,PR,1491,0.02976190476190476,1.0,0.9952163696289062
Exp2: + CSA,PR,1492,0.023809523809523808,1.0,0.9972057938575745
Exp2: + CSA,PR,1493,0.017857142857142856,1.0,0.9996008276939392
Exp2: + CSA,PR,1494,0.011904761904761904,1.0,0.9999250173568726
Exp2: + CSA,PR,1495,0.005952380952380952,1.0,0.9999822378158569
Exp2: + CSA,PR,1496,0.0,1.0,1.0
Exp3: + CSA + WFL,ROC,0,0.0,0.0,inf
Exp3: + CSA + WFL,ROC,1,0.0,0.005952380952380952,0.9582991600036621
Exp3: + CSA + WFL,ROC,2,0.0,0.07142857142857142,0.8421822190284729
Exp3: + CSA + WFL,ROC,3,0.0007524454477050414,0.07142857142857142,0.8376863598823547
Exp3: + CSA + WFL,ROC,4,0.0007524454477050414,0.10119047619047619,0.8026154041290283
Exp3: + CSA + WFL,ROC,5,0.0015048908954100827,0.10119047619047619,0.789063572883606
Exp3: + CSA + WFL,ROC,6,0.0015048908954100827,0.13690476190476192,0.7495017647743225
Exp3: + CSA + WFL,ROC,7,0.002257336343115124,0.13690476190476192,0.7473219633102417
Exp3: + CSA + WFL,ROC,8,0.002257336343115124,0.15476190476190477,0.7238258719444275
Exp3: + CSA + WFL,ROC,9,0.0030097817908201654,0.15476190476190477,0.7238230109214783
Exp3: + CSA + WFL,ROC,10,0.0030097817908201654,0.17261904761904762,0.7092653512954712
Exp3: + CSA + WFL,ROC,11,0.003762227238525207,0.17261904761904762,0.7077553272247314
Exp3: + CSA + WFL,ROC,12,0.003762227238525207,0.20833333333333334,0.6902312636375427
Exp3: + CSA + WFL,ROC,13,0.004514672686230248,0.20833333333333334,0.6897155046463013
Exp3: + CSA + WFL,ROC,14,0.004514672686230248,0.23809523809523808,0.6741276383399963
Exp3: + CSA + WFL,ROC,15,0.005267118133935289,0.23809523809523808,0.670446515083313
Exp3: + CSA + WFL,ROC,16,0.005267118133935289,0.25,0.6681582927703857
Exp3: + CSA + WFL,ROC,17,0.006019563581640331,0.25,0.6598759889602661
Exp3: + CSA + WFL,ROC,18,0.006019563581640331,0.2619047619047619,0.6569615006446838
Exp3: + CSA + WFL,ROC,19,0.006772009029345372,0.2619047619047619,0.6494324803352356
Exp3: + CSA + WFL,ROC,20,0.006772009029345372,0.27976190476190477,0.6381067037582397
Exp3: + CSA + WFL,ROC,21,0.007524454477050414,0.27976190476190477,0.6335358619689941
Exp3: + CSA + WFL,ROC,22,0.007524454477050414,0.31547619047619047,0.6156743764877319
Exp3: + CSA + WFL,ROC,23,0.009029345372460496,0.31547619047619047,0.6106314659118652
Exp3: + CSA + WFL,ROC,24,0.009029345372460496,0.32142857142857145,0.606237530708313
Exp3: + CSA + WFL,ROC,25,0.010534236267870579,0.32142857142857145,0.6051263809204102
Exp3: + CSA + WFL,ROC,26,0.010534236267870579,0.35119047619047616,0.5992743968963623
Exp3: + CSA + WFL,ROC,27,0.012039127163280662,0.35119047619047616,0.5971441268920898
Exp3: + CSA + WFL,ROC,28,0.012039127163280662,0.3630952380952381,0.5959470868110657
Exp3: + CSA + WFL,ROC,29,0.013544018058690745,0.3630952380952381,0.5924869775772095
Exp3: + CSA + WFL,ROC,30,0.013544018058690745,0.375,0.5887901782989502
Exp3: + CSA + WFL,ROC,31,0.014296463506395787,0.375,0.5862922072410583
Exp3: + CSA + WFL,ROC,32,0.014296463506395787,0.39880952380952384,0.5711151361465454
Exp3: + CSA + WFL,ROC,33,0.015048908954100828,0.39880952380952384,0.5706048011779785
Exp3: + CSA + WFL,ROC,34,0.015048908954100828,0.4107142857142857,0.5655727386474609
Exp3: + CSA + WFL,ROC,35,0.01655379984951091,0.4107142857142857,0.5625472664833069
Exp3: + CSA + WFL,ROC,36,0.01655379984951091,0.4226190476190476,0.5610732436180115
Exp3: + CSA + WFL,ROC,37,0.01730624529721595,0.4226190476190476,0.5587542653083801
Exp3: + CSA + WFL,ROC,38,0.01730624529721595,0.47023809523809523,0.5298135876655579
Exp3: + CSA + WFL,ROC,39,0.01805869074492099,0.47023809523809523,0.5295019149780273
Exp3: + CSA + WFL,ROC,40,0.01805869074492099,0.4880952380952381,0.5264406204223633
Exp3: + CSA + WFL,ROC,41,0.018811136192626036,0.4880952380952381,0.5255154967308044
Exp3: + CSA + WFL,ROC,42,0.018811136192626036,0.49404761904761907,0.5246778130531311
Exp3: + CSA + WFL,ROC,43,0.021068472535741158,0.49404761904761907,0.522108256816864
Exp3: + CSA + WFL,ROC,44,0.021068472535741158,0.5178571428571429,0.5137826800346375
Exp3: + CSA + WFL,ROC,45,0.022573363431151242,0.5178571428571429,0.5111364722251892
Exp3: + CSA + WFL,ROC,46,0.022573363431151242,0.5238095238095238,0.5108249187469482
Exp3: + CSA + WFL,ROC,47,0.024078254326561323,0.5238095238095238,0.5040442943572998
Exp3: + CSA + WFL,ROC,48,0.024078254326561323,0.5833333333333334,0.49042731523513794
Exp3: + CSA + WFL,ROC,49,0.03310759969902182,0.5833333333333334,0.46303001046180725
Exp3: + CSA + WFL,ROC,50,0.03310759969902182,0.5952380952380952,0.4558890163898468
Exp3: + CSA + WFL,ROC,51,0.03837471783295711,0.5952380952380952,0.43667903542518616
Exp3: + CSA + WFL,ROC,52,0.03837471783295711,0.6011904761904762,0.43502017855644226
Exp3: + CSA + WFL,ROC,53,0.040632054176072234,0.6011904761904762,0.4325644075870514
Exp3: + CSA + WFL,ROC,54,0.040632054176072234,0.6130952380952381,0.4269835650920868
Exp3: + CSA + WFL,ROC,55,0.045146726862302484,0.6130952380952381,0.41658729314804077
Exp3: + CSA + WFL,ROC,56,0.045146726862302484,0.6190476190476191,0.4141961336135864
Exp3: + CSA + WFL,ROC,57,0.04589917231000752,0.6190476190476191,0.4135197699069977
Exp3: + CSA + WFL,ROC,58,0.04589917231000752,0.625,0.41205745935440063
Exp3: + CSA + WFL,ROC,59,0.046651617757712566,0.625,0.410643070936203
Exp3: + CSA + WFL,ROC,60,0.046651617757712566,0.6309523809523809,0.4100643992424011
Exp3: + CSA + WFL,ROC,61,0.04815650865312265,0.6309523809523809,0.40866324305534363
Exp3: + CSA + WFL,ROC,62,0.04815650865312265,0.6369047619047619,0.4076254069805145
Exp3: + CSA + WFL,ROC,63,0.04890895410082769,0.6369047619047619,0.4071043133735657
Exp3: + CSA + WFL,ROC,64,0.04890895410082769,0.6428571428571429,0.4053191542625427
Exp3: + CSA + WFL,ROC,65,0.04966139954853273,0.6428571428571429,0.4042968153953552
Exp3: + CSA + WFL,ROC,66,0.04966139954853273,0.6488095238095238,0.40367358922958374
Exp3: + CSA + WFL,ROC,67,0.05041384499623777,0.6488095238095238,0.4008032977581024
Exp3: + CSA + WFL,ROC,68,0.05041384499623777,0.6607142857142857,0.3913455009460449
Exp3: + CSA + WFL,ROC,69,0.05191873589164785,0.6607142857142857,0.38945272564888
Exp3: + CSA + WFL,ROC,70,0.05191873589164785,0.6666666666666666,0.3887471556663513
Exp3: + CSA + WFL,ROC,71,0.05342362678705794,0.6666666666666666,0.38673698902130127
Exp3: + CSA + WFL,ROC,72,0.05342362678705794,0.6726190476190477,0.3865964412689209
Exp3: + CSA + WFL,ROC,73,0.05568096313017306,0.6726190476190477,0.3855860233306885
Exp3: + CSA + WFL,ROC,74,0.05568096313017306,0.6785714285714286,0.38494089245796204
Exp3: + CSA + WFL,ROC,75,0.056433408577878104,0.6785714285714286,0.3833507299423218
Exp3: + CSA + WFL,ROC,76,0.056433408577878104,0.6845238095238095,0.38205745816230774
Exp3: + CSA + WFL,ROC,77,0.062452972159518436,0.6845238095238095,0.37305983901023865
Exp3: + CSA + WFL,ROC,78,0.062452972159518436,0.6904761904761905,0.3720225691795349
Exp3: + CSA + WFL,ROC,79,0.07599699021820917,0.6904761904761905,0.354998379945755
Exp3: + CSA + WFL,ROC,80,0.07599699021820917,0.7023809523809523,0.35340356826782227
Exp3: + CSA + WFL,ROC,81,0.0797592174567344,0.7023809523809523,0.34826967120170593
Exp3: + CSA + WFL,ROC,82,0.0797592174567344,0.7083333333333334,0.3482630252838135
Exp3: + CSA + WFL,ROC,83,0.08051166290443942,0.7083333333333334,0.34783878922462463
Exp3: + CSA + WFL,ROC,84,0.08051166290443942,0.7142857142857143,0.3475955128669739
Exp3: + CSA + WFL,ROC,85,0.0835214446952596,0.7142857142857143,0.34044408798217773
Exp3: + CSA + WFL,ROC,86,0.0835214446952596,0.7202380952380952,0.3396688401699066
Exp3: + CSA + WFL,ROC,87,0.08427389014296463,0.7202380952380952,0.3391854763031006
Exp3: + CSA + WFL,ROC,88,0.08427389014296463,0.7321428571428571,0.3388652503490448
Exp3: + CSA + WFL,ROC,89,0.08954100827689992,0.7321428571428571,0.3287755846977234
Exp3: + CSA + WFL,ROC,90,0.08954100827689992,0.7380952380952381,0.3281901776790619
Exp3: + CSA + WFL,ROC,91,0.09029345372460497,0.7380952380952381,0.3266836404800415
Exp3: + CSA + WFL,ROC,92,0.09029345372460497,0.7440476190476191,0.32438957691192627
Exp3: + CSA + WFL,ROC,93,0.10233258088788563,0.7440476190476191,0.30831378698349
Exp3: + CSA + WFL,ROC,94,0.10233258088788563,0.75,0.30722036957740784
Exp3: + CSA + WFL,ROC,95,0.10985703536493605,0.75,0.2956935167312622
Exp3: + CSA + WFL,ROC,96,0.10985703536493605,0.7559523809523809,0.2933981716632843
Exp3: + CSA + WFL,ROC,97,0.12340105342362678,0.7559523809523809,0.2805548906326294
Exp3: + CSA + WFL,ROC,98,0.12340105342362678,0.7619047619047619,0.2802514135837555
Exp3: + CSA + WFL,ROC,99,0.12490594431903687,0.7619047619047619,0.2790917754173279
Exp3: + CSA + WFL,ROC,100,0.12490594431903687,0.7678571428571429,0.278331995010376
Exp3: + CSA + WFL,ROC,101,0.13393528969149737,0.7678571428571429,0.267478346824646
Exp3: + CSA + WFL,ROC,102,0.13393528969149737,0.7797619047619048,0.2668580114841461
Exp3: + CSA + WFL,ROC,103,0.13544018058690746,0.7797619047619048,0.26428839564323425
Exp3: + CSA + WFL,ROC,104,0.13544018058690746,0.7857142857142857,0.26220405101776123
Exp3: + CSA + WFL,ROC,105,0.13769751693002258,0.7857142857142857,0.2568381726741791
Exp3: + CSA + WFL,ROC,106,0.13769751693002258,0.7916666666666666,0.25631263852119446
Exp3: + CSA + WFL,ROC,107,0.1437170805116629,0.7916666666666666,0.25094419717788696
Exp3: + CSA + WFL,ROC,108,0.1437170805116629,0.8035714285714286,0.2504573464393616
Exp3: + CSA + WFL,ROC,109,0.14672686230248308,0.8035714285714286,0.24845707416534424
Exp3: + CSA + WFL,ROC,110,0.14672686230248308,0.8095238095238095,0.24698026478290558
Exp3: + CSA + WFL,ROC,111,0.1489841986455982,0.8095238095238095,0.2444411665201187
Exp3: + CSA + WFL,ROC,112,0.1489841986455982,0.8154761904761905,0.244188591837883
Exp3: + CSA + WFL,ROC,113,0.15199398043641835,0.8154761904761905,0.24182765185832977
Exp3: + CSA + WFL,ROC,114,0.15199398043641835,0.8273809523809523,0.23956799507141113
Exp3: + CSA + WFL,ROC,115,0.15500376222723852,0.8273809523809523,0.2382393628358841
Exp3: + CSA + WFL,ROC,116,0.15500376222723852,0.8333333333333334,0.23686230182647705
Exp3: + CSA + WFL,ROC,117,0.1565086531226486,0.8333333333333334,0.23598048090934753
Exp3: + CSA + WFL,ROC,118,0.1565086531226486,0.8392857142857143,0.23595842719078064
Exp3: + CSA + WFL,ROC,119,0.1655379984951091,0.8392857142857143,0.22823375463485718
Exp3: + CSA + WFL,ROC,120,0.1655379984951091,0.8452380952380952,0.22777308523654938
Exp3: + CSA + WFL,ROC,121,0.17306245297215953,0.8452380952380952,0.2227226346731186
Exp3: + CSA + WFL,ROC,122,0.17306245297215953,0.8511904761904762,0.2227192372083664
Exp3: + CSA + WFL,ROC,123,0.17832957110609482,0.8511904761904762,0.2173357754945755
Exp3: + CSA + WFL,ROC,124,0.17832957110609482,0.8571428571428571,0.21652983129024506
Exp3: + CSA + WFL,ROC,125,0.18811136192626035,0.8571428571428571,0.20910391211509705
Exp3: + CSA + WFL,ROC,126,0.18811136192626035,0.875,0.20832711458206177
Exp3: + CSA + WFL,ROC,127,0.19413092550790068,0.875,0.20367304980754852
Exp3: + CSA + WFL,ROC,128,0.19413092550790068,0.8809523809523809,0.20306940376758575
Exp3: + CSA + WFL,ROC,129,0.19789315274642588,0.8809523809523809,0.19993245601654053
Exp3: + CSA + WFL,ROC,130,0.19789315274642588,0.8869047619047619,0.1992708146572113
Exp3: + CSA + WFL,ROC,131,0.2039127163280662,0.8869047619047619,0.19628259539604187
Exp3: + CSA + WFL,ROC,132,0.2039127163280662,0.8928571428571429,0.1958366334438324
Exp3: + CSA + WFL,ROC,133,0.2144469525959368,0.8928571428571429,0.1885722428560257
Exp3: + CSA + WFL,ROC,134,0.2144469525959368,0.8988095238095238,0.1876409649848938
Exp3: + CSA + WFL,ROC,135,0.2310007524454477,0.8988095238095238,0.17896290123462677
Exp3: + CSA + WFL,ROC,136,0.2310007524454477,0.9047619047619048,0.17815476655960083
Exp3: + CSA + WFL,ROC,137,0.23476297968397292,0.9047619047619048,0.17659588158130646
Exp3: + CSA + WFL,ROC,138,0.23476297968397292,0.9107142857142857,0.1764807552099228
Exp3: + CSA + WFL,ROC,139,0.24153498871331827,0.9107142857142857,0.17219965159893036
Exp3: + CSA + WFL,ROC,140,0.24153498871331827,0.9166666666666666,0.17164772748947144
Exp3: + CSA + WFL,ROC,141,0.2505643340857788,0.9166666666666666,0.16091200709342957
Exp3: + CSA + WFL,ROC,142,0.2505643340857788,0.9226190476190477,0.16004377603530884
Exp3: + CSA + WFL,ROC,143,0.2513167795334838,0.9226190476190477,0.15994040668010712
Exp3: + CSA + WFL,ROC,144,0.2513167795334838,0.9285714285714286,0.15982097387313843
Exp3: + CSA + WFL,ROC,145,0.254326561324304,0.9285714285714286,0.15730878710746765
Exp3: + CSA + WFL,ROC,146,0.254326561324304,0.9345238095238095,0.15673713386058807
Exp3: + CSA + WFL,ROC,147,0.26034612490594433,0.9345238095238095,0.1533401608467102
Exp3: + CSA + WFL,ROC,148,0.26034612490594433,0.9404761904761905,0.1531359702348709
Exp3: + CSA + WFL,ROC,149,0.272385252069225,0.9404761904761905,0.14612439274787903
Exp3: + CSA + WFL,ROC,150,0.272385252069225,0.9464285714285714,0.14565952122211456
Exp3: + CSA + WFL,ROC,151,0.32806621519939805,0.9464285714285714,0.11513575166463852
Exp3: + CSA + WFL,ROC,152,0.32806621519939805,0.9523809523809523,0.11488229781389236
Exp3: + CSA + WFL,ROC,153,0.3295711060948081,0.9523809523809523,0.11425413936376572
Exp3: + CSA + WFL,ROC,154,0.3295711060948081,0.9583333333333334,0.1141243427991867
Exp3: + CSA + WFL,ROC,155,0.4439428141459744,0.9583333333333334,0.07339122891426086
Exp3: + CSA + WFL,ROC,156,0.4439428141459744,0.9642857142857143,0.07296278327703476
Exp3: + CSA + WFL,ROC,157,0.4582392776523702,0.9642857142857143,0.06832277029752731
Exp3: + CSA + WFL,ROC,158,0.4597441685477803,0.9642857142857143,0.06775816529989243
Exp3: + CSA + WFL,ROC,159,0.4823175319789315,0.9642857142857143,0.06259319186210632
Exp3: + CSA + WFL,ROC,160,0.4823175319789315,0.9702380952380952,0.06214895099401474
Exp3: + CSA + WFL,ROC,161,0.5124153498871332,0.9702380952380952,0.05334309861063957
Exp3: + CSA + WFL,ROC,162,0.5124153498871332,0.9761904761904762,0.05327482149004936
Exp3: + CSA + WFL,ROC,163,0.5703536493604213,0.9761904761904762,0.04212479665875435
Exp3: + CSA + WFL,ROC,164,0.5703536493604213,0.9821428571428571,0.04209345206618309
Exp3: + CSA + WFL,ROC,165,0.6817155756207675,0.9821428571428571,0.025808585807681084
Exp3: + CSA + WFL,ROC,166,0.6817155756207675,0.9880952380952381,0.02578318491578102
Exp3: + CSA + WFL,ROC,167,0.7012791572610986,0.9880952380952381,0.02331470139324665
Exp3: + CSA + WFL,ROC,168,0.7012791572610986,0.9940476190476191,0.023209771141409874
Exp3: + CSA + WFL,ROC,169,0.9352896914973664,0.9940476190476191,0.004936301615089178
Exp3: + CSA + WFL,ROC,170,0.9352896914973664,1.0,0.004934301134198904
Exp3: + CSA + WFL,ROC,171,1.0,1.0,0.00013009662507101893
Exp3: + CSA + WFL,PR,0,1.0,0.11222444889779559,0.00013009662507101893
Exp3: + CSA + WFL,PR,1,1.0,0.11229946524064172,0.0002329183043912053
Exp3: + CSA + WFL,PR,2,1.0,0.11237458193979934,0.0005013730842620134
Exp3: + CSA + WFL,PR,3,1.0,0.11244979919678715,0.0005443116533569992
Exp3: + CSA + WFL,PR,4,1.0,0.11252511721366376,0.0005591813824139535
Exp3: + CSA + WFL,PR,5,1.0,0.1126005361930295,0.0006149945547804236
Exp3: + CSA + WFL,PR,6,1.0,0.11267605633802817,0.0006239581271074712
Exp3: + CSA + WFL,PR,7,1.0,0.11275167785234899,0.0006434180540964007
Exp3: + CSA + WFL,PR,8,1.0,0.11282740094022835,0.00077623879769817
Exp3: + CSA + WFL,PR,9,1.0,0.11290322580645161,0.0007768518407829106
Exp3: + CSA + WFL,PR,10,1.0,0.11297915265635508,0.0008129591587930918
Exp3: + CSA + WFL,PR,11,1.0,0.11305518169582772,0.0008451042813248932
Exp3: + CSA + WFL,PR,12,1.0,0.11313131313131314,0.0008536241366527975
Exp3: + CSA + WFL,PR,13,1.0,0.11320754716981132,0.000854749174322933
Exp3: + CSA + WFL,PR,14,1.0,0.11328388401888065,0.0009036005358211696
Exp3: + CSA + WFL,PR,15,1.0,0.11336032388663968,0.0009707334684208035
Exp3: + CSA + WFL,PR,16,1.0,0.11343686698176908,0.0010405052453279495
Exp3: + CSA + WFL,PR,17,1.0,0.11351351351351352,0.00104259152431041
Exp3: + CSA + WFL,PR,18,1.0,0.11359026369168357,0.0010637002997100353
Exp3: + CSA + WFL,PR,19,1.0,0.11366711772665765,0.0010662482818588614
Exp3: + CSA + WFL,PR,20,1.0,0.11374407582938388,0.001079791341908276
Exp3: + CSA + WFL,PR,21,1.0,0.11382113821138211,0.001123869209550321
Exp3: + CSA + WFL,PR,22,1.0,0.11389830508474576,0.0012646847171708941
Exp3: + CSA + WFL,PR,23,1.0,0.11397557666214382,0.0013638341333717108
Exp3: + CSA + WFL,PR,24,1.0,0.11405295315682282,0.0013679122785106301
Exp3: + CSA + WFL,PR,25,1.0,0.11413043478260869,0.0014015741180628538
Exp3: + CSA + WFL,PR,26,1.0,0.1142080217539089,0.0014780592173337936
Exp3: + CSA + WFL,PR,27,1.0,0.11428571428571428,0.0015173766296356916
Exp3: + CSA + WFL,PR,28,1.0,0.11436351259360109,0.0015732914907857776
Exp3: + CSA + WFL,PR,29,1.0,0.11444141689373297,0.001633101492188871
Exp3: + CSA + WFL,PR,30,1.0,0.11451942740286299,0.0018123963382095098
Exp3: + CSA + WFL,PR,31,1.0,0.1145975443383356,0.0019484431250020862
Exp3: + CSA + WFL,PR,32,1.0,0.11467576791808874,0.0020933940540999174
Exp3: + CSA + WFL,PR,33,1.0,0.11475409836065574,0.002251062076538801
Exp3: + CSA + WFL,PR,34,1.0,0.11483253588516747,0.002301061525940895
Exp3: + CSA + WFL,PR,35,1.0,0.11491108071135431,0.002335895551368594
Exp3: + CSA + WFL,PR,36,1.0,0.11498973305954825,0.0023445829283446074
Exp3: + CSA + WFL,PR,37,1.0,0.11506849315068493,0.0023542046546936035
Exp3: + CSA + WFL,PR,38,1.0,0.11514736120630568,0.0024019526317715645
Exp3: + CSA + WFL,PR,39,1.0,0.11522633744855967,0.002493994776159525
Exp3: + CSA + WFL,PR,40,1.0,0.1153054221002059,0.0025510971900075674
Exp3: + CSA + WFL,PR,41,1.0,0.11538461538461539,0.002560228109359741
Exp3: + CSA + WFL,PR,42,1.0,0.1154639175257732,0.0025825253687798977
Exp3: + CSA + WFL,PR,43,1.0,0.1155433287482806,0.0026169081684201956
Exp3: + CSA + WFL,PR,44,1.0,0.11562284927735719,0.0026810087729245424
Exp3: + CSA + WFL,PR,45,1.0,0.11570247933884298,0.002771626925095916
Exp3: + CSA + WFL,PR,46,1.0,0.11578221915920055,0.002955544274300337
Exp3: + CSA + WFL,PR,47,1.0,0.11586206896551725,0.0029771600384265184
Exp3: + CSA + WFL,PR,48,1.0,0.11594202898550725,0.00300050457008183
Exp3: + CSA + WFL,PR,49,1.0,0.11602209944751381,0.003013547509908676
Exp3: + CSA + WFL,PR,50,1.0,0.1161022805805114,0.0030473924707621336
Exp3: + CSA + WFL,PR,51,1.0,0.11618257261410789,0.003056015819311142
Exp3: + CSA + WFL,PR,52,1.0,0.11626297577854672,0.0031261390540748835
Exp3: + CSA + WFL,PR,53,1.0,0.11634349030470914,0.0031634417828172445
Exp3: + CSA + WFL,PR,54,1.0,0.11642411642411643,0.0032077450305223465
Exp3: + CSA + WFL,PR,55,1.0,0.11650485436893204,0.003213773714378476
Exp3: + CSA + WFL,PR,56,1.0,0.11658570437196392,0.003253873437643051
Exp3: + CSA + WFL,PR,57,1.0,0.11666666666666667,0.003268311731517315
Exp3: + CSA + WFL,PR,58,1.0,0.11674774148714386,0.0032840061467140913
Exp3: + CSA + WFL,PR,59,1.0,0.1168289290681502,0.003622748190537095
Exp3: + CSA + WFL,PR,60,1.0,0.11691022964509394,0.003666485194116831
Exp3: + CSA + WFL,PR,61,1.0,0.116991643454039,0.0036757246125489473
Exp3: + CSA + WFL,PR,62,1.0,0.11707317073170732,0.0037148266565054655
Exp3: + CSA + WFL,PR,63,1.0,0.11715481171548117,0.0037590363062918186
Exp3: + CSA + WFL,PR,64,1.0,0.11723656664340544,0.003761858679354191
Exp3: + CSA + WFL,PR,65,1.0,0.11731843575418995,0.0038042240776121616
Exp3: + CSA + WFL,PR,66,1.0,0.11740041928721175,0.0038841452915221453
Exp3: + CSA + WFL,PR,67,1.0,0.11748251748251748,0.003901417599990964
Exp3: + CSA + WFL,PR,68,1.0,0.11756473058082575,0.003988022916018963
Exp3: + CSA + WFL,PR,69,1.0,0.11764705882352941,0.004026529844850302
Exp3: + CSA + WFL,PR,70,1.0,0.11772950245269796,0.0041663991287350655
Exp3: + CSA + WFL,PR,71,1.0,0.11781206171107994,0.00416996143758297
Exp3: + CSA + WFL,PR,72,1.0,0.11789473684210526,0.004238110966980457
Exp3: + CSA + WFL,PR,73,1.0,0.11797752808988764,0.0042828465811908245
Exp3: + CSA + WFL,PR,74,1.0,0.11806043569922699,0.0042878687381744385
Exp3: + CSA + WFL,PR,75,1.0,0.11814345991561181,0.004311637952923775
Exp3: + CSA + WFL,PR,76,1.0,0.11822660098522167,0.004328060429543257
Exp3: + CSA + WFL,PR,77,1.0,0.11830985915492957,0.004413558170199394
Exp3: + CSA + WFL,PR,78,1.0,0.11839323467230443,0.00457419827580452
Exp3: + CSA + WFL,PR,79,1.0,0.11847672778561354,0.0045860097743570805
Exp3: + CSA + WFL,PR,80,1.0,0.11856033874382499,0.004617901518940926
Exp3: + CSA + WFL,PR,81,1.0,0.11864406779661017,0.004623436369001865
Exp3: + CSA + WFL,PR,82,1.0,0.11872791519434629,0.0046536680310964584
Exp3: + CSA + WFL,PR,83,1.0,0.1188118811881188,0.004664186388254166
Exp3: + CSA + WFL,PR,84,1.0,0.11889596602972399,0.004673715215176344
Exp3: + CSA + WFL,PR,85,1.0,0.11898016997167139,0.004777488298714161
Exp3: + CSA + WFL,PR,86,1.0,0.11906449326718639,0.004934301134198904
Exp3: + CSA + WFL,PR,87,0.9940476190476191,0.11843971631205674,0.004936301615089178
Exp3: + CSA + WFL,PR,88,0.9940476190476191,0.1185237757274663,0.005019632168114185
Exp3: + CSA + WFL,PR,89,0.9940476190476191,0.11860795454545454,0.005033312831073999
Exp3: + CSA + WFL,PR,90,0.9940476190476191,0.11869225302061123,0.005049545783549547
Exp3: + CSA + WFL,PR,91,0.9940476190476191,0.11877667140825035,0.005058346316218376
Exp3: + CSA + WFL,PR,92,0.9940476190476191,0.11886120996441281,0.005082267802208662
Exp3: + CSA + WFL,PR,93,0.9940476190476191,0.11894586894586895,0.005084163974970579
Exp3: + CSA + WFL,PR,94,0.9940476190476191,0.11903064861012116,0.005198306404054165
Exp3: + CSA + WFL,PR,95,0.9940476190476191,0.11911554921540657,0.0052313427440822124
Exp3: + CSA + WFL,PR,96,0.9940476190476191,0.1192005710206995,0.005277635063976049
Exp3: + CSA + WFL,PR,97,0.9940476190476191,0.11928571428571429,0.00532235624268651
Exp3: + CSA + WFL,PR,98,0.9940476190476191,0.11937097927090778,0.005331207532435656
Exp3: + CSA + WFL,PR,99,0.9940476190476191,0.11945636623748211,0.005361408460885286
Exp3: + CSA + WFL,PR,100,0.9940476190476191,0.11954187544738726,0.0053996252827346325
Exp3: + CSA + WFL,PR,101,0.9940476190476191,0.11962750716332378,0.005474905949085951
Exp3: + CSA + WFL,PR,102,0.9940476190476191,0.11971326164874552,0.0054954406805336475
Exp3: + CSA + WFL,PR,103,0.9940476190476191,0.11979913916786226,0.005496449302881956
Exp3: + CSA + WFL,PR,104,0.9940476190476191,0.1198851399856425,0.005503465887159109
Exp3: + CSA + WFL,PR,105,0.9940476190476191,0.11997126436781609,0.005516629666090012
Exp3: + CSA + WFL,PR,106,0.9940476190476191,0.12005751258087707,0.005523358937352896
Exp3: + CSA + WFL,PR,107,0.9940476190476191,0.12014388489208633,0.005553429946303368
Exp3: + CSA + WFL,PR,108,0.9940476190476191,0.12023038156947444,0.005570782348513603
Exp3: + CSA + WFL,PR,109,0.9940476190476191,0.12031700288184438,0.005601129960268736
Exp3: + CSA + WFL,PR,110,0.9940476190476191,0.12040374909877433,0.0056048124097287655
Exp3: + CSA + WFL,PR,111,0.9940476190476191,0.1204906204906205,0.005645773373544216
Exp3: + CSA + WFL,PR,112,0.9940476190476191,0.12057761732851986,0.005647347308695316
Exp3: + CSA + WFL,PR,113,0.9940476190476191,0.12066473988439307,0.005752837285399437
Exp3: + CSA + WFL,PR,114,0.9940476190476191,0.12075198843094721,0.005773554556071758
Exp3: + CSA + WFL,PR,115,0.9940476190476191,0.12083936324167872,0.0057752737775444984
Exp3: + CSA + WFL,PR,116,0.9940476190476191,0.12092686459087618,0.005816334392875433
Exp3: + CSA + WFL,PR,117,0.9940476190476191,0.12101449275362319,0.0058187623508274555
Exp3: + CSA + WFL,PR,118,0.9940476190476191,0.1211022480058013,0.005866095889359713
Exp3: + CSA + WFL,PR,119,0.9940476190476191,0.12119013062409288,0.005894393660128117
Exp3: + CSA + WFL,PR,120,0.9940476190476191,0.12127814088598403,0.005962268449366093
Exp3: + CSA + WFL,PR,121,0.9940476190476191,0.12136627906976744,0.006037382408976555
Exp3: + CSA + WFL,PR,122,0.9940476190476191,0.12145454545454545,0.006042480003088713
Exp3: + CSA + WFL,PR,123,0.9940476190476191,0.1215429403202329,0.006048158742487431
Exp3: + CSA + WFL,PR,124,0.9940476190476191,0.12163146394756008,0.00607029814273119
Exp3: + CSA + WFL,PR,125,0.9940476190476191,0.1217201166180758,0.006126716732978821
Exp3: + CSA + WFL,PR,126,0.9940476190476191,0.12180889861415026,0.006185106001794338
Exp3: + CSA + WFL,PR,127,0.9940476190476191,0.12189781021897811,0.006205018609762192
Exp3: + CSA + WFL,PR,128,0.9940476190476191,0.12198685171658144,0.006217853166162968
Exp3: + CSA + WFL,PR,129,0.9940476190476191,0.12207602339181287,0.006218950264155865
Exp3: + CSA + WFL,PR,130,0.9940476190476191,0.12216532553035844,0.006231567356735468
Exp3: + CSA + WFL,PR,131,0.9940476190476191,0.12225475841874085,0.0062330542132258415
Exp3: + CSA + WFL,PR,132,0.9940476190476191,0.12234432234432234,0.006248374003916979
Exp3: + CSA + WFL,PR,133,0.9940476190476191,0.12243401759530792,0.0062484294176101685
Exp3: + CSA + WFL,PR,134,0.9940476190476191,0.12252384446074835,0.006295264698565006
Exp3: + CSA + WFL,PR,135,0.9940476190476191,0.12261380323054331,0.006466661114245653
Exp3: + CSA + WFL,PR,136,0.9940476190476191,0.12270389419544453,0.0065277512185275555
Exp3: + CSA + WFL,PR,137,0.9940476190476191,0.12279411764705882,0.00677641062065959
Exp3: + CSA + WFL,PR,138,0.9940476190476191,0.12288447387785136,0.006784013006836176
Exp3: + CSA + WFL,PR,139,0.9940476190476191,0.12297496318114874,0.006785260513424873
Exp3: + CSA + WFL,PR,140,0.9940476190476191,0.12306558585114223,0.00681082671508193
Exp3: + CSA + WFL,PR,141,0.9940476190476191,0.12315634218289086,0.006867897231131792
Exp3: + CSA + WFL,PR,142,0.9940476190476191,0.12324723247232472,0.006879677064716816
Exp3: + CSA + WFL,PR,143,0.9940476190476191,0.12333825701624815,0.007154746446758509
Exp3: + CSA + WFL,PR,144,0.9940476190476191,0.12342941611234294,0.007187413051724434
Exp3: + CSA + WFL,PR,145,0.9940476190476191,0.1235207100591716,0.007208644412457943
Exp3: + CSA + WFL,PR,146,0.9940476190476191,0.1236121391561806,0.007210714276880026
Exp3: + CSA + WFL,PR,147,0.9940476190476191,0.1237037037037037,0.007230471353977919
Exp3: + CSA + WFL,PR,148,0.9940476190476191,0.12379540400296515,0.007281585596501827
Exp3: + CSA + WFL,PR,149,0.9940476190476191,0.12388724035608309,0.007400456815958023
Exp3: + CSA + WFL,PR,150,0.9940476190476191,0.12397921306607275,0.007426419295370579
Exp3: + CSA + WFL,PR,151,0.9940476190476191,0.12407132243684993,0.007487448398023844
Exp3: + CSA + WFL,PR,152,0.9940476190476191,0.1241635687732342,0.007550988811999559
Exp3: + CSA + WFL,PR,153,0.9940476190476191,0.12425595238095238,0.007553957402706146
Exp3: + CSA + WFL,PR,154,0.9940476190476191,0.12434847356664185,0.007564136758446693
Exp3: + CSA + WFL,PR,155,0.9940476190476191,0.12444113263785395,0.007659561466425657
Exp3: + CSA + WFL,PR,156,0.9940476190476191,0.12453392990305742,0.007733136415481567
Exp3: + CSA + WFL,PR,157,0.9940476190476191,0.12462686567164179,0.007767959497869015
Exp3: + CSA + WFL,PR,158,0.9940476190476191,0.12471994025392083,0.0077986326068639755
Exp3: + CSA + WFL,PR,159,0.9940476190476191,0.12481315396113603,0.007891577668488026
Exp3: + CSA + WFL,PR,160,0.9940476190476191,0.12490650710545999,0.007912753149867058
Exp3: + CSA + WFL,PR,161,0.9940476190476191,0.125,0.008022279478609562
Exp3: + CSA + WFL,PR,162,0.9940476190476191,0.1250936329588015,0.008039966225624084
Exp3: + CSA + WFL,PR,163,0.9940476190476191,0.12518740629685157,0.00813109427690506
Exp3: + CSA + WFL,PR,164,0.9940476190476191,0.12528132033008252,0.008158166892826557
Exp3: + CSA + WFL,PR,165,0.9940476190476191,0.12537537537537538,0.008162140846252441
Exp3: + CSA + WFL,PR,166,0.9940476190476191,0.12546957175056347,0.008209862746298313
Exp3: + CSA + WFL,PR,167,0.9940476190476191,0.1255639097744361,0.008338138461112976
Exp3: + CSA + WFL,PR,168,0.9940476190476191,0.1256583897667419,0.008393235504627228
Exp3: + CSA + WFL,PR,169,0.9940476190476191,0.12575301204819278,0.008404217660427094
Exp3: + CSA + WFL,PR,170,0.9940476190476191,0.12584777694046723,0.0084384148940444
Exp3: + CSA + WFL,PR,171,0.9940476190476191,0.12594268476621417,0.008486123755574226
Exp3: + CSA + WFL,PR,172,0.9940476190476191,0.12603773584905661,0.00863841362297535
Exp3: + CSA + WFL,PR,173,0.9940476190476191,0.12613293051359517,0.008743121288716793
Exp3: + CSA + WFL,PR,174,0.9940476190476191,0.12622826908541193,0.008753848262131214
Exp3: + CSA + WFL,PR,175,0.9940476190476191,0.12632375189107414,0.008809877559542656
Exp3: + CSA + WFL,PR,176,0.9940476190476191,0.1264193792581378,0.008864634670317173
Exp3: + CSA + WFL,PR,177,0.9940476190476191,0.12651515151515152,0.008914370089769363
Exp3: + CSA + WFL,PR,178,0.9940476190476191,0.12661106899166036,0.009012233465909958
Exp3: + CSA + WFL,PR,179,0.9940476190476191,0.1267071320182094,0.009018675424158573
Exp3: + CSA + WFL,PR,180,0.9940476190476191,0.12680334092634776,0.009133940562605858
Exp3: + CSA + WFL,PR,181,0.9940476190476191,0.12689969604863222,0.00918219331651926
Exp3: + CSA + WFL,PR,182,0.9940476190476191,0.1269961977186312,0.009390169754624367
Exp3: + CSA + WFL,PR,183,0.9940476190476191,0.12709284627092846,0.009401991963386536
Exp3: + CSA + WFL,PR,184,0.9940476190476191,0.12718964204112718,0.009550890885293484
Exp3: + CSA + WFL,PR,185,0.9940476190476191,0.12728658536585366,0.009570546448230743
Exp3: + CSA + WFL,PR,186,0.9940476190476191,0.12738367658276126,0.009576586075127125
Exp3: + CSA + WFL,PR,187,0.9940476190476191,0.12748091603053435,0.009623657912015915
Exp3: + CSA + WFL,PR,188,0.9940476190476191,0.12757830404889228,0.009637958370149136
Exp3: + CSA + WFL,PR,189,0.9940476190476191,0.12767584097859327,0.009667797014117241
Exp3: + CSA + WFL,PR,190,0.9940476190476191,0.12777352716143842,0.009680494666099548
Exp3: + CSA + WFL,PR,191,0.9940476190476191,0.12787136294027565,0.00979352742433548
Exp3: + CSA + WFL,PR,192,0.9940476190476191,0.12796934865900383,0.009905276820063591
Exp3: + CSA + WFL,PR,193,0.9940476190476191,0.1280674846625767,0.009955557063221931
Exp3: + CSA + WFL,PR,194,0.9940476190476191,0.1281657712970069,0.009965821169316769
Exp3: + CSA + WFL,PR,195,0.9940476190476191,0.1282642089093702,0.010058966465294361
Exp3: + CSA + WFL,PR,196,0.9940476190476191,0.12836279784780938,0.010144621133804321
Exp3: + CSA + WFL,PR,197,0.9940476190476191,0.12846153846153846,0.010228856466710567
Exp3: + CSA + WFL,PR,198,0.9940476190476191,0.1285604311008468,0.010314339771866798
Exp3: + CSA + WFL,PR,199,0.9940476190476191,0.12865947611710324,0.010394936427474022
Exp3: + CSA + WFL,PR,200,0.9940476190476191,0.12875867386276021,0.010443191975355148
Exp3: + CSA + WFL,PR,201,0.9940476190476191,0.12885802469135801,0.010522990487515926
Exp3: + CSA + WFL,PR,202,0.9940476190476191,0.12895752895752896,0.01059481967240572
Exp3: + CSA + WFL,PR,203,0.9940476190476191,0.12905718701700156,0.010643575340509415
Exp3: + CSA + WFL,PR,204,0.9940476190476191,0.12915699922660479,0.010661481879651546
Exp3: + CSA + WFL,PR,205,0.9940476190476191,0.12925696594427244,0.010709035210311413
Exp3: + CSA + WFL,PR,206,0.9940476190476191,0.12935708752904726,0.01072525791823864
Exp3: + CSA + WFL,PR,207,0.9940476190476191,0.12945736434108526,0.010750848799943924
Exp3: + CSA + WFL,PR,208,0.9940476190476191,0.1295577967416602,0.010837421752512455
Exp3: + CSA + WFL,PR,209,0.9940476190476191,0.1296583850931677,0.010844041593372822
Exp3: + CSA + WFL,PR,210,0.9940476190476191,0.12975912975912976,0.010901275090873241
Exp3: + CSA + WFL,PR,211,0.9940476190476191,0.12986003110419908,0.010961818508803844
Exp3: + CSA + WFL,PR,212,0.9940476190476191,0.12996108949416343,0.011005987413227558
Exp3: + CSA + WFL,PR,213,0.9940476190476191,0.13006230529595014,0.01103087980300188
Exp3: + CSA + WFL,PR,214,0.9940476190476191,0.13016367887763056,0.01107114925980568
Exp3: + CSA + WFL,PR,215,0.9940476190476191,0.13026521060842433,0.011123532429337502
Exp3: + CSA + WFL,PR,216,0.9940476190476191,0.13036690085870414,0.011229924857616425
Exp3: + CSA + WFL,PR,217,0.9940476190476191,0.13046875,0.011248370632529259
Exp3: + CSA + WFL,PR,218,0.9940476190476191,0.1305707584050039,0.01132042333483696
Exp3: + CSA + WFL,PR,219,0.9940476190476191,0.13067292644757433,0.01136989425867796
Exp3: + CSA + WFL,PR,220,0.9940476190476191,0.1307752545027408,0.01139136217534542
Exp3: + CSA + WFL,PR,221,0.9940476190476191,0.13087774294670845,0.011392824351787567
Exp3: + CSA + WFL,PR,222,0.9940476190476191,0.13098039215686275,0.011454137973487377
Exp3: + CSA + WFL,PR,223,0.9940476190476191,0.13108320251177394,0.011468742974102497
Exp3: + CSA + WFL,PR,224,0.9940476190476191,0.1311861743912019,0.01147423218935728
Exp3: + CSA + WFL,PR,225,0.9940476190476191,0.13128930817610063,0.011588010936975479
Exp3: + CSA + WFL,PR,226,0.9940476190476191,0.13139260424862312,0.011603242717683315
Exp3: + CSA + WFL,PR,227,0.9940476190476191,0.131496062992126,0.01165949460119009
Exp3: + CSA + WFL,PR,228,0.9940476190476191,0.13159968479117415,0.011733481660485268
Exp3: + CSA + WFL,PR,229,0.9940476190476191,0.13170347003154576,0.011743017472326756
Exp3: + CSA + WFL,PR,230,0.9940476190476191,0.13180741910023677,0.011751535348594189
Exp3: + CSA + WFL,PR,231,0.9940476190476191,0.13191153238546605,0.011781084351241589
Exp3: + CSA + WFL,PR,232,0.9940476190476191,0.13201581027667983,0.011828012764453888
Exp3: + CSA + WFL,PR,233,0.9940476190476191,0.13212025316455697,0.011930995620787144
Exp3: + CSA + WFL,PR,234,0.9940476190476191,0.13222486144101345,0.011945359408855438
Exp3: + CSA + WFL,PR,235,0.9940476190476191,0.13232963549920762,0.011957423761487007
Exp3: + CSA + WFL,PR,236,0.9940476190476191,0.1324345757335448,0.012055877596139908
Exp3: + CSA + WFL,PR,237,0.9940476190476191,0.13253968253968254,0.012086226604878902
Exp3: + CSA + WFL,PR,238,0.9940476190476191,0.13264495631453535,0.012195455841720104
Exp3: + CSA + WFL,PR,239,0.9940476190476191,0.1327503974562798,0.012207699939608574
Exp3: + CSA + WFL,PR,240,0.9940476190476191,0.1328560063643596,0.012322168797254562
Exp3: + CSA + WFL,PR,241,0.9940476190476191,0.13296178343949044,0.012375026941299438
Exp3: + CSA + WFL,PR,242,0.9940476190476191,0.13306772908366535,0.012470725923776627
Exp3: + CSA + WFL,PR,243,0.9940476190476191,0.1331738437001595,0.012498537078499794
Exp3: + CSA + WFL,PR,244,0.9940476190476191,0.1332801276935355,0.012592529878020287
Exp3: + CSA + WFL,PR,245,0.9940476190476191,0.13338658146964857,0.01261026132851839
Exp3: + CSA + WFL,PR,246,0.9940476190476191,0.1334932054356515,0.012880799360573292
Exp3: + CSA + WFL,PR,247,0.9940476190476191,0.1336,0.012936105951666832
Exp3: + CSA + WFL,PR,248,0.9940476190476191,0.13370696557245795,0.01309765875339508
Exp3: + CSA + WFL,PR,249,0.9940476190476191,0.13381410256410256,0.0131555600091815
Exp3: + CSA + WFL,PR,250,0.9940476190476191,0.1339214113873296,0.01319023035466671
Exp3: + CSA + WFL,PR,251,0.9940476190476191,0.13402889245585875,0.01321911159902811
Exp3: + CSA + WFL,PR,252,0.9940476190476191,0.13413654618473897,0.013347454369068146
Exp3: + CSA + WFL,PR,253,0.9940476190476191,0.1342443729903537,0.013419514521956444
Exp3: + CSA + WFL,PR,254,0.9940476190476191,0.13435237329042637,0.013424374163150787
Exp3: + CSA + WFL,PR,255,0.9940476190476191,0.13446054750402575,0.013455749489367008
Exp3: + CSA + WFL,PR,256,0.9940476190476191,0.13456889605157132,0.013513357378542423
Exp3: + CSA + WFL,PR,257,0.9940476190476191,0.1346774193548387,0.013518844731152058
Exp3: + CSA + WFL,PR,258,0.9940476190476191,0.13478611783696529,0.01354933436959982
Exp3: + CSA + WFL,PR,259,0.9940476190476191,0.13489499192245558,0.013572071678936481
Exp3: + CSA + WFL,PR,260,0.9940476190476191,0.13500404203718674,0.013636132702231407
Exp3: + CSA + WFL,PR,261,0.9940476190476191,0.13511326860841424,0.013754897750914097
Exp3: + CSA + WFL,PR,262,0.9940476190476191,0.13522267206477734,0.013814833015203476
Exp3: + CSA + WFL,PR,263,0.9940476190476191,0.1353322528363047,0.013862177729606628
Exp3: + CSA + WFL,PR,264,0.9940476190476191,0.1354420113544201,0.013865296728909016
Exp3: + CSA + WFL,PR,265,0.9940476190476191,0.13555194805194806,0.013893626630306244
Exp3: + CSA + WFL,PR,266,0.9940476190476191,0.13566206336311942,0.01402298267930746
Exp3: + CSA + WFL,PR,267,0.9940476190476191,0.13577235772357724,0.014036186039447784
Exp3: + CSA + WFL,PR,268,0.9940476190476191,0.13588283157038242,0.014080876484513283
Exp3: + CSA + WFL,PR,269,0.9940476190476191,0.13599348534201955,0.01410215999931097
Exp3: + CSA + WFL,PR,270,0.9940476190476191,0.1361043194784026,0.014191234484314919
Exp3: + CSA + WFL,PR,271,0.9940476190476191,0.1362153344208809,0.01428199838846922
Exp3: + CSA + WFL,PR,272,0.9940476190476191,0.1363265306122449,0.014306110329926014
Exp3: + CSA + WFL,PR,273,0.9940476190476191,0.136437908496732,0.014381025917828083
Exp3: + CSA + WFL,PR,274,0.9940476190476191,0.13654946852003272,0.014540103264153004
Exp3: + CSA + WFL,PR,275,0.9940476190476191,0.13666121112929625,0.014551370404660702
Exp3: + CSA + WFL,PR,276,0.9940476190476191,0.13677313677313677,0.01455196924507618
Exp3: + CSA + WFL,PR,277,0.9940476190476191,0.13688524590163934,0.014585105702280998
Exp3: + CSA + WFL,PR,278,0.9940476190476191,0.13699753896636588,0.014639954082667828
Exp3: + CSA + WFL,PR,279,0.9940476190476191,0.13711001642036125,0.01475515216588974
Exp3: + CSA + WFL,PR,280,0.9940476190476191,0.1372226787181594,0.015011635608971119
Exp3: + CSA + WFL,PR,281,0.9940476190476191,0.13733552631578946,0.015083184465765953
Exp3: + CSA + WFL,PR,282,0.9940476190476191,0.1374485596707819,0.015132487751543522
Exp3: + CSA + WFL,PR,283,0.9940476190476191,0.13756177924217464,0.015221167355775833
Exp3: + CSA + WFL,PR,284,0.9940476190476191,0.13767518549051938,0.015239800326526165
Exp3: + CSA + WFL,PR,285,0.9940476190476191,0.1377887788778878,0.015327949076890945
Exp3: + CSA + WFL,PR,286,0.9940476190476191,0.13790255986787778,0.01537361554801464
Exp3: + CSA + WFL,PR,287,0.9940476190476191,0.13801652892561983,0.015387976542115211
Exp3: + CSA + WFL,PR,288,0.9940476190476191,0.1381306865177833,0.015463193878531456
Exp3: + CSA + WFL,PR,289,0.9940476190476191,0.1382450331125828,0.015504826791584492
Exp3: + CSA + WFL,PR,290,0.9940476190476191,0.1383595691797846,0.01567210629582405
Exp3: + CSA + WFL,PR,291,0.9940476190476191,0.1384742951907131,0.015674354508519173
Exp3: + CSA + WFL,PR,292,0.9940476190476191,0.13858921161825727,0.015774719417095184
Exp3: + CSA + WFL,PR,293,0.9940476190476191,0.13870431893687707,0.015835711732506752
Exp3: + CSA + WFL,PR,294,0.9940476190476191,0.13881961762261014,0.015863193199038506
Exp3: + CSA + WFL,PR,295,0.9940476190476191,0.1389351081530782,0.01586596667766571
Exp3: + CSA + WFL,PR,296,0.9940476190476191,0.13905079100749376,0.01597362756729126
Exp3: + CSA + WFL,PR,297,0.9940476190476191,0.13916666666666666,0.01606256328523159
Exp3: + CSA + WFL,PR,298,0.9940476190476191,0.13928273561301086,0.016066674143075943
Exp3: + CSA + WFL,PR,299,0.9940476190476191,0.13939899833055092,0.016119608655571938
Exp3: + CSA + WFL,PR,300,0.9940476190476191,0.13951545530492898,0.016167594119906425
Exp3: + CSA + WFL,PR,301,0.9940476190476191,0.13963210702341136,0.016253003850579262
Exp3: + CSA + WFL,PR,302,0.9940476190476191,0.1397489539748954,0.016263503581285477
Exp3: + CSA + WFL,PR,303,0.9940476190476191,0.13986599664991625,0.016268858686089516
Exp3: + CSA + WFL,PR,304,0.9940476190476191,0.1399832355406538,0.01632801815867424
Exp3: + CSA + WFL,PR,305,0.9940476190476191,0.1401006711409396,0.016419006511569023
Exp3: + CSA + WFL,PR,306,0.9940476190476191,0.14021830394626364,0.016461558640003204
Exp3: + CSA + WFL,PR,307,0.9940476190476191,0.1403361344537815,0.01646409183740616
Exp3: + CSA + WFL,PR,308,0.9940476190476191,0.1404541631623213,0.016551697626709938
Exp3: + CSA + WFL,PR,309,0.9940476190476191,0.14057239057239057,0.01656322181224823
Exp3: + CSA + WFL,PR,310,0.9940476190476191,0.14069081718618365,0.01670299656689167
Exp3: + CSA + WFL,PR,311,0.9940476190476191,0.14080944350758853,0.01675715483725071
Exp3: + CSA + WFL,PR,312,0.9940476190476191,0.1409282700421941,0.016971411183476448
Exp3: + CSA + WFL,PR,313,0.9940476190476191,0.14104729729729729,0.017124222591519356
Exp3: + CSA + WFL,PR,314,0.9940476190476191,0.14116652578191038,0.017194649204611778
Exp3: + CSA + WFL,PR,315,0.9940476190476191,0.1412859560067682,0.01729639619588852
Exp3: + CSA + WFL,PR,316,0.9940476190476191,0.14140558848433532,0.01729661226272583
Exp3: + CSA + WFL,PR,317,0.9940476190476191,0.14152542372881355,0.01738816499710083
Exp3: + CSA + WFL,PR,318,0.9940476190476191,0.14164546225614927,0.017405517399311066
Exp3: + CSA + WFL,PR,319,0.9940476190476191,0.14176570458404075,0.017428098246455193
Exp3: + CSA + WFL,PR,320,0.9940476190476191,0.14188615123194562,0.017451418563723564
Exp3: + CSA + WFL,PR,321,0.9940476190476191,0.14200680272108843,0.017466261982917786
Exp3: + CSA + WFL,PR,322,0.9940476190476191,0.14212765957446807,0.01749425381422043
Exp3: + CSA + WFL,PR,323,0.9940476190476191,0.14224872231686542,0.017530236393213272
Exp3: + CSA + WFL,PR,324,0.9940476190476191,0.1423699914748508,0.01759919710457325
Exp3: + CSA + WFL,PR,325,0.9940476190476191,0.14249146757679182,0.01781747117638588
Exp3: + CSA + WFL,PR,326,0.9940476190476191,0.1426131511528608,0.01786857843399048
Exp3: + CSA + WFL,PR,327,0.9940476190476191,0.14273504273504273,0.01794520579278469
Exp3: + CSA + WFL,PR,328,0.9940476190476191,0.14285714285714285,0.018143082037568092
Exp3: + CSA + WFL,PR,329,0.9940476190476191,0.1429794520547945,0.01815805397927761
Exp3: + CSA + WFL,PR,330,0.9940476190476191,0.143101970865467,0.018206750974059105
Exp3: + CSA + WFL,PR,331,0.9940476190476191,0.1432246998284734,0.018217260017991066
Exp3: + CSA + WFL,PR,332,0.9940476190476191,0.14334763948497853,0.01827053911983967
Exp3: + CSA + WFL,PR,333,0.9940476190476191,0.14347079037800686,0.018310220912098885
Exp3: + CSA + WFL,PR,334,0.9940476190476191,0.14359415305245055,0.018466012552380562
Exp3: + CSA + WFL,PR,335,0.9940476190476191,0.14371772805507746,0.018498623743653297
Exp3: + CSA + WFL,PR,336,0.9940476190476191,0.1438415159345392,0.018563969060778618
Exp3: + CSA + WFL,PR,337,0.9940476190476191,0.14396551724137932,0.018720543012022972
Exp3: + CSA + WFL,PR,338,0.9940476190476191,0.14408973252804141,0.018774574622511864
Exp3: + CSA + WFL,PR,339,0.9940476190476191,0.14421416234887738,0.018797047436237335
Exp3: + CSA + WFL,PR,340,0.9940476190476191,0.14433880726015558,0.018896814435720444
Exp3: + CSA + WFL,PR,341,0.9940476190476191,0.1444636678200692,0.018897486850619316
Exp3: + CSA + WFL,PR,342,0.9940476190476191,0.1445887445887446,0.018993820995092392
Exp3: + CSA + WFL,PR,343,0.9940476190476191,0.14471403812824957,0.019261864945292473
Exp3: + CSA + WFL,PR,344,0.9940476190476191,0.1448395490026019,0.019279727712273598
Exp3: + CSA + WFL,PR,345,0.9940476190476191,0.1449652777777778,0.01948377676308155
Exp3: + CSA + WFL,PR,346,0.9940476190476191,0.14509122502172025,0.019558977335691452
Exp3: + CSA + WFL,PR,347,0.9940476190476191,0.14521739130434783,0.019593533128499985
Exp3: + CSA + WFL,PR,348,0.9940476190476191,0.1453437771975631,0.019641540944576263
Exp3: + CSA + WFL,PR,349,0.9940476190476191,0.14547038327526132,0.01966424472630024
Exp3: + CSA + WFL,PR,350,0.9940476190476191,0.14559721011333915,0.01967551000416279
Exp3: + CSA + WFL,PR,351,0.9940476190476191,0.1457242582897033,0.01970391534268856
Exp3: + CSA + WFL,PR,352,0.9940476190476191,0.14585152838427948,0.019914356991648674
Exp3: + CSA + WFL,PR,353,0.9940476190476191,0.145979020979021,0.019917087629437447
Exp3: + CSA + WFL,PR,354,0.9940476190476191,0.14610673665791776,0.020009838044643402
Exp3: + CSA + WFL,PR,355,0.9940476190476191,0.14623467600700527,0.02002359926700592
Exp3: + CSA + WFL,PR,356,0.9940476190476191,0.14636283961437335,0.02044338546693325
Exp3: + CSA + WFL,PR,357,0.9940476190476191,0.14649122807017545,0.020540256053209305
Exp3: + CSA + WFL,PR,358,0.9940476190476191,0.1466198419666374,0.020636506378650665
Exp3: + CSA + WFL,PR,359,0.9940476190476191,0.14674868189806678,0.020638860762119293
Exp3: + CSA + WFL,PR,360,0.9940476190476191,0.1468777484608619,0.020644446834921837
Exp3: + CSA + WFL,PR,361,0.9940476190476191,0.14700704225352113,0.020676715299487114
Exp3: + CSA + WFL,PR,362,0.9940476190476191,0.14713656387665197,0.020726831629872322
Exp3: + CSA + WFL,PR,363,0.9940476190476191,0.1472663139329806,0.020777998492121696
Exp3: + CSA + WFL,PR,364,0.9940476190476191,0.147396293027361,0.020829245448112488
Exp3: + CSA + WFL,PR,365,0.9940476190476191,0.14752650176678445,0.020850125700235367
Exp3: + CSA + WFL,PR,366,0.9940476190476191,0.14765694076038904,0.020855316892266273
Exp3: + CSA + WFL,PR,367,0.9940476190476191,0.14778761061946902,0.020905932411551476
Exp3: + CSA + WFL,PR,368,0.9940476190476191,0.1479185119574845,0.02114192023873329
Exp3: + CSA + WFL,PR,369,0.9940476190476191,0.14804964539007093,0.02118893526494503
Exp3: + CSA + WFL,PR,370,0.9940476190476191,0.1481810115350488,0.02120605669915676
Exp3: + CSA + WFL,PR,371,0.9940476190476191,0.1483126110124334,0.02123638056218624
Exp3: + CSA + WFL,PR,372,0.9940476190476191,0.14844444444444443,0.02131926268339157
Exp3: + CSA + WFL,PR,373,0.9940476190476191,0.148576512455516,0.021439656615257263
Exp3: + CSA + WFL,PR,374,0.9940476190476191,0.14870881567230632,0.02147839032113552
Exp3: + CSA + WFL,PR,375,0.9940476190476191,0.14884135472370766,0.021554263308644295
Exp3: + CSA + WFL,PR,376,0.9940476190476191,0.14897413024085637,0.021597525104880333
Exp3: + CSA + WFL,PR,377,0.9940476190476191,0.14910714285714285,0.021616775542497635
Exp3: + CSA + WFL,PR,378,0.9940476190476191,0.14924039320822163,0.021740403026342392
Exp3: + CSA + WFL,PR,379,0.9940476190476191,0.14937388193202147,0.02197994478046894
Exp3: + CSA + WFL,PR,380,0.9940476190476191,0.1495076096687556,0.022019322961568832
Exp3: + CSA + WFL,PR,381,0.9940476190476191,0.1496415770609319,0.022208400070667267
Exp3: + CSA + WFL,PR,382,0.9940476190476191,0.14977578475336323,0.022239770740270615
Exp3: + CSA + WFL,PR,383,0.9940476190476191,0.14991023339317774,0.022290553897619247
Exp3: + CSA + WFL,PR,384,0.9940476190476191,0.1500449236298293,0.022290805354714394
Exp3: + CSA + WFL,PR,385,0.9940476190476191,0.15017985611510792,0.02230050414800644
Exp3: + CSA + WFL,PR,386,0.9940476190476191,0.15031503150315031,0.022413648664951324
Exp3: + CSA + WFL,PR,387,0.9940476190476191,0.15045045045045044,0.022507481276988983
Exp3: + CSA + WFL,PR,388,0.9940476190476191,0.15058611361587015,0.022580645978450775
Exp3: + CSA + WFL,PR,389,0.9940476190476191,0.15072202166064982,0.02279886230826378
Exp3: + CSA + WFL,PR,390,0.9940476190476191,0.15085817524841916,0.022907057777047157
Exp3: + CSA + WFL,PR,391,0.9940476190476191,0.15099457504520797,0.0230852160602808
Exp3: + CSA + WFL,PR,392,0.9940476190476191,0.151131221719457,0.02309097722172737
Exp3: + CSA + WFL,PR,393,0.9940476190476191,0.151268115942029,0.02310238964855671
Exp3: + CSA + WFL,PR,394,0.9940476190476191,0.1514052583862194,0.023113131523132324
Exp3: + CSA + WFL,PR,395,0.9940476190476191,0.1515426497277677,0.023132482543587685
Exp3: + CSA + WFL,PR,396,0.9940476190476191,0.1516802906448683,0.023166324943304062
Exp3: + CSA + WFL,PR,397,0.9940476190476191,0.15181818181818182,0.023197395727038383
Exp3: + CSA + WFL,PR,398,0.9940476190476191,0.15195632393084624,0.023209771141409874
Exp3: + CSA + WFL,PR,399,0.9880952380952381,0.151183970856102,0.02331470139324665
Exp3: + CSA + WFL,PR,400,0.9880952380952381,0.15132178669097537,0.023476112633943558
Exp3: + CSA + WFL,PR,401,0.9880952380952381,0.15145985401459855,0.02348903939127922
Exp3: + CSA + WFL,PR,402,0.9880952380952381,0.15159817351598173,0.023605454713106155
Exp3: + CSA + WFL,PR,403,0.9880952380952381,0.15173674588665448,0.023763306438922882
Exp3: + CSA + WFL,PR,404,0.9880952380952381,0.15187557182067704,0.02387423999607563
Exp3: + CSA + WFL,PR,405,0.9880952380952381,0.152014652014652,0.024005871266126633
Exp3: + CSA + WFL,PR,406,0.9880952380952381,0.152153987167736,0.024118375033140182
Exp3: + CSA + WFL,PR,407,0.9880952380952381,0.15229357798165138,0.02416178770363331
Exp3: + CSA + WFL,PR,408,0.9880952380952381,0.15243342516069788,0.024218084290623665
Exp3: + CSA + WFL,PR,409,0.9880952380952381,0.15257352941176472,0.024257445707917213
Exp3: + CSA + WFL,PR,410,0.9880952380952381,0.15271389144434222,0.024289779365062714
Exp3: + CSA + WFL,PR,411,0.9880952380952381,0.15285451197053407,0.024321042001247406
Exp3: + CSA + WFL,PR,412,0.9880952380952381,0.15299539170506912,0.02454976737499237
Exp3: + CSA + WFL,PR,413,0.9880952380952381,0.15313653136531366,0.024563957005739212
Exp3: + CSA + WFL,PR,414,0.9880952380952381,0.15327793167128348,0.024708103388547897
Exp3: + CSA + WFL,PR,415,0.9880952380952381,0.1534195933456562,0.024733956903219223
Exp3: + CSA + WFL,PR,416,0.9880952380952381,0.15356151711378355,0.02485940419137478
Exp3: + CSA + WFL,PR,417,0.9880952380952381,0.1537037037037037,0.02486499957740307
Exp3: + CSA + WFL,PR,418,0.9880952380952381,0.15384615384615385,0.024943748489022255
Exp3: + CSA + WFL,PR,419,0.9880952380952381,0.15398886827458255,0.02513228915631771
Exp3: + CSA + WFL,PR,420,0.9880952380952381,0.1541318477251625,0.02531830407679081
Exp3: + CSA + WFL,PR,421,0.9880952380952381,0.15427509293680297,0.025504425168037415
Exp3: + CSA + WFL,PR,422,0.9880952380952381,0.15441860465116278,0.025581933557987213
Exp3: + CSA + WFL,PR,423,0.9880952380952381,0.15456238361266295,0.025631560012698174
Exp3: + CSA + WFL,PR,424,0.9880952380952381,0.15470643056849953,0.025781476870179176
Exp3: + CSA + WFL,PR,425,0.9880952380952381,0.15485074626865672,0.02578318491578102
Exp3: + CSA + WFL,PR,426,0.9821428571428571,0.15406162464985995,0.025808585807681084
Exp3: + CSA + WFL,PR,427,0.9821428571428571,0.1542056074766355,0.025989843532443047
Exp3: + CSA + WFL,PR,428,0.9821428571428571,0.15434985968194576,0.026082592085003853
Exp3: + CSA + WFL,PR,429,0.9821428571428571,0.1544943820224719,0.026097794994711876
Exp3: + CSA + WFL,PR,430,0.9821428571428571,0.15463917525773196,0.026370162144303322
Exp3: + CSA + WFL,PR,431,0.9821428571428571,0.15478424015009382,0.02651265449821949
Exp3: + CSA + WFL,PR,432,0.9821428571428571,0.15492957746478872,0.026607537642121315
Exp3: + CSA + WFL,PR,433,0.9821428571428571,0.1550751879699248,0.026773428544402122
Exp3: + CSA + WFL,PR,434,0.9821428571428571,0.15522107243650046,0.027104007080197334
Exp3: + CSA + WFL,PR,435,0.9821428571428571,0.1553672316384181,0.027174610644578934
Exp3: + CSA + WFL,PR,436,0.9821428571428571,0.15551366635249764,0.027182376012206078
Exp3: + CSA + WFL,PR,437,0.9821428571428571,0.15566037735849056,0.02718293108046055
Exp3: + CSA + WFL,PR,438,0.9821428571428571,0.1558073654390935,0.02718931809067726
Exp3: + CSA + WFL,PR,439,0.9821428571428571,0.15595463137996218,0.027244707569479942
Exp3: + CSA + WFL,PR,440,0.9821428571428571,0.15610217596972564,0.027325481176376343
Exp3: + CSA + WFL,PR,441,0.9821428571428571,0.15625,0.027344180271029472
Exp3: + CSA + WFL,PR,442,0.9821428571428571,0.15639810426540285,0.027377009391784668
Exp3: + CSA + WFL,PR,443,0.9821428571428571,0.15654648956356737,0.027452774345874786
Exp3: + CSA + WFL,PR,444,0.9821428571428571,0.15669515669515668,0.02757011540234089
Exp3: + CSA + WFL,PR,445,0.9821428571428571,0.15684410646387834,0.027618225663900375
Exp3: + CSA + WFL,PR,446,0.9821428571428571,0.15699333967649856,0.027635332196950912
Exp3: + CSA + WFL,PR,447,0.9821428571428571,0.15714285714285714,0.027686670422554016
Exp3: + CSA + WFL,PR,448,0.9821428571428571,0.1572926596758818,0.027694756165146828
Exp3: + CSA + WFL,PR,449,0.9821428571428571,0.15744274809160305,0.02771863341331482
Exp3: + CSA + WFL,PR,450,0.9821428571428571,0.15759312320916904,0.02793990820646286
Exp3: + CSA + WFL,PR,451,0.9821428571428571,0.1577437858508604,0.028052864596247673
Exp3: + CSA + WFL,PR,452,0.9821428571428571,0.15789473684210525,0.028096700087189674
Exp3: + CSA + WFL,PR,453,0.9821428571428571,0.15804597701149425,0.028278695419430733
Exp3: + CSA + WFL,PR,454,0.9821428571428571,0.15819750719079578,0.02855955809354782
Exp3: + CSA + WFL,PR,455,0.9821428571428571,0.15834932821497122,0.028719767928123474
Exp3: + CSA + WFL,PR,456,0.9821428571428571,0.1585014409221902,0.028760787099599838
Exp3: + CSA + WFL,PR,457,0.9821428571428571,0.15865384615384615,0.028776047751307487
Exp3: + CSA + WFL,PR,458,0.9821428571428571,0.1588065447545717,0.028794454410672188
Exp3: + CSA + WFL,PR,459,0.9821428571428571,0.15895953757225434,0.028810052201151848
Exp3: + CSA + WFL,PR,460,0.9821428571428571,0.15911282545805208,0.028828009963035583
Exp3: + CSA + WFL,PR,461,0.9821428571428571,0.15926640926640925,0.02883584052324295
Exp3: + CSA + WFL,PR,462,0.9821428571428571,0.15942028985507245,0.028971748426556587
Exp3: + CSA + WFL,PR,463,0.9821428571428571,0.1595744680851064,0.029509734362363815
Exp3: + CSA + WFL,PR,464,0.9821428571428571,0.15972894482090996,0.02952335774898529
Exp3: + CSA + WFL,PR,465,0.9821428571428571,0.15988372093023256,0.029541844502091408
Exp3: + CSA + WFL,PR,466,0.9821428571428571,0.1600387972841901,0.029625900089740753
Exp3: + CSA + WFL,PR,467,0.9821428571428571,0.16019417475728157,0.029777606949210167
Exp3: + CSA + WFL,PR,468,0.9821428571428571,0.16034985422740525,0.029935289174318314
Exp3: + CSA + WFL,PR,469,0.9821428571428571,0.1605058365758755,0.029944416135549545
Exp3: + CSA + WFL,PR,470,0.9821428571428571,0.16066212268743915,0.03007040172815323
Exp3: + CSA + WFL,PR,471,0.9821428571428571,0.1608187134502924,0.030342435464262962
Exp3: + CSA + WFL,PR,472,0.9821428571428571,0.16097560975609757,0.030393293127417564
Exp3: + CSA + WFL,PR,473,0.9821428571428571,0.1611328125,0.030515527352690697
Exp3: + CSA + WFL,PR,474,0.9821428571428571,0.16129032258064516,0.030652033165097237
Exp3: + CSA + WFL,PR,475,0.9821428571428571,0.16144814090019569,0.030974240973591805
Exp3: + CSA + WFL,PR,476,0.9821428571428571,0.1616062683643487,0.03119857795536518
Exp3: + CSA + WFL,PR,477,0.9821428571428571,0.16176470588235295,0.031453777104616165
Exp3: + CSA + WFL,PR,478,0.9821428571428571,0.1619234543670265,0.03150834143161774
Exp3: + CSA + WFL,PR,479,0.9821428571428571,0.16208251473477406,0.031648535281419754
Exp3: + CSA + WFL,PR,480,0.9821428571428571,0.16224188790560473,0.03167102858424187
Exp3: + CSA + WFL,PR,481,0.9821428571428571,0.1624015748031496,0.03167355805635452
Exp3: + CSA + WFL,PR,482,0.9821428571428571,0.1625615763546798,0.03178320825099945
Exp3: + CSA + WFL,PR,483,0.9821428571428571,0.16272189349112426,0.03197985142469406
Exp3: + CSA + WFL,PR,484,0.9821428571428571,0.16288252714708787,0.032017987221479416
Exp3: + CSA + WFL,PR,485,0.9821428571428571,0.16304347826086957,0.03203798457980156
Exp3: + CSA + WFL,PR,486,0.9821428571428571,0.1632047477744807,0.0321211963891983
Exp3: + CSA + WFL,PR,487,0.9821428571428571,0.16336633663366337,0.032260455191135406
Exp3: + CSA + WFL,PR,488,0.9821428571428571,0.1635282457879088,0.03229474276304245
Exp3: + CSA + WFL,PR,489,0.9821428571428571,0.1636904761904762,0.03235962241888046
Exp3: + CSA + WFL,PR,490,0.9821428571428571,0.16385302879841113,0.032436687499284744
Exp3: + CSA + WFL,PR,491,0.9821428571428571,0.16401590457256462,0.03246111422777176
Exp3: + CSA + WFL,PR,492,0.9821428571428571,0.16417910447761194,0.03254197537899017
Exp3: + CSA + WFL,PR,493,0.9821428571428571,0.1643426294820717,0.032630037516355515
Exp3: + CSA + WFL,PR,494,0.9821428571428571,0.16450648055832504,0.03288307785987854
Exp3: + CSA + WFL,PR,495,0.9821428571428571,0.16467065868263472,0.03299538418650627
Exp3: + CSA + WFL,PR,496,0.9821428571428571,0.16483516483516483,0.03299972787499428
Exp3: + CSA + WFL,PR,497,0.9821428571428571,0.165,0.033058181405067444
Exp3: + CSA + WFL,PR,498,0.9821428571428571,0.16516516516516516,0.033558011054992676
Exp3: + CSA + WFL,PR,499,0.9821428571428571,0.1653306613226453,0.03397291898727417
Exp3: + CSA + WFL,PR,500,0.9821428571428571,0.16549648946840523,0.034028057008981705
Exp3: + CSA + WFL,PR,501,0.9821428571428571,0.16566265060240964,0.034055884927511215
Exp3: + CSA + WFL,PR,502,0.9821428571428571,0.1658291457286432,0.03412541002035141
Exp3: + CSA + WFL,PR,503,0.9821428571428571,0.1659959758551308,0.03425969183444977
Exp3: + CSA + WFL,PR,504,0.9821428571428571,0.1661631419939577,0.03427824750542641
Exp3: + CSA + WFL,PR,505,0.9821428571428571,0.1663306451612903,0.03457558527588844
Exp3: + CSA + WFL,PR,506,0.9821428571428571,0.16649848637739656,0.03462313860654831
Exp3: + CSA + WFL,PR,507,0.9821428571428571,0.16666666666666666,0.035092148929834366
Exp3: + CSA + WFL,PR,508,0.9821428571428571,0.16683518705763398,0.03510166332125664
Exp3: + CSA + WFL,PR,509,0.9821428571428571,0.16700404858299595,0.0351867601275444
Exp3: + CSA + WFL,PR,510,0.9821428571428571,0.16717325227963525,0.03520537167787552
Exp3: + CSA + WFL,PR,511,0.9821428571428571,0.16734279918864098,0.03532078117132187
Exp3: + CSA + WFL,PR,512,0.9821428571428571,0.16751269035532995,0.03536258637905121
Exp3: + CSA + WFL,PR,513,0.9821428571428571,0.1676829268292683,0.03565916791558266
Exp3: + CSA + WFL,PR,514,0.9821428571428571,0.167853509664293,0.03587121516466141
Exp3: + CSA + WFL,PR,515,0.9821428571428571,0.1680244399185336,0.03589232638478279
Exp3: + CSA + WFL,PR,516,0.9821428571428571,0.16819571865443425,0.03605595603585243
Exp3: + CSA + WFL,PR,517,0.9821428571428571,0.1683673469387755,0.036060307174921036
Exp3: + CSA + WFL,PR,518,0.9821428571428571,0.16853932584269662,0.036162711679935455
Exp3: + CSA + WFL,PR,519,0.9821428571428571,0.1687116564417178,0.03626361861824989
Exp3: + CSA + WFL,PR,520,0.9821428571428571,0.16888433981576254,0.03639547526836395
Exp3: + CSA + WFL,PR,521,0.9821428571428571,0.16905737704918034,0.036494456231594086
Exp3: + CSA + WFL,PR,522,0.9821428571428571,0.16923076923076924,0.036535926163196564
Exp3: + CSA + WFL,PR,523,0.9821428571428571,0.16940451745379878,0.03665013983845711
Exp3: + CSA + WFL,PR,524,0.9821428571428571,0.1695786228160329,0.03670896217226982
Exp3: + CSA + WFL,PR,525,0.9821428571428571,0.1697530864197531,0.036756858229637146
Exp3: + CSA + WFL,PR,526,0.9821428571428571,0.16992790937178168,0.037012066692113876
Exp3: + CSA + WFL,PR,527,0.9821428571428571,0.17010309278350516,0.03702889010310173
Exp3: + CSA + WFL,PR,528,0.9821428571428571,0.17027863777089783,0.03714623302221298
Exp3: + CSA + WFL,PR,529,0.9821428571428571,0.17045454545454544,0.03723395615816116
Exp3: + CSA + WFL,PR,530,0.9821428571428571,0.17063081695966908,0.0372796431183815
Exp3: + CSA + WFL,PR,531,0.9821428571428571,0.17080745341614906,0.037443857640028
Exp3: + CSA + WFL,PR,532,0.9821428571428571,0.17098445595854922,0.03750777989625931
Exp3: + CSA + WFL,PR,533,0.9821428571428571,0.17116182572614108,0.037634506821632385
Exp3: + CSA + WFL,PR,534,0.9821428571428571,0.17133956386292834,0.0376470685005188
Exp3: + CSA + WFL,PR,535,0.9821428571428571,0.17151767151767153,0.03802632912993431
Exp3: + CSA + WFL,PR,536,0.9821428571428571,0.1716961498439126,0.038110364228487015
Exp3: + CSA + WFL,PR,537,0.9821428571428571,0.171875,0.03821815550327301
Exp3: + CSA + WFL,PR,538,0.9821428571428571,0.17205422314911367,0.03822701796889305
Exp3: + CSA + WFL,PR,539,0.9821428571428571,0.1722338204592902,0.03837272897362709
Exp3: + CSA + WFL,PR,540,0.9821428571428571,0.1724137931034483,0.03844089433550835
Exp3: + CSA + WFL,PR,541,0.9821428571428571,0.17259414225941422,0.038470558822155
Exp3: + CSA + WFL,PR,542,0.9821428571428571,0.17277486910994763,0.03855297341942787
Exp3: + CSA + WFL,PR,543,0.9821428571428571,0.17295597484276728,0.03858216479420662
Exp3: + CSA + WFL,PR,544,0.9821428571428571,0.1731374606505771,0.03860772028565407
Exp3: + CSA + WFL,PR,545,0.9821428571428571,0.17331932773109243,0.03876856714487076
Exp3: + CSA + WFL,PR,546,0.9821428571428571,0.17350157728706625,0.03893931210041046
Exp3: + CSA + WFL,PR,547,0.9821428571428571,0.1736842105263158,0.038972336798906326
Exp3: + CSA + WFL,PR,548,0.9821428571428571,0.17386722866174922,0.03909050300717354
Exp3: + CSA + WFL,PR,549,0.9821428571428571,0.17405063291139242,0.039182815700769424
Exp3: + CSA + WFL,PR,550,0.9821428571428571,0.17423442449841606,0.039323389530181885
Exp3: + CSA + WFL,PR,551,0.9821428571428571,0.1744186046511628,0.039880767464637756
Exp3: + CSA + WFL,PR,552,0.9821428571428571,0.1746031746031746,0.04000476375222206
Exp3: + CSA + WFL,PR,553,0.9821428571428571,0.17478813559322035,0.04003206640481949
Exp3: + CSA + WFL,PR,554,0.9821428571428571,0.17497348886532343,0.04007990285754204
Exp3: + CSA + WFL,PR,555,0.9821428571428571,0.1751592356687898,0.040217459201812744
Exp3: + CSA + WFL,PR,556,0.9821428571428571,0.17534537725823593,0.04036031663417816
Exp3: + CSA + WFL,PR,557,0.9821428571428571,0.17553191489361702,0.04056970775127411
Exp3: + CSA + WFL,PR,558,0.9821428571428571,0.1757188498402556,0.04058163985610008
Exp3: + CSA + WFL,PR,559,0.9821428571428571,0.17590618336886993,0.04075944051146507
Exp3: + CSA + WFL,PR,560,0.9821428571428571,0.17609391675560299,0.04096587002277374
Exp3: + CSA + WFL,PR,561,0.9821428571428571,0.1762820512820513,0.0410415455698967
Exp3: + CSA + WFL,PR,562,0.9821428571428571,0.17647058823529413,0.04109761491417885
Exp3: + CSA + WFL,PR,563,0.9821428571428571,0.1766595289079229,0.04119410365819931
Exp3: + CSA + WFL,PR,564,0.9821428571428571,0.17684887459807075,0.041301269084215164
Exp3: + CSA + WFL,PR,565,0.9821428571428571,0.17703862660944206,0.04133520647883415
Exp3: + CSA + WFL,PR,566,0.9821428571428571,0.17722878625134264,0.041406020522117615
Exp3: + CSA + WFL,PR,567,0.9821428571428571,0.1774193548387097,0.04151223972439766
Exp3: + CSA + WFL,PR,568,0.9821428571428571,0.17761033369214208,0.04155244678258896
Exp3: + CSA + WFL,PR,569,0.9821428571428571,0.17780172413793102,0.04170848801732063
Exp3: + CSA + WFL,PR,570,0.9821428571428571,0.1779935275080906,0.041735947132110596
Exp3: + CSA + WFL,PR,571,0.9821428571428571,0.17818574514038876,0.04174109175801277
Exp3: + CSA + WFL,PR,572,0.9821428571428571,0.1783783783783784,0.04192078486084938
Exp3: + CSA + WFL,PR,573,0.9821428571428571,0.17857142857142858,0.0420222170650959
Exp3: + CSA + WFL,PR,574,0.9821428571428571,0.17876489707475623,0.04209345206618309
Exp3: + CSA + WFL,PR,575,0.9761904761904762,0.17787418655097614,0.04212479665875435
Exp3: + CSA + WFL,PR,576,0.9761904761904762,0.1780673181324647,0.04215776547789574
Exp3: + CSA + WFL,PR,577,0.9761904761904762,0.1782608695652174,0.042178887873888016
Exp3: + CSA + WFL,PR,578,0.9761904761904762,0.17845484221980412,0.042247772216796875
Exp3: + CSA + WFL,PR,579,0.9761904761904762,0.1786492374727669,0.04228170961141586
Exp3: + CSA + WFL,PR,580,0.9761904761904762,0.17884405670665213,0.0427447073161602
Exp3: + CSA + WFL,PR,581,0.9761904761904762,0.17903930131004367,0.042832668870687485
Exp3: + CSA + WFL,PR,582,0.9761904761904762,0.17923497267759564,0.04306627810001373
Exp3: + CSA + WFL,PR,583,0.9761904761904762,0.17943107221006566,0.043122000992298126
Exp3: + CSA + WFL,PR,584,0.9761904761904762,0.1796276013143483,0.04317636042833328
Exp3: + CSA + WFL,PR,585,0.9761904761904762,0.17982456140350878,0.04317644238471985
Exp3: + CSA + WFL,PR,586,0.9761904761904762,0.1800219538968167,0.04331747069954872
Exp3: + CSA + WFL,PR,587,0.9761904761904762,0.18021978021978022,0.04364877566695213
Exp3: + CSA + WFL,PR,588,0.9761904761904762,0.18041804180418042,0.04374081268906593
Exp3: + CSA + WFL,PR,589,0.9761904761904762,0.18061674008810572,0.044183772057294846
Exp3: + CSA + WFL,PR,590,0.9761904761904762,0.18081587651598677,0.044231660664081573
Exp3: + CSA + WFL,PR,591,0.9761904761904762,0.18101545253863136,0.0442739762365818
Exp3: + CSA + WFL,PR,592,0.9761904761904762,0.18121546961325966,0.04431411996483803
Exp3: + CSA + WFL,PR,593,0.9761904761904762,0.18141592920353983,0.044356368482112885
Exp3: + CSA + WFL,PR,594,0.9761904761904762,0.18161683277962348,0.04446430876851082
Exp3: + CSA + WFL,PR,595,0.9761904761904762,0.18181818181818182,0.04448995366692543
Exp3: + CSA + WFL,PR,596,0.9761904761904762,0.18201997780244172,0.04450133070349693
Exp3: + CSA + WFL,PR,597,0.9761904761904762,0.18222222222222223,0.04466868191957474
Exp3: + CSA + WFL,PR,598,0.9761904761904762,0.18242491657397109,0.045008499175310135
Exp3: + CSA + WFL,PR,599,0.9761904761904762,0.18262806236080179,0.04511966556310654
Exp3: + CSA + WFL,PR,600,0.9761904761904762,0.18283166109253066,0.045189011842012405
Exp3: + CSA + WFL,PR,601,0.9761904761904762,0.18303571428571427,0.045209094882011414
Exp3: + CSA + WFL,PR,602,0.9761904761904762,0.18324022346368715,0.045247435569763184
Exp3: + CSA + WFL,PR,603,0.9761904761904762,0.18344519015659955,0.04584421589970589
Exp3: + CSA + WFL,PR,604,0.9761904761904762,0.18365061590145576,0.046300843358039856
Exp3: + CSA + WFL,PR,605,0.9761904761904762,0.18385650224215247,0.046311523765325546
Exp3: + CSA + WFL,PR,606,0.9761904761904762,0.1840628507295174,0.04636683315038681
Exp3: + CSA + WFL,PR,607,0.9761904761904762,0.1842696629213483,0.046391308307647705
Exp3: + CSA + WFL,PR,608,0.9761904761904762,0.1844769403824522,0.04642336815595627
Exp3: + CSA + WFL,PR,609,0.9761904761904762,0.18468468468468469,0.04690917581319809
Exp3: + CSA + WFL,PR,610,0.9761904761904762,0.18489289740698986,0.04722113162279129
Exp3: + CSA + WFL,PR,611,0.9761904761904762,0.18510158013544017,0.047451458871364594
Exp3: + CSA + WFL,PR,612,0.9761904761904762,0.18531073446327684,0.04760182648897171
Exp3: + CSA + WFL,PR,613,0.9761904761904762,0.18552036199095023,0.047653213143348694
Exp3: + CSA + WFL,PR,614,0.9761904761904762,0.1857304643261608,0.047688886523246765
Exp3: + CSA + WFL,PR,615,0.9761904761904762,0.18594104308390022,0.04780634492635727
Exp3: + CSA + WFL,PR,616,0.9761904761904762,0.18615209988649262,0.047845542430877686
Exp3: + CSA + WFL,PR,617,0.9761904761904762,0.18636363636363637,0.04787977412343025
Exp3: + CSA + WFL,PR,618,0.9761904761904762,0.18657565415244595,0.04798515886068344
Exp3: + CSA + WFL,PR,619,0.9761904761904762,0.1867881548974943,0.04806177318096161
Exp3: + CSA + WFL,PR,620,0.9761904761904762,0.18700114025085518,0.0480656735599041
Exp3: + CSA + WFL,PR,621,0.9761904761904762,0.1872146118721461,0.04813604801893234
Exp3: + CSA + WFL,PR,622,0.9761904761904762,0.18742857142857142,0.04816905036568642
Exp3: + CSA + WFL,PR,623,0.9761904761904762,0.18764302059496568,0.048182301223278046
Exp3: + CSA + WFL,PR,624,0.9761904761904762,0.18785796105383734,0.048307791352272034
Exp3: + CSA + WFL,PR,625,0.9761904761904762,0.18807339449541285,0.04834451526403427
Exp3: + CSA + WFL,PR,626,0.9761904761904762,0.18828932261768083,0.0483524352312088
Exp3: + CSA + WFL,PR,627,0.9761904761904762,0.18850574712643678,0.04880211502313614
Exp3: + CSA + WFL,PR,628,0.9761904761904762,0.18872266973532797,0.048985715955495834
Exp3: + CSA + WFL,PR,629,0.9761904761904762,0.1889400921658986,0.04911167919635773
Exp3: + CSA + WFL,PR,630,0.9761904761904762,0.18915801614763553,0.04924869164824486
Exp3: + CSA + WFL,PR,631,0.9761904761904762,0.18937644341801385,0.04939756169915199
Exp3: + CSA + WFL,PR,632,0.9761904761904762,0.18959537572254334,0.05006084963679314
Exp3: + CSA + WFL,PR,633,0.9761904761904762,0.18981481481481483,0.050230562686920166
Exp3: + CSA + WFL,PR,634,0.9761904761904762,0.19003476245654694,0.05030205845832825
Exp3: + CSA + WFL,PR,635,0.9761904761904762,0.1902552204176334,0.05038473382592201
Exp3: + CSA + WFL,PR,636,0.9761904761904762,0.19047619047619047,0.050412293523550034
Exp3: + CSA + WFL,PR,637,0.9761904761904762,0.19069767441860466,0.05049512907862663
Exp3: + CSA + WFL,PR,638,0.9761904761904762,0.1909196740395809,0.05056755617260933
Exp3: + CSA + WFL,PR,639,0.9761904761904762,0.19114219114219114,0.050579193979501724
Exp3: + CSA + WFL,PR,640,0.9761904761904762,0.19136522753792298,0.05125977843999863
Exp3: + CSA + WFL,PR,641,0.9761904761904762,0.19158878504672897,0.051345061510801315
Exp3: + CSA + WFL,PR,642,0.9761904761904762,0.19181286549707602,0.051443926990032196
Exp3: + CSA + WFL,PR,643,0.9761904761904762,0.1920374707259953,0.051638275384902954
Exp3: + CSA + WFL,PR,644,0.9761904761904762,0.19226260257913247,0.051649436354637146
Exp3: + CSA + WFL,PR,645,0.9761904761904762,0.19248826291079812,0.051912788301706314
Exp3: + CSA + WFL,PR,646,0.9761904761904762,0.1927144535840188,0.051947858184576035
Exp3: + CSA + WFL,PR,647,0.9761904761904762,0.19294117647058823,0.05213925614953041
Exp3: + CSA + WFL,PR,648,0.9761904761904762,0.19316843345111898,0.05215299874544144
Exp3: + CSA + WFL,PR,649,0.9761904761904762,0.19339622641509435,0.05216856673359871
Exp3: + CSA + WFL,PR,650,0.9761904761904762,0.1936245572609209,0.05236709490418434
Exp3: + CSA + WFL,PR,651,0.9761904761904762,0.1938534278959811,0.0530313104391098
Exp3: + CSA + WFL,PR,652,0.9761904761904762,0.1940828402366864,0.05327482149004936
Exp3: + CSA + WFL,PR,653,0.9702380952380952,0.19312796208530805,0.05334309861063957
Exp3: + CSA + WFL,PR,654,0.9702380952380952,0.1933570581257414,0.05334703251719475
Exp3: + CSA + WFL,PR,655,0.9702380952380952,0.19358669833729217,0.05343355983495712
Exp3: + CSA + WFL,PR,656,0.9702380952380952,0.1938168846611177,0.05361276492476463
Exp3: + CSA + WFL,PR,657,0.9702380952380952,0.19404761904761905,0.05367797240614891
Exp3: + CSA + WFL,PR,658,0.9702380952380952,0.19427890345649582,0.054214831441640854
Exp3: + CSA + WFL,PR,659,0.9702380952380952,0.19451073985680192,0.05480537563562393
Exp3: + CSA + WFL,PR,660,0.9702380952380952,0.19474313022700118,0.05510988086462021
Exp3: + CSA + WFL,PR,661,0.9702380952380952,0.19497607655502391,0.05569148808717728
Exp3: + CSA + WFL,PR,662,0.9702380952380952,0.19520958083832335,0.0561690591275692
Exp3: + CSA + WFL,PR,663,0.9702380952380952,0.19544364508393286,0.056353095918893814
Exp3: + CSA + WFL,PR,664,0.9702380952380952,0.19567827130852342,0.056480877101421356
Exp3: + CSA + WFL,PR,665,0.9702380952380952,0.19591346153846154,0.05663084611296654
Exp3: + CSA + WFL,PR,666,0.9702380952380952,0.19614921780986763,0.056712307035923004
Exp3: + CSA + WFL,PR,667,0.9702380952380952,0.1963855421686747,0.05682011693716049
Exp3: + CSA + WFL,PR,668,0.9702380952380952,0.19662243667068757,0.05691605061292648
Exp3: + CSA + WFL,PR,669,0.9702380952380952,0.19685990338164253,0.05700632929801941
Exp3: + CSA + WFL,PR,670,0.9702380952380952,0.19709794437726724,0.05748342350125313
Exp3: + CSA + WFL,PR,671,0.9702380952380952,0.1973365617433414,0.057794079184532166
Exp3: + CSA + WFL,PR,672,0.9702380952380952,0.19757575757575757,0.057886335998773575
Exp3: + CSA + WFL,PR,673,0.9702380952380952,0.19781553398058252,0.05795703083276749
Exp3: + CSA + WFL,PR,674,0.9702380952380952,0.19805589307411908,0.05798155814409256
Exp3: + CSA + WFL,PR,675,0.9702380952380952,0.19829683698296838,0.058022476732730865
Exp3: + CSA + WFL,PR,676,0.9702380952380952,0.19853836784409257,0.05807223916053772
Exp3: + CSA + WFL,PR,677,0.9702380952380952,0.19878048780487806,0.05826009809970856
Exp3: + CSA + WFL,PR,678,0.9702380952380952,0.199023199023199,0.058298878371715546
Exp3: + CSA + WFL,PR,679,0.9702380952380952,0.19926650366748166,0.05833355337381363
Exp3: + CSA + WFL,PR,680,0.9702380952380952,0.19951040391676866,0.05860695242881775
Exp3: + CSA + WFL,PR,681,0.9702380952380952,0.19975490196078433,0.05867323651909828
Exp3: + CSA + WFL,PR,682,0.9702380952380952,0.2,0.05892444774508476
Exp3: + CSA + WFL,PR,683,0.9702380952380952,0.20024570024570024,0.05895278975367546
Exp3: + CSA + WFL,PR,684,0.9702380952380952,0.2004920049200492,0.05994971841573715
Exp3: + CSA + WFL,PR,685,0.9702380952380952,0.20073891625615764,0.05995967984199524
Exp3: + CSA + WFL,PR,686,0.9702380952380952,0.20098643649815043,0.05996573716402054
Exp3: + CSA + WFL,PR,687,0.9702380952380952,0.20123456790123456,0.060014840215444565
Exp3: + CSA + WFL,PR,688,0.9702380952380952,0.20148331273176762,0.060185931622982025
Exp3: + CSA + WFL,PR,689,0.9702380952380952,0.20173267326732675,0.06049538776278496
Exp3: + CSA + WFL,PR,690,0.9702380952380952,0.20198265179677818,0.06056683510541916
Exp3: + CSA + WFL,PR,691,0.9702380952380952,0.2022332506203474,0.06075427308678627
Exp3: + CSA + WFL,PR,692,0.9702380952380952,0.20248447204968945,0.06176941469311714
Exp3: + CSA + WFL,PR,693,0.9702380952380952,0.2027363184079602,0.06214895099401474
Exp3: + CSA + WFL,PR,694,0.9642857142857143,0.20174346201743462,0.06259319186210632
Exp3: + CSA + WFL,PR,695,0.9642857142857143,0.20199501246882792,0.0626770406961441
Exp3: + CSA + WFL,PR,696,0.9642857142857143,0.20224719101123595,0.06279047578573227
Exp3: + CSA + WFL,PR,697,0.9642857142857143,0.2025,0.06289307028055191
Exp3: + CSA + WFL,PR,698,0.9642857142857143,0.20275344180225283,0.0629197359085083
Exp3: + CSA + WFL,PR,699,0.9642857142857143,0.20300751879699247,0.0630592405796051
Exp3: + CSA + WFL,PR,700,0.9642857142857143,0.20326223337515684,0.06352578103542328
Exp3: + CSA + WFL,PR,701,0.9642857142857143,0.20351758793969849,0.06352830678224564
Exp3: + CSA + WFL,PR,702,0.9642857142857143,0.2037735849056604,0.06355229020118713
Exp3: + CSA + WFL,PR,703,0.9642857142857143,0.2040302267002519,0.0638764277100563
Exp3: + CSA + WFL,PR,704,0.9642857142857143,0.2042875157629256,0.06391661614179611
Exp3: + CSA + WFL,PR,705,0.9642857142857143,0.20454545454545456,0.0639718696475029
Exp3: + CSA + WFL,PR,706,0.9642857142857143,0.20480404551201012,0.06406472623348236
Exp3: + CSA + WFL,PR,707,0.9642857142857143,0.20506329113924052,0.0645822137594223
Exp3: + CSA + WFL,PR,708,0.9642857142857143,0.20532319391634982,0.06471776217222214
Exp3: + CSA + WFL,PR,709,0.9642857142857143,0.20558375634517767,0.0647241398692131
Exp3: + CSA + WFL,PR,710,0.9642857142857143,0.20584498094027953,0.06493121385574341
Exp3: + CSA + WFL,PR,711,0.9642857142857143,0.20610687022900764,0.06507938355207443
Exp3: + CSA + WFL,PR,712,0.9642857142857143,0.20636942675159237,0.06534457951784134
Exp3: + CSA + WFL,PR,713,0.9642857142857143,0.2066326530612245,0.0653621181845665
Exp3: + CSA + WFL,PR,714,0.9642857142857143,0.20689655172413793,0.0654933899641037
Exp3: + CSA + WFL,PR,715,0.9642857142857143,0.2071611253196931,0.06561733037233353
Exp3: + CSA + WFL,PR,716,0.9642857142857143,0.20742637644046094,0.06576132774353027
Exp3: + CSA + WFL,PR,717,0.9642857142857143,0.2076923076923077,0.06593095511198044
Exp3: + CSA + WFL,PR,718,0.9642857142857143,0.2079589216944801,0.06598787009716034
Exp3: + CSA + WFL,PR,719,0.9642857142857143,0.20822622107969152,0.06636549532413483
Exp3: + CSA + WFL,PR,720,0.9642857142857143,0.2084942084942085,0.06682567298412323
Exp3: + CSA + WFL,PR,721,0.9642857142857143,0.20876288659793815,0.06707780808210373
Exp3: + CSA + WFL,PR,722,0.9642857142857143,0.20903225806451614,0.06774052232503891
Exp3: + CSA + WFL,PR,723,0.9642857142857143,0.20930232558139536,0.0677533820271492
Exp3: + CSA + WFL,PR,724,0.9642857142857143,0.2095730918499353,0.06775816529989243
Exp3: + CSA + WFL,PR,725,0.9642857142857143,0.21011673151750973,0.06832277029752731
Exp3: + CSA + WFL,PR,726,0.9642857142857143,0.21038961038961038,0.06832516193389893
Exp3: + CSA + WFL,PR,727,0.9642857142857143,0.2106631989596879,0.06837683171033859
Exp3: + CSA + WFL,PR,728,0.9642857142857143,0.2109375,0.068422332406044
Exp3: + CSA + WFL,PR,729,0.9642857142857143,0.21121251629726207,0.06855247169733047
Exp3: + CSA + WFL,PR,730,0.9642857142857143,0.21148825065274152,0.06856480985879898
Exp3: + CSA + WFL,PR,731,0.9642857142857143,0.21176470588235294,0.06871115416288376
Exp3: + CSA + WFL,PR,732,0.9642857142857143,0.21204188481675393,0.06874358654022217
Exp3: + CSA + WFL,PR,733,0.9642857142857143,0.21231979030144169,0.06898680329322815
Exp3: + CSA + WFL,PR,734,0.9642857142857143,0.2125984251968504,0.06949424743652344
Exp3: + CSA + WFL,PR,735,0.9642857142857143,0.21287779237844942,0.07024256885051727
Exp3: + CSA + WFL,PR,736,0.9642857142857143,0.2131578947368421,0.07025585323572159
Exp3: + CSA + WFL,PR,737,0.9642857142857143,0.2134387351778656,0.07096115499734879
Exp3: + CSA + WFL,PR,738,0.9642857142857143,0.21372031662269128,0.07173237204551697
Exp3: + CSA + WFL,PR,739,0.9642857142857143,0.21400264200792601,0.07176437973976135
Exp3: + CSA + WFL,PR,740,0.9642857142857143,0.21428571428571427,0.07187818735837936
Exp3: + CSA + WFL,PR,741,0.9642857142857143,0.21456953642384105,0.0723017156124115
Exp3: + CSA + WFL,PR,742,0.9642857142857143,0.21485411140583555,0.07284940034151077
Exp3: + CSA + WFL,PR,743,0.9642857142857143,0.2151394422310757,0.07292106747627258
Exp3: + CSA + WFL,PR,744,0.9642857142857143,0.2154255319148936,0.07296278327703476
Exp3: + CSA + WFL,PR,745,0.9583333333333334,0.21438082556591212,0.07339122891426086
Exp3: + CSA + WFL,PR,746,0.9583333333333334,0.21466666666666667,0.07363379001617432
Exp3: + CSA + WFL,PR,747,0.9583333333333334,0.21495327102803738,0.07417529076337814
Exp3: + CSA + WFL,PR,748,0.9583333333333334,0.21524064171122995,0.0742572695016861
Exp3: + CSA + WFL,PR,749,0.9583333333333334,0.21552878179384202,0.07458910346031189
Exp3: + CSA + WFL,PR,750,0.9583333333333334,0.2158176943699732,0.0746455118060112
Exp3: + CSA + WFL,PR,751,0.9583333333333334,0.21610738255033557,0.07510790973901749
Exp3: + CSA + WFL,PR,752,0.9583333333333334,0.2163978494623656,0.07522346079349518
Exp3: + CSA + WFL,PR,753,0.9583333333333334,0.21668909825033647,0.07528518885374069
Exp3: + CSA + WFL,PR,754,0.9583333333333334,0.2169811320754717,0.07536187022924423
Exp3: + CSA + WFL,PR,755,0.9583333333333334,0.21727395411605938,0.07572013884782791
Exp3: + CSA + WFL,PR,756,0.9583333333333334,0.21756756756756757,0.07675372064113617
Exp3: + CSA + WFL,PR,757,0.9583333333333334,0.2178619756427605,0.0769462063908577
Exp3: + CSA + WFL,PR,758,0.9583333333333334,0.2181571815718157,0.07708627730607986
Exp3: + CSA + WFL,PR,759,0.9583333333333334,0.21845318860244234,0.07714387029409409
Exp3: + CSA + WFL,PR,760,0.9583333333333334,0.21875,0.07729224860668182
Exp3: + CSA + WFL,PR,761,0.9583333333333334,0.21904761904761905,0.07731137424707413
Exp3: + CSA + WFL,PR,762,0.9583333333333334,0.21934604904632152,0.077438585460186
Exp3: + CSA + WFL,PR,763,0.9583333333333334,0.21964529331514324,0.07748483121395111
Exp3: + CSA + WFL,PR,764,0.9583333333333334,0.21994535519125682,0.07800962030887604
Exp3: + CSA + WFL,PR,765,0.9583333333333334,0.22024623803009577,0.0780377984046936
Exp3: + CSA + WFL,PR,766,0.9583333333333334,0.22054794520547946,0.07812132686376572
Exp3: + CSA + WFL,PR,767,0.9583333333333334,0.22085048010973937,0.0786529928445816
Exp3: + CSA + WFL,PR,768,0.9583333333333334,0.22115384615384615,0.07883469015359879
Exp3: + CSA + WFL,PR,769,0.9583333333333334,0.22145804676753783,0.07925943285226822
Exp3: + CSA + WFL,PR,770,0.9583333333333334,0.22176308539944903,0.07930421084165573
Exp3: + CSA + WFL,PR,771,0.9583333333333334,0.22206896551724137,0.07930487394332886
Exp3: + CSA + WFL,PR,772,0.9583333333333334,0.2223756906077348,0.0798143669962883
Exp3: + CSA + WFL,PR,773,0.9583333333333334,0.22268326417704012,0.0802597925066948
Exp3: + CSA + WFL,PR,774,0.9583333333333334,0.22299168975069253,0.08044260740280151
Exp3: + CSA + WFL,PR,775,0.9583333333333334,0.22330097087378642,0.08070588111877441
Exp3: + CSA + WFL,PR,776,0.9583333333333334,0.22361111111111112,0.08199453353881836
Exp3: + CSA + WFL,PR,777,0.9583333333333334,0.2239221140472879,0.08223197609186172
Exp3: + CSA + WFL,PR,778,0.9583333333333334,0.22423398328690808,0.08225445449352264
Exp3: + CSA + WFL,PR,779,0.9583333333333334,0.22454672245467225,0.08225701749324799
Exp3: + CSA + WFL,PR,780,0.9583333333333334,0.22486033519553073,0.08282118290662766
Exp3: + CSA + WFL,PR,781,0.9583333333333334,0.22517482517482518,0.0828809067606926
Exp3: + CSA + WFL,PR,782,0.9583333333333334,0.22549019607843138,0.08331133425235748
Exp3: + CSA + WFL,PR,783,0.9583333333333334,0.22580645161290322,0.08331316709518433
Exp3: + CSA + WFL,PR,784,0.9583333333333334,0.22612359550561797,0.08342531323432922
Exp3: + CSA + WFL,PR,785,0.9583333333333334,0.22644163150492264,0.08378827571868896
Exp3: + CSA + WFL,PR,786,0.9583333333333334,0.2267605633802817,0.08406277000904083
Exp3: + CSA + WFL,PR,787,0.9583333333333334,0.22708039492242596,0.08407110720872879
Exp3: + CSA + WFL,PR,788,0.9583333333333334,0.2274011299435028,0.0841936320066452
Exp3: + CSA + WFL,PR,789,0.9583333333333334,0.22772277227722773,0.08438324183225632
Exp3: + CSA + WFL,PR,790,0.9583333333333334,0.22804532577903683,0.08475952595472336
Exp3: + CSA + WFL,PR,791,0.9583333333333334,0.22836879432624113,0.08513487875461578
Exp3: + CSA + WFL,PR,792,0.9583333333333334,0.22869318181818182,0.08550214022397995
Exp3: + CSA + WFL,PR,793,0.9583333333333334,0.22901849217638692,0.08556012064218521
Exp3: + CSA + WFL,PR,794,0.9583333333333334,0.22934472934472935,0.08558035641908646
Exp3: + CSA + WFL,PR,795,0.9583333333333334,0.2296718972895863,0.08561471849679947
Exp3: + CSA + WFL,PR,796,0.9583333333333334,0.23,0.08562278747558594
Exp3: + CSA + WFL,PR,797,0.9583333333333334,0.23032904148783978,0.08619356900453568
Exp3: + CSA + WFL,PR,798,0.9583333333333334,0.23065902578796563,0.08652140200138092
Exp3: + CSA + WFL,PR,799,0.9583333333333334,0.2309899569583931,0.08696003258228302
Exp3: + CSA + WFL,PR,800,0.9583333333333334,0.23132183908045978,0.08711382001638412
Exp3: + CSA + WFL,PR,801,0.9583333333333334,0.2316546762589928,0.08762110024690628
Exp3: + CSA + WFL,PR,802,0.9583333333333334,0.23198847262247838,0.08768929541110992
Exp3: + CSA + WFL,PR,803,0.9583333333333334,0.23232323232323232,0.08784464746713638
Exp3: + CSA + WFL,PR,804,0.9583333333333334,0.23265895953757226,0.08793462812900543
Exp3: + CSA + WFL,PR,805,0.9583333333333334,0.23299565846599132,0.08820458501577377
Exp3: + CSA + WFL,PR,806,0.9583333333333334,0.23333333333333334,0.08836041390895844
Exp3: + CSA + WFL,PR,807,0.9583333333333334,0.23367198838896952,0.08846919983625412
Exp3: + CSA + WFL,PR,808,0.9583333333333334,0.23401162790697674,0.08915163576602936
Exp3: + CSA + WFL,PR,809,0.9583333333333334,0.23435225618631733,0.09012774378061295
Exp3: + CSA + WFL,PR,810,0.9583333333333334,0.23469387755102042,0.09032735228538513
Exp3: + CSA + WFL,PR,811,0.9583333333333334,0.23503649635036497,0.09044618904590607
Exp3: + CSA + WFL,PR,812,0.9583333333333334,0.23538011695906433,0.09116199612617493
Exp3: + CSA + WFL,PR,813,0.9583333333333334,0.23572474377745242,0.09117739647626877
Exp3: + CSA + WFL,PR,814,0.9583333333333334,0.23607038123167157,0.09124527871608734
Exp3: + CSA + WFL,PR,815,0.9583333333333334,0.23641703377386197,0.09200002998113632
Exp3: + CSA + WFL,PR,816,0.9583333333333334,0.23676470588235293,0.0920528843998909
Exp3: + CSA + WFL,PR,817,0.9583333333333334,0.23711340206185566,0.0921306386590004
Exp3: + CSA + WFL,PR,818,0.9583333333333334,0.2374631268436578,0.09233959019184113
Exp3: + CSA + WFL,PR,819,0.9583333333333334,0.2378138847858198,0.09236357361078262
Exp3: + CSA + WFL,PR,820,0.9583333333333334,0.23816568047337278,0.09330372512340546
Exp3: + CSA + WFL,PR,821,0.9583333333333334,0.23851851851851852,0.09335901588201523
Exp3: + CSA + WFL,PR,822,0.9583333333333334,0.23887240356083086,0.0936160683631897
Exp3: + CSA + WFL,PR,823,0.9583333333333334,0.23922734026745915,0.09370237588882446
Exp3: + CSA + WFL,PR,824,0.9583333333333334,0.23958333333333334,0.09439775347709656
Exp3: + CSA + WFL,PR,825,0.9583333333333334,0.2399403874813711,0.09461089968681335
Exp3: + CSA + WFL,PR,826,0.9583333333333334,0.24029850746268658,0.0954112708568573
Exp3: + CSA + WFL,PR,827,0.9583333333333334,0.2406576980568012,0.09614785015583038
Exp3: + CSA + WFL,PR,828,0.9583333333333334,0.2410179640718563,0.09617532044649124
Exp3: + CSA + WFL,PR,829,0.9583333333333334,0.2413793103448276,0.0964091494679451
Exp3: + CSA + WFL,PR,830,0.9583333333333334,0.24174174174174173,0.09664741158485413
Exp3: + CSA + WFL,PR,831,0.9583333333333334,0.24210526315789474,0.09666235744953156
Exp3: + CSA + WFL,PR,832,0.9583333333333334,0.24246987951807228,0.09681641310453415
Exp3: + CSA + WFL,PR,833,0.9583333333333334,0.24283559577677225,0.0970090702176094
Exp3: + CSA + WFL,PR,834,0.9583333333333334,0.243202416918429,0.09743490070104599
Exp3: + CSA + WFL,PR,835,0.9583333333333334,0.24357034795763993,0.09757165610790253
Exp3: + CSA + WFL,PR,836,0.9583333333333334,0.24393939393939393,0.09758790582418442
Exp3: + CSA + WFL,PR,837,0.9583333333333334,0.24430955993930198,0.09768754988908768
Exp3: + CSA + WFL,PR,838,0.9583333333333334,0.24468085106382978,0.09797650575637817
Exp3: + CSA + WFL,PR,839,0.9583333333333334,0.2450532724505327,0.09836286306381226
Exp3: + CSA + WFL,PR,840,0.9583333333333334,0.24542682926829268,0.0987023264169693
Exp3: + CSA + WFL,PR,841,0.9583333333333334,0.24580152671755726,0.09896250814199448
Exp3: + CSA + WFL,PR,842,0.9583333333333334,0.24617737003058104,0.09923279285430908
Exp3: + CSA + WFL,PR,843,0.9583333333333334,0.24655436447166923,0.09932676702737808
Exp3: + CSA + WFL,PR,844,0.9583333333333334,0.2469325153374233,0.09939848631620407
Exp3: + CSA + WFL,PR,845,0.9583333333333334,0.24731182795698925,0.1000547707080841
Exp3: + CSA + WFL,PR,846,0.9583333333333334,0.24769230769230768,0.10041551291942596
Exp3: + CSA + WFL,PR,847,0.9583333333333334,0.24807395993836673,0.10057349503040314
Exp3: + CSA + WFL,PR,848,0.9583333333333334,0.24845679012345678,0.10058122128248215
Exp3: + CSA + WFL,PR,849,0.9583333333333334,0.24884080370942813,0.10102799534797668
Exp3: + CSA + WFL,PR,850,0.9583333333333334,0.24922600619195046,0.10103236138820648
Exp3: + CSA + WFL,PR,851,0.9583333333333334,0.2496124031007752,0.10121899843215942
Exp3: + CSA + WFL,PR,852,0.9583333333333334,0.25,0.10132395476102829
Exp3: + CSA + WFL,PR,853,0.9583333333333334,0.25038880248833595,0.10143990814685822
Exp3: + CSA + WFL,PR,854,0.9583333333333334,0.2507788161993769,0.10208995640277863
Exp3: + CSA + WFL,PR,855,0.9583333333333334,0.25117004680187205,0.10225667804479599
Exp3: + CSA + WFL,PR,856,0.9583333333333334,0.2515625,0.10240291059017181
Exp3: + CSA + WFL,PR,857,0.9583333333333334,0.2519561815336463,0.10290932655334473
Exp3: + CSA + WFL,PR,858,0.9583333333333334,0.25235109717868337,0.10308023542165756
Exp3: + CSA + WFL,PR,859,0.9583333333333334,0.25274725274725274,0.103243388235569
Exp3: + CSA + WFL,PR,860,0.9583333333333334,0.2531446540880503,0.1034538671374321
Exp3: + CSA + WFL,PR,861,0.9583333333333334,0.25354330708661416,0.1041952520608902
Exp3: + CSA + WFL,PR,862,0.9583333333333334,0.2539432176656151,0.10428614914417267
Exp3: + CSA + WFL,PR,863,0.9583333333333334,0.25434439178515006,0.10436846315860748
Exp3: + CSA + WFL,PR,864,0.9583333333333334,0.254746835443038,0.10456876456737518
Exp3: + CSA + WFL,PR,865,0.9583333333333334,0.2551505546751189,0.10465305298566818
Exp3: + CSA + WFL,PR,866,0.9583333333333334,0.25555555555555554,0.10486498475074768
Exp3: + CSA + WFL,PR,867,0.9583333333333334,0.2559618441971383,0.1049802303314209
Exp3: + CSA + WFL,PR,868,0.9583333333333334,0.25636942675159236,0.10550788044929504
Exp3: + CSA + WFL,PR,869,0.9583333333333334,0.2567783094098884,0.10594052821397781
Exp3: + CSA + WFL,PR,870,0.9583333333333334,0.2571884984025559,0.10597989708185196
Exp3: + CSA + WFL,PR,871,0.9583333333333334,0.2576,0.10652858763933182
Exp3: + CSA + WFL,PR,872,0.9583333333333334,0.25801282051282054,0.10666888952255249
Exp3: + CSA + WFL,PR,873,0.9583333333333334,0.25842696629213485,0.10681960731744766
Exp3: + CSA + WFL,PR,874,0.9583333333333334,0.25884244372990356,0.1069631427526474
Exp3: + CSA + WFL,PR,875,0.9583333333333334,0.25925925925925924,0.10786250978708267
Exp3: + CSA + WFL,PR,876,0.9583333333333334,0.25967741935483873,0.10821717977523804
Exp3: + CSA + WFL,PR,877,0.9583333333333334,0.26009693053311794,0.1082816869020462
Exp3: + CSA + WFL,PR,878,0.9583333333333334,0.2605177993527508,0.10908612608909607
Exp3: + CSA + WFL,PR,879,0.9583333333333334,0.26094003241491087,0.1092575192451477
Exp3: + CSA + WFL,PR,880,0.9583333333333334,0.26136363636363635,0.10926017165184021
Exp3: + CSA + WFL,PR,881,0.9583333333333334,0.26178861788617885,0.10977666079998016
Exp3: + CSA + WFL,PR,882,0.9583333333333334,0.26221498371335505,0.10985609889030457
Exp3: + CSA + WFL,PR,883,0.9583333333333334,0.2626427406199021,0.11041831970214844
Exp3: + CSA + WFL,PR,884,0.9583333333333334,0.2630718954248366,0.11044035106897354
Exp3: + CSA + WFL,PR,885,0.9583333333333334,0.2635024549918167,0.11047271639108658
Exp3: + CSA + WFL,PR,886,0.9583333333333334,0.2639344262295082,0.1106249988079071
Exp3: + CSA + WFL,PR,887,0.9583333333333334,0.26436781609195403,0.11068768799304962
Exp3: + CSA + WFL,PR,888,0.9583333333333334,0.26480263157894735,0.11132439225912094
Exp3: + CSA + WFL,PR,889,0.9583333333333334,0.2652388797364086,0.11172717064619064
Exp3: + CSA + WFL,PR,890,0.9583333333333334,0.26567656765676567,0.11175336688756943
Exp3: + CSA + WFL,PR,891,0.9583333333333334,0.26611570247933886,0.11251429468393326
Exp3: + CSA + WFL,PR,892,0.9583333333333334,0.26655629139072845,0.11288917064666748
Exp3: + CSA + WFL,PR,893,0.9583333333333334,0.2669983416252073,0.11308719962835312
Exp3: + CSA + WFL,PR,894,0.9583333333333334,0.26744186046511625,0.1137588620185852
Exp3: + CSA + WFL,PR,895,0.9583333333333334,0.26788685524126454,0.1140349805355072
Exp3: + CSA + WFL,PR,896,0.9583333333333334,0.2683333333333333,0.11405649781227112
Exp3: + CSA + WFL,PR,897,0.9583333333333334,0.2687813021702838,0.1141243427991867
Exp3: + CSA + WFL,PR,898,0.9523809523809523,0.26755852842809363,0.11425413936376572
Exp3: + CSA + WFL,PR,899,0.9523809523809523,0.26800670016750416,0.11487556993961334
Exp3: + CSA + WFL,PR,900,0.9523809523809523,0.2684563758389262,0.11488229781389236
Exp3: + CSA + WFL,PR,901,0.9464285714285714,0.2672268907563025,0.11513575166463852
Exp3: + CSA + WFL,PR,902,0.9464285714285714,0.2676767676767677,0.11742635816335678
Exp3: + CSA + WFL,PR,903,0.9464285714285714,0.26812816188870153,0.11811501532793045
Exp3: + CSA + WFL,PR,904,0.9464285714285714,0.2685810810810811,0.11815056949853897
Exp3: + CSA + WFL,PR,905,0.9464285714285714,0.26903553299492383,0.11833856254816055
Exp3: + CSA + WFL,PR,906,0.9464285714285714,0.26949152542372884,0.11913630366325378
Exp3: + CSA + WFL,PR,907,0.9464285714285714,0.2699490662139219,0.11932756751775742
Exp3: + CSA + WFL,PR,908,0.9464285714285714,0.27040816326530615,0.11946897208690643
Exp3: + CSA + WFL,PR,909,0.9464285714285714,0.2708688245315162,0.12002281844615936
Exp3: + CSA + WFL,PR,910,0.9464285714285714,0.2713310580204778,0.12032124400138855
Exp3: + CSA + WFL,PR,911,0.9464285714285714,0.2717948717948718,0.12038309872150421
Exp3: + CSA + WFL,PR,912,0.9464285714285714,0.2722602739726027,0.12138073146343231
Exp3: + CSA + WFL,PR,913,0.9464285714285714,0.2727272727272727,0.12146177142858505
Exp3: + CSA + WFL,PR,914,0.9464285714285714,0.27319587628865977,0.12259390205144882
Exp3: + CSA + WFL,PR,915,0.9464285714285714,0.2736660929432014,0.12318544089794159
Exp3: + CSA + WFL,PR,916,0.9464285714285714,0.27413793103448275,0.12377121299505234
Exp3: + CSA + WFL,PR,917,0.9464285714285714,0.27461139896373055,0.12386931478977203
Exp3: + CSA + WFL,PR,918,0.9464285714285714,0.2750865051903114,0.12405349314212799
Exp3: + CSA + WFL,PR,919,0.9464285714285714,0.2755632582322357,0.12424460798501968
Exp3: + CSA + WFL,PR,920,0.9464285714285714,0.2760416666666667,0.12435387820005417
Exp3: + CSA + WFL,PR,921,0.9464285714285714,0.27652173913043476,0.12443603575229645
Exp3: + CSA + WFL,PR,922,0.9464285714285714,0.2770034843205575,0.12467025220394135
Exp3: + CSA + WFL,PR,923,0.9464285714285714,0.2774869109947644,0.1249203011393547
Exp3: + CSA + WFL,PR,924,0.9464285714285714,0.27797202797202797,0.12517541646957397
Exp3: + CSA + WFL,PR,925,0.9464285714285714,0.27845884413309985,0.12581810355186462
Exp3: + CSA + WFL,PR,926,0.9464285714285714,0.2789473684210526,0.1258634775876999
Exp3: + CSA + WFL,PR,927,0.9464285714285714,0.27943760984182775,0.12637224793434143
Exp3: + CSA + WFL,PR,928,0.9464285714285714,0.27992957746478875,0.126378133893013
Exp3: + CSA + WFL,PR,929,0.9464285714285714,0.2804232804232804,0.1266377568244934
Exp3: + CSA + WFL,PR,930,0.9464285714285714,0.28091872791519434,0.12689292430877686
Exp3: + CSA + WFL,PR,931,0.9464285714285714,0.2814159292035398,0.12797020375728607
Exp3: + CSA + WFL,PR,932,0.9464285714285714,0.28191489361702127,0.12815971672534943
Exp3: + CSA + WFL,PR,933,0.9464285714285714,0.2824156305506217,0.12821541726589203
Exp3: + CSA + WFL,PR,934,0.9464285714285714,0.28291814946619215,0.12826600670814514
Exp3: + CSA + WFL,PR,935,0.9464285714285714,0.28342245989304815,0.1284671276807785
Exp3: + CSA + WFL,PR,936,0.9464285714285714,0.2839285714285714,0.1285218894481659
Exp3: + CSA + WFL,PR,937,0.9464285714285714,0.2844364937388193,0.12902472913265228
Exp3: + CSA + WFL,PR,938,0.9464285714285714,0.2849462365591398,0.12963208556175232
Exp3: + CSA + WFL,PR,939,0.9464285714285714,0.28545780969479356,0.12977370619773865
Exp3: + CSA + WFL,PR,940,0.9464285714285714,0.28597122302158273,0.1297745704650879
Exp3: + CSA + WFL,PR,941,0.9464285714285714,0.2864864864864865,0.13018594682216644
Exp3: + CSA + WFL,PR,942,0.9464285714285714,0.2870036101083033,0.1304779201745987
Exp3: + CSA + WFL,PR,943,0.9464285714285714,0.2875226039783002,0.13049602508544922
Exp3: + CSA + WFL,PR,944,0.9464285714285714,0.28804347826086957,0.1314113289117813
Exp3: + CSA + WFL,PR,945,0.9464285714285714,0.2885662431941924,0.13155309855937958
Exp3: + CSA + WFL,PR,946,0.9464285714285714,0.28909090909090907,0.13197308778762817
Exp3: + CSA + WFL,PR,947,0.9464285714285714,0.2896174863387978,0.13200657069683075
Exp3: + CSA + WFL,PR,948,0.9464285714285714,0.29014598540145986,0.13201399147510529
Exp3: + CSA + WFL,PR,949,0.9464285714285714,0.2906764168190128,0.1320776641368866
Exp3: + CSA + WFL,PR,950,0.9464285714285714,0.29120879120879123,0.13228876888751984
Exp3: + CSA + WFL,PR,951,0.9464285714285714,0.29174311926605506,0.13324856758117676
Exp3: + CSA + WFL,PR,952,0.9464285714285714,0.2922794117647059,0.1333731859922409
Exp3: + CSA + WFL,PR,953,0.9464285714285714,0.292817679558011,0.13360336422920227
Exp3: + CSA + WFL,PR,954,0.9464285714285714,0.2933579335793358,0.13397830724716187
Exp3: + CSA + WFL,PR,955,0.9464285714285714,0.29390018484288355,0.13429877161979675
Exp3: + CSA + WFL,PR,956,0.9464285714285714,0.29444444444444445,0.13442209362983704
Exp3: + CSA + WFL,PR,957,0.9464285714285714,0.2949907235621521,0.13447889685630798
Exp3: + CSA + WFL,PR,958,0.9464285714285714,0.2955390334572491,0.1353992372751236
Exp3: + CSA + WFL,PR,959,0.9464285714285714,0.29608938547486036,0.1363707035779953
Exp3: + CSA + WFL,PR,960,0.9464285714285714,0.2966417910447761,0.13687223196029663
Exp3: + CSA + WFL,PR,961,0.9464285714285714,0.297196261682243,0.1381205916404724
Exp3: + CSA + WFL,PR,962,0.9464285714285714,0.29775280898876405,0.13938680291175842
Exp3: + CSA + WFL,PR,963,0.9464285714285714,0.29831144465290804,0.1396576166152954
Exp3: + CSA + WFL,PR,964,0.9464285714285714,0.29887218045112784,0.13986703753471375
Exp3: + CSA + WFL,PR,965,0.9464285714285714,0.2994350282485876,0.14018447697162628
Exp3: + CSA + WFL,PR,966,0.9464285714285714,0.3,0.14101798832416534
Exp3: + CSA + WFL,PR,967,0.9464285714285714,0.3005671077504726,0.14146025478839874
Exp3: + CSA + WFL,PR,968,0.9464285714285714,0.30113636363636365,0.14150768518447876
Exp3: + CSA + WFL,PR,969,0.9464285714285714,0.301707779886148,0.14274722337722778
Exp3: + CSA + WFL,PR,970,0.9464285714285714,0.30228136882129275,0.14289674162864685
Exp3: + CSA + WFL,PR,971,0.9464285714285714,0.3028571428571429,0.14376553893089294
Exp3: + CSA + WFL,PR,972,0.9464285714285714,0.30343511450381677,0.14381036162376404
Exp3: + CSA + WFL,PR,973,0.9464285714285714,0.30401529636711283,0.14457081258296967
Exp3: + CSA + WFL,PR,974,0.9464285714285714,0.3045977011494253,0.14508676528930664
Exp3: + CSA + WFL,PR,975,0.9464285714285714,0.30518234165067176,0.14565952122211456
Exp3: + CSA + WFL,PR,976,0.9404761904761905,0.3038461538461538,0.14612439274787903
Exp3: + CSA + WFL,PR,977,0.9404761904761905,0.3044315992292871,0.14753727614879608
Exp3: + CSA + WFL,PR,978,0.9404761904761905,0.305019305019305,0.14815004169940948
Exp3: + CSA + WFL,PR,979,0.9404761904761905,0.3056092843326886,0.14867235720157623
Exp3: + CSA + WFL,PR,980,0.9404761904761905,0.3062015503875969,0.1491442322731018
Exp3: + CSA + WFL,PR,981,0.9404761904761905,0.3067961165048544,0.14936795830726624
Exp3: + CSA + WFL,PR,982,0.9404761904761905,0.30739299610894943,0.14937080442905426
Exp3: + CSA + WFL,PR,983,0.9404761904761905,0.3079922027290448,0.1497117131948471
Exp3: + CSA + WFL,PR,984,0.9404761904761905,0.30859375,0.15076616406440735
Exp3: + CSA + WFL,PR,985,0.9404761904761905,0.30919765166340507,0.15086841583251953
Exp3: + CSA + WFL,PR,986,0.9404761904761905,0.30980392156862746,0.1510218381881714
Exp3: + CSA + WFL,PR,987,0.9404761904761905,0.3104125736738703,0.15117855370044708
Exp3: + CSA + WFL,PR,988,0.9404761904761905,0.3110236220472441,0.1515229195356369
Exp3: + CSA + WFL,PR,989,0.9404761904761905,0.3116370808678501,0.15197375416755676
Exp3: + CSA + WFL,PR,990,0.9404761904761905,0.31225296442687744,0.15277065336704254
Exp3: + CSA + WFL,PR,991,0.9404761904761905,0.31287128712871287,0.15298795700073242
Exp3: + CSA + WFL,PR,992,0.9404761904761905,0.3134920634920635,0.1531359702348709
Exp3: + CSA + WFL,PR,993,0.9345238095238095,0.3121272365805169,0.1533401608467102
Exp3: + CSA + WFL,PR,994,0.9345238095238095,0.31274900398406374,0.15429838001728058
Exp3: + CSA + WFL,PR,995,0.9345238095238095,0.313373253493014,0.15433518588542938
Exp3: + CSA + WFL,PR,996,0.9345238095238095,0.314,0.15437595546245575
Exp3: + CSA + WFL,PR,997,0.9345238095238095,0.31462925851703405,0.1551314890384674
Exp3: + CSA + WFL,PR,998,0.9345238095238095,0.3152610441767068,0.15550728142261505
Exp3: + CSA + WFL,PR,999,0.9345238095238095,0.3158953722334004,0.15609455108642578
Exp3: + CSA + WFL,PR,1000,0.9345238095238095,0.3165322580645161,0.1566092073917389
Exp3: + CSA + WFL,PR,1001,0.9345238095238095,0.31717171717171716,0.15673713386058807
Exp3: + CSA + WFL,PR,1002,0.9285714285714286,0.3157894736842105,0.15730878710746765
Exp3: + CSA + WFL,PR,1003,0.9285714285714286,0.31643002028397565,0.15742409229278564
Exp3: + CSA + WFL,PR,1004,0.9285714285714286,0.3170731707317073,0.15850751101970673
Exp3: + CSA + WFL,PR,1005,0.9285714285714286,0.31771894093686354,0.15960733592510223
Exp3: + CSA + WFL,PR,1006,0.9285714285714286,0.3183673469387755,0.15982097387313843
Exp3: + CSA + WFL,PR,1007,0.9226190476190477,0.3169734151329243,0.15994040668010712
Exp3: + CSA + WFL,PR,1008,0.9226190476190477,0.3176229508196721,0.16004377603530884
Exp3: + CSA + WFL,PR,1009,0.9166666666666666,0.3162217659137577,0.16091200709342957
Exp3: + CSA + WFL,PR,1010,0.9166666666666666,0.3168724279835391,0.16211166977882385
Exp3: + CSA + WFL,PR,1011,0.9166666666666666,0.31752577319587627,0.16289374232292175
Exp3: + CSA + WFL,PR,1012,0.9166666666666666,0.3181818181818182,0.16472792625427246
Exp3: + CSA + WFL,PR,1013,0.9166666666666666,0.3188405797101449,0.16542832553386688
Exp3: + CSA + WFL,PR,1014,0.9166666666666666,0.31950207468879666,0.1669328361749649
Exp3: + CSA + WFL,PR,1015,0.9166666666666666,0.3201663201663202,0.16758258640766144
Exp3: + CSA + WFL,PR,1016,0.9166666666666666,0.32083333333333336,0.1700838953256607
Exp3: + CSA + WFL,PR,1017,0.9166666666666666,0.32150313152400833,0.17017234861850739
Exp3: + CSA + WFL,PR,1018,0.9166666666666666,0.32217573221757323,0.17020443081855774
Exp3: + CSA + WFL,PR,1019,0.9166666666666666,0.3228511530398323,0.17091640830039978
Exp3: + CSA + WFL,PR,1020,0.9166666666666666,0.3235294117647059,0.17122481763362885
Exp3: + CSA + WFL,PR,1021,0.9166666666666666,0.32421052631578945,0.17164772748947144
Exp3: + CSA + WFL,PR,1022,0.9107142857142857,0.3227848101265823,0.17219965159893036
Exp3: + CSA + WFL,PR,1023,0.9107142857142857,0.32346723044397463,0.17262685298919678
Exp3: + CSA + WFL,PR,1024,0.9107142857142857,0.3241525423728814,0.17362041771411896
Exp3: + CSA + WFL,PR,1025,0.9107142857142857,0.3248407643312102,0.17362937331199646
Exp3: + CSA + WFL,PR,1026,0.9107142857142857,0.32553191489361705,0.17439505457878113
Exp3: + CSA + WFL,PR,1027,0.9107142857142857,0.326226012793177,0.17490935325622559
Exp3: + CSA + WFL,PR,1028,0.9107142857142857,0.3269230769230769,0.17517852783203125
Exp3: + CSA + WFL,PR,1029,0.9107142857142857,0.32762312633832974,0.17562289535999298
Exp3: + CSA + WFL,PR,1030,0.9107142857142857,0.3283261802575107,0.17645104229450226
Exp3: + CSA + WFL,PR,1031,0.9107142857142857,0.32903225806451614,0.1764807552099228
Exp3: + CSA + WFL,PR,1032,0.9047619047619048,0.3275862068965517,0.17659588158130646
Exp3: + CSA + WFL,PR,1033,0.9047619047619048,0.3282937365010799,0.17669104039669037
Exp3: + CSA + WFL,PR,1034,0.9047619047619048,0.329004329004329,0.1767624169588089
Exp3: + CSA + WFL,PR,1035,0.9047619047619048,0.3297180043383948,0.17743612825870514
Exp3: + CSA + WFL,PR,1036,0.9047619047619048,0.33043478260869563,0.17773500084877014
Exp3: + CSA + WFL,PR,1037,0.9047619047619048,0.3311546840958606,0.17815476655960083
Exp3: + CSA + WFL,PR,1038,0.8988095238095238,0.3296943231441048,0.17896290123462677
Exp3: + CSA + WFL,PR,1039,0.8988095238095238,0.3304157549234136,0.17981263995170593
Exp3: + CSA + WFL,PR,1040,0.8988095238095238,0.33114035087719296,0.17988388240337372
Exp3: + CSA + WFL,PR,1041,0.8988095238095238,0.33186813186813185,0.1804848164319992
Exp3: + CSA + WFL,PR,1042,0.8988095238095238,0.33259911894273125,0.18057328462600708
Exp3: + CSA + WFL,PR,1043,0.8988095238095238,0.3333333333333333,0.1811085194349289
Exp3: + CSA + WFL,PR,1044,0.8988095238095238,0.334070796460177,0.18142037093639374
Exp3: + CSA + WFL,PR,1045,0.8988095238095238,0.3348115299334812,0.18151375651359558
Exp3: + CSA + WFL,PR,1046,0.8988095238095238,0.33555555555555555,0.18153153359889984
Exp3: + CSA + WFL,PR,1047,0.8988095238095238,0.3363028953229399,0.18187181651592255
Exp3: + CSA + WFL,PR,1048,0.8988095238095238,0.33705357142857145,0.1820869892835617
Exp3: + CSA + WFL,PR,1049,0.8988095238095238,0.3378076062639821,0.18281912803649902
Exp3: + CSA + WFL,PR,1050,0.8988095238095238,0.33856502242152464,0.18303391337394714
Exp3: + CSA + WFL,PR,1051,0.8988095238095238,0.3393258426966292,0.1849879026412964
Exp3: + CSA + WFL,PR,1052,0.8988095238095238,0.3400900900900901,0.18531955778598785
Exp3: + CSA + WFL,PR,1053,0.8988095238095238,0.34085778781038373,0.1857088804244995
Exp3: + CSA + WFL,PR,1054,0.8988095238095238,0.3416289592760181,0.18611304461956024
Exp3: + CSA + WFL,PR,1055,0.8988095238095238,0.3424036281179138,0.18629053235054016
Exp3: + CSA + WFL,PR,1056,0.8988095238095238,0.3431818181818182,0.18684224784374237
Exp3: + CSA + WFL,PR,1057,0.8988095238095238,0.3439635535307517,0.18700124323368073
Exp3: + CSA + WFL,PR,1058,0.8988095238095238,0.3447488584474886,0.1870032250881195
Exp3: + CSA + WFL,PR,1059,0.8988095238095238,0.34553775743707094,0.1875295788049698
Exp3: + CSA + WFL,PR,1060,0.8988095238095238,0.3463302752293578,0.1876409649848938
Exp3: + CSA + WFL,PR,1061,0.8928571428571429,0.3448275862068966,0.1885722428560257
Exp3: + CSA + WFL,PR,1062,0.8928571428571429,0.3456221198156682,0.19038692116737366
Exp3: + CSA + WFL,PR,1063,0.8928571428571429,0.3464203233256351,0.19097661972045898
Exp3: + CSA + WFL,PR,1064,0.8928571428571429,0.3472222222222222,0.19117684662342072
Exp3: + CSA + WFL,PR,1065,0.8928571428571429,0.3480278422273782,0.1912161409854889
Exp3: + CSA + WFL,PR,1066,0.8928571428571429,0.3488372093023256,0.19122174382209778
Exp3: + CSA + WFL,PR,1067,0.8928571428571429,0.34965034965034963,0.19189438223838806
Exp3: + CSA + WFL,PR,1068,0.8928571428571429,0.35046728971962615,0.19201141595840454
Exp3: + CSA + WFL,PR,1069,0.8928571428571429,0.351288056206089,0.1925240010023117
Exp3: + CSA + WFL,PR,1070,0.8928571428571429,0.352112676056338,0.19315440952777863
Exp3: + CSA + WFL,PR,1071,0.8928571428571429,0.35294117647058826,0.19316817820072174
Exp3: + CSA + WFL,PR,1072,0.8928571428571429,0.35377358490566035,0.19370582699775696
Exp3: + CSA + WFL,PR,1073,0.8928571428571429,0.3546099290780142,0.19427411258220673
Exp3: + CSA + WFL,PR,1074,0.8928571428571429,0.35545023696682465,0.19445721805095673
Exp3: + CSA + WFL,PR,1075,0.8928571428571429,0.35629453681710216,0.1958366334438324
Exp3: + CSA + WFL,PR,1076,0.8869047619047619,0.3547619047619048,0.19628259539604187
Exp3: + CSA + WFL,PR,1077,0.8869047619047619,0.3556085918854415,0.19634537398815155
Exp3: + CSA + WFL,PR,1078,0.8869047619047619,0.35645933014354064,0.19679565727710724
Exp3: + CSA + WFL,PR,1079,0.8869047619047619,0.35731414868105515,0.19760248064994812
Exp3: + CSA + WFL,PR,1080,0.8869047619047619,0.3581730769230769,0.19851882755756378
Exp3: + CSA + WFL,PR,1081,0.8869047619047619,0.35903614457831323,0.1986583024263382
Exp3: + CSA + WFL,PR,1082,0.8869047619047619,0.35990338164251207,0.19869160652160645
Exp3: + CSA + WFL,PR,1083,0.8869047619047619,0.36077481840193704,0.19918012619018555
Exp3: + CSA + WFL,PR,1084,0.8869047619047619,0.3616504854368932,0.1992708146572113
Exp3: + CSA + WFL,PR,1085,0.8809523809523809,0.36009732360097324,0.19993245601654053
Exp3: + CSA + WFL,PR,1086,0.8809523809523809,0.36097560975609755,0.2000451236963272
Exp3: + CSA + WFL,PR,1087,0.8809523809523809,0.36185819070904646,0.20177707076072693
Exp3: + CSA + WFL,PR,1088,0.8809523809523809,0.3627450980392157,0.20233845710754395
Exp3: + CSA + WFL,PR,1089,0.8809523809523809,0.36363636363636365,0.2023528516292572
Exp3: + CSA + WFL,PR,1090,0.8809523809523809,0.3645320197044335,0.20306940376758575
Exp3: + CSA + WFL,PR,1091,0.875,0.362962962962963,0.20367304980754852
Exp3: + CSA + WFL,PR,1092,0.875,0.36386138613861385,0.20391586422920227
Exp3: + CSA + WFL,PR,1093,0.875,0.36476426799007444,0.20392271876335144
Exp3: + CSA + WFL,PR,1094,0.875,0.3656716417910448,0.2041739523410797
Exp3: + CSA + WFL,PR,1095,0.875,0.36658354114713215,0.2044457644224167
Exp3: + CSA + WFL,PR,1096,0.875,0.3675,0.20447449386119843
Exp3: + CSA + WFL,PR,1097,0.875,0.3684210526315789,0.2049233317375183
Exp3: + CSA + WFL,PR,1098,0.875,0.3693467336683417,0.2051418423652649
Exp3: + CSA + WFL,PR,1099,0.875,0.3702770780856423,0.20832711458206177
Exp3: + CSA + WFL,PR,1100,0.8690476190476191,0.3686868686868687,0.20865891873836517
Exp3: + CSA + WFL,PR,1101,0.8630952380952381,0.3670886075949367,0.20885759592056274
Exp3: + CSA + WFL,PR,1102,0.8571428571428571,0.36548223350253806,0.20910391211509705
Exp3: + CSA + WFL,PR,1103,0.8571428571428571,0.366412213740458,0.2106391340494156
Exp3: + CSA + WFL,PR,1104,0.8571428571428571,0.3673469387755102,0.21086344122886658
Exp3: + CSA + WFL,PR,1105,0.8571428571428571,0.36828644501278773,0.21108399331569672
Exp3: + CSA + WFL,PR,1106,0.8571428571428571,0.36923076923076925,0.21163342893123627
Exp3: + CSA + WFL,PR,1107,0.8571428571428571,0.37017994858611825,0.21199677884578705
Exp3: + CSA + WFL,PR,1108,0.8571428571428571,0.3711340206185567,0.2128227800130844
Exp3: + CSA + WFL,PR,1109,0.8571428571428571,0.37209302325581395,0.2129434496164322
Exp3: + CSA + WFL,PR,1110,0.8571428571428571,0.37305699481865284,0.2134125679731369
Exp3: + CSA + WFL,PR,1111,0.8571428571428571,0.37402597402597404,0.21376223862171173
Exp3: + CSA + WFL,PR,1112,0.8571428571428571,0.375,0.2144847959280014
Exp3: + CSA + WFL,PR,1113,0.8571428571428571,0.37597911227154046,0.2155819982290268
Exp3: + CSA + WFL,PR,1114,0.8571428571428571,0.3769633507853403,0.21564209461212158
Exp3: + CSA + WFL,PR,1115,0.8571428571428571,0.3779527559055118,0.21652983129024506
Exp3: + CSA + WFL,PR,1116,0.8511904761904762,0.3763157894736842,0.2173357754945755
Exp3: + CSA + WFL,PR,1117,0.8511904761904762,0.37730870712401055,0.21766917407512665
Exp3: + CSA + WFL,PR,1118,0.8511904761904762,0.3783068783068783,0.21848733723163605
Exp3: + CSA + WFL,PR,1119,0.8511904761904762,0.3793103448275862,0.21874618530273438
Exp3: + CSA + WFL,PR,1120,0.8511904761904762,0.3803191489361702,0.21927575767040253
Exp3: + CSA + WFL,PR,1121,0.8511904761904762,0.38133333333333336,0.22091245651245117
Exp3: + CSA + WFL,PR,1122,0.8511904761904762,0.38235294117647056,0.22248101234436035
Exp3: + CSA + WFL,PR,1123,0.8511904761904762,0.38337801608579086,0.2227192372083664
Exp3: + CSA + WFL,PR,1124,0.8452380952380952,0.3817204301075269,0.2227226346731186
Exp3: + CSA + WFL,PR,1125,0.8452380952380952,0.38274932614555257,0.2233249545097351
Exp3: + CSA + WFL,PR,1126,0.8452380952380952,0.3837837837837838,0.22342748939990997
Exp3: + CSA + WFL,PR,1127,0.8452380952380952,0.38482384823848237,0.2241327315568924
Exp3: + CSA + WFL,PR,1128,0.8452380952380952,0.3858695652173913,0.22492220997810364
Exp3: + CSA + WFL,PR,1129,0.8452380952380952,0.3869209809264305,0.22522896528244019
Exp3: + CSA + WFL,PR,1130,0.8452380952380952,0.3879781420765027,0.22590580582618713
Exp3: + CSA + WFL,PR,1131,0.8452380952380952,0.38904109589041097,0.22612221539020538
Exp3: + CSA + WFL,PR,1132,0.8452380952380952,0.3901098901098901,0.2267201542854309
Exp3: + CSA + WFL,PR,1133,0.8452380952380952,0.39118457300275483,0.2276284098625183
Exp3: + CSA + WFL,PR,1134,0.8452380952380952,0.39226519337016574,0.22777308523654938
Exp3: + CSA + WFL,PR,1135,0.8392857142857143,0.39058171745152354,0.22823375463485718
Exp3: + CSA + WFL,PR,1136,0.8392857142857143,0.39166666666666666,0.228285551071167
Exp3: + CSA + WFL,PR,1137,0.8392857142857143,0.39275766016713093,0.2302190363407135
Exp3: + CSA + WFL,PR,1138,0.8392857142857143,0.39385474860335196,0.23030701279640198
Exp3: + CSA + WFL,PR,1139,0.8392857142857143,0.3949579831932773,0.23095835745334625
Exp3: + CSA + WFL,PR,1140,0.8392857142857143,0.3960674157303371,0.23164834082126617
Exp3: + CSA + WFL,PR,1141,0.8392857142857143,0.3971830985915493,0.23181727528572083
Exp3: + CSA + WFL,PR,1142,0.8392857142857143,0.3983050847457627,0.23278392851352692
Exp3: + CSA + WFL,PR,1143,0.8392857142857143,0.39943342776203966,0.2336363047361374
Exp3: + CSA + WFL,PR,1144,0.8392857142857143,0.4005681818181818,0.234852597117424
Exp3: + CSA + WFL,PR,1145,0.8392857142857143,0.4017094017094017,0.23512573540210724
Exp3: + CSA + WFL,PR,1146,0.8392857142857143,0.40285714285714286,0.23564302921295166
Exp3: + CSA + WFL,PR,1147,0.8392857142857143,0.4040114613180516,0.23595842719078064
Exp3: + CSA + WFL,PR,1148,0.8333333333333334,0.40229885057471265,0.23598048090934753
Exp3: + CSA + WFL,PR,1149,0.8333333333333334,0.4034582132564842,0.23609516024589539
Exp3: + CSA + WFL,PR,1150,0.8333333333333334,0.4046242774566474,0.23686230182647705
Exp3: + CSA + WFL,PR,1151,0.8273809523809523,0.4028985507246377,0.2382393628358841
Exp3: + CSA + WFL,PR,1152,0.8273809523809523,0.40406976744186046,0.23839865624904633
Exp3: + CSA + WFL,PR,1153,0.8273809523809523,0.40524781341107874,0.23860055208206177
Exp3: + CSA + WFL,PR,1154,0.8273809523809523,0.4064327485380117,0.23910179734230042
Exp3: + CSA + WFL,PR,1155,0.8273809523809523,0.40762463343108507,0.23956799507141113
Exp3: + CSA + WFL,PR,1156,0.8214285714285714,0.40588235294117647,0.24126800894737244
Exp3: + CSA + WFL,PR,1157,0.8154761904761905,0.40412979351032446,0.24182765185832977
Exp3: + CSA + WFL,PR,1158,0.8154761904761905,0.40532544378698226,0.24215687811374664
Exp3: + CSA + WFL,PR,1159,0.8154761904761905,0.4065281899109792,0.24270252883434296
Exp3: + CSA + WFL,PR,1160,0.8154761904761905,0.40773809523809523,0.2439393848180771
Exp3: + CSA + WFL,PR,1161,0.8154761904761905,0.408955223880597,0.244188591837883
Exp3: + CSA + WFL,PR,1162,0.8095238095238095,0.40718562874251496,0.2444411665201187
Exp3: + CSA + WFL,PR,1163,0.8095238095238095,0.4084084084084084,0.24450352787971497
Exp3: + CSA + WFL,PR,1164,0.8095238095238095,0.40963855421686746,0.24588584899902344
Exp3: + CSA + WFL,PR,1165,0.8095238095238095,0.4108761329305136,0.24698026478290558
Exp3: + CSA + WFL,PR,1166,0.8035714285714286,0.4090909090909091,0.24845707416534424
Exp3: + CSA + WFL,PR,1167,0.8035714285714286,0.41033434650455924,0.24846424162387848
Exp3: + CSA + WFL,PR,1168,0.8035714285714286,0.4115853658536585,0.24887964129447937
Exp3: + CSA + WFL,PR,1169,0.8035714285714286,0.41284403669724773,0.2501258850097656
Exp3: + CSA + WFL,PR,1170,0.8035714285714286,0.41411042944785276,0.2504573464393616
Exp3: + CSA + WFL,PR,1171,0.7976190476190477,0.4123076923076923,0.25091633200645447
Exp3: + CSA + WFL,PR,1172,0.7916666666666666,0.4104938271604938,0.25094419717788696
Exp3: + CSA + WFL,PR,1173,0.7916666666666666,0.4117647058823529,0.2521372437477112
Exp3: + CSA + WFL,PR,1174,0.7916666666666666,0.41304347826086957,0.25247272849082947
Exp3: + CSA + WFL,PR,1175,0.7916666666666666,0.4143302180685358,0.2526862323284149
Exp3: + CSA + WFL,PR,1176,0.7916666666666666,0.415625,0.2527383863925934
Exp3: + CSA + WFL,PR,1177,0.7916666666666666,0.4169278996865204,0.25306153297424316
Exp3: + CSA + WFL,PR,1178,0.7916666666666666,0.41823899371069184,0.25396493077278137
Exp3: + CSA + WFL,PR,1179,0.7916666666666666,0.4195583596214511,0.25503650307655334
Exp3: + CSA + WFL,PR,1180,0.7916666666666666,0.4208860759493671,0.25631263852119446
Exp3: + CSA + WFL,PR,1181,0.7857142857142857,0.41904761904761906,0.2568381726741791
Exp3: + CSA + WFL,PR,1182,0.7857142857142857,0.42038216560509556,0.25817635655403137
Exp3: + CSA + WFL,PR,1183,0.7857142857142857,0.4217252396166134,0.26130855083465576
Exp3: + CSA + WFL,PR,1184,0.7857142857142857,0.4230769230769231,0.26220405101776123
Exp3: + CSA + WFL,PR,1185,0.7797619047619048,0.4212218649517685,0.26428839564323425
Exp3: + CSA + WFL,PR,1186,0.7797619047619048,0.42258064516129035,0.26509889960289
Exp3: + CSA + WFL,PR,1187,0.7797619047619048,0.42394822006472493,0.2668580114841461
Exp3: + CSA + WFL,PR,1188,0.7738095238095238,0.42207792207792205,0.2671576738357544
Exp3: + CSA + WFL,PR,1189,0.7678571428571429,0.4201954397394137,0.267478346824646
Exp3: + CSA + WFL,PR,1190,0.7678571428571429,0.4215686274509804,0.26758360862731934
Exp3: + CSA + WFL,PR,1191,0.7678571428571429,0.42295081967213116,0.2678166627883911
Exp3: + CSA + WFL,PR,1192,0.7678571428571429,0.4243421052631579,0.2704790532588959
Exp3: + CSA + WFL,PR,1193,0.7678571428571429,0.42574257425742573,0.2709690034389496
Exp3: + CSA + WFL,PR,1194,0.7678571428571429,0.4271523178807947,0.2717925012111664
Exp3: + CSA + WFL,PR,1195,0.7678571428571429,0.42857142857142855,0.2749343514442444
Exp3: + CSA + WFL,PR,1196,0.7678571428571429,0.43,0.27628353238105774
Exp3: + CSA + WFL,PR,1197,0.7678571428571429,0.431438127090301,0.2764461040496826
Exp3: + CSA + WFL,PR,1198,0.7678571428571429,0.43288590604026844,0.2768699824810028
Exp3: + CSA + WFL,PR,1199,0.7678571428571429,0.43434343434343436,0.27689382433891296
Exp3: + CSA + WFL,PR,1200,0.7678571428571429,0.4358108108108108,0.2773704528808594
Exp3: + CSA + WFL,PR,1201,0.7678571428571429,0.43728813559322033,0.278331995010376
Exp3: + CSA + WFL,PR,1202,0.7619047619047619,0.43537414965986393,0.2790917754173279
Exp3: + CSA + WFL,PR,1203,0.7619047619047619,0.43686006825938567,0.27933216094970703
Exp3: + CSA + WFL,PR,1204,0.7619047619047619,0.4383561643835616,0.2802514135837555
Exp3: + CSA + WFL,PR,1205,0.7559523809523809,0.436426116838488,0.2805548906326294
Exp3: + CSA + WFL,PR,1206,0.7559523809523809,0.4379310344827586,0.28055527806282043
Exp3: + CSA + WFL,PR,1207,0.7559523809523809,0.43944636678200694,0.28121665120124817
Exp3: + CSA + WFL,PR,1208,0.7559523809523809,0.4409722222222222,0.2813244163990021
Exp3: + CSA + WFL,PR,1209,0.7559523809523809,0.4425087108013937,0.2824718952178955
Exp3: + CSA + WFL,PR,1210,0.7559523809523809,0.44405594405594406,0.2835770845413208
Exp3: + CSA + WFL,PR,1211,0.7559523809523809,0.4456140350877193,0.28395095467567444
Exp3: + CSA + WFL,PR,1212,0.7559523809523809,0.4471830985915493,0.2841334640979767
Exp3: + CSA + WFL,PR,1213,0.7559523809523809,0.44876325088339225,0.2857256531715393
Exp3: + CSA + WFL,PR,1214,0.7559523809523809,0.450354609929078,0.28617286682128906
Exp3: + CSA + WFL,PR,1215,0.7559523809523809,0.45195729537366547,0.2864269018173218
Exp3: + CSA + WFL,PR,1216,0.7559523809523809,0.45357142857142857,0.2876546382904053
Exp3: + CSA + WFL,PR,1217,0.7559523809523809,0.4551971326164875,0.28802844882011414
Exp3: + CSA + WFL,PR,1218,0.7559523809523809,0.4568345323741007,0.2890911400318146
Exp3: + CSA + WFL,PR,1219,0.7559523809523809,0.4584837545126354,0.2893868684768677
Exp3: + CSA + WFL,PR,1220,0.7559523809523809,0.4601449275362319,0.2898644208908081
Exp3: + CSA + WFL,PR,1221,0.7559523809523809,0.4618181818181818,0.29048871994018555
Exp3: + CSA + WFL,PR,1222,0.7559523809523809,0.4635036496350365,0.2908560037612915
Exp3: + CSA + WFL,PR,1223,0.7559523809523809,0.4652014652014652,0.2933981716632843
Exp3: + CSA + WFL,PR,1224,0.75,0.4632352941176471,0.2956935167312622
Exp3: + CSA + WFL,PR,1225,0.75,0.46494464944649444,0.2967780530452728
Exp3: + CSA + WFL,PR,1226,0.75,0.4666666666666667,0.2982969284057617
Exp3: + CSA + WFL,PR,1227,0.75,0.4684014869888476,0.2990378439426422
Exp3: + CSA + WFL,PR,1228,0.75,0.4701492537313433,0.29966121912002563
Exp3: + CSA + WFL,PR,1229,0.75,0.47191011235955055,0.30015864968299866
Exp3: + CSA + WFL,PR,1230,0.75,0.47368421052631576,0.30267488956451416
Exp3: + CSA + WFL,PR,1231,0.75,0.47547169811320755,0.30305570363998413
Exp3: + CSA + WFL,PR,1232,0.75,0.4772727272727273,0.3039747476577759
Exp3: + CSA + WFL,PR,1233,0.75,0.4790874524714829,0.3040010333061218
Exp3: + CSA + WFL,PR,1234,0.75,0.48091603053435117,0.30722036957740784
Exp3: + CSA + WFL,PR,1235,0.7440476190476191,0.4789272030651341,0.30831378698349
Exp3: + CSA + WFL,PR,1236,0.7440476190476191,0.4807692307692308,0.3087318241596222
Exp3: + CSA + WFL,PR,1237,0.7440476190476191,0.4826254826254826,0.30895206332206726
Exp3: + CSA + WFL,PR,1238,0.7440476190476191,0.4844961240310077,0.3094843327999115
Exp3: + CSA + WFL,PR,1239,0.7440476190476191,0.48638132295719844,0.3121258020401001
Exp3: + CSA + WFL,PR,1240,0.7440476190476191,0.48828125,0.3125245273113251
Exp3: + CSA + WFL,PR,1241,0.7440476190476191,0.49019607843137253,0.3126242160797119
Exp3: + CSA + WFL,PR,1242,0.7440476190476191,0.4921259842519685,0.3150283992290497
Exp3: + CSA + WFL,PR,1243,0.7440476190476191,0.49407114624505927,0.31534963846206665
Exp3: + CSA + WFL,PR,1244,0.7440476190476191,0.49603174603174605,0.3169184923171997
Exp3: + CSA + WFL,PR,1245,0.7440476190476191,0.49800796812749004,0.3173562288284302
Exp3: + CSA + WFL,PR,1246,0.7440476190476191,0.5,0.31891587376594543
Exp3: + CSA + WFL,PR,1247,0.7440476190476191,0.5020080321285141,0.3235462009906769
Exp3: + CSA + WFL,PR,1248,0.7440476190476191,0.5040322580645161,0.3236526548862457
Exp3: + CSA + WFL,PR,1249,0.7440476190476191,0.5060728744939271,0.3237166404724121
Exp3: + CSA + WFL,PR,1250,0.7440476190476191,0.508130081300813,0.3241182863712311
Exp3: + CSA + WFL,PR,1251,0.7440476190476191,0.5102040816326531,0.32438957691192627
Exp3: + CSA + WFL,PR,1252,0.7380952380952381,0.5081967213114754,0.3266836404800415
Exp3: + CSA + WFL,PR,1253,0.7380952380952381,0.5102880658436214,0.3281901776790619
Exp3: + CSA + WFL,PR,1254,0.7321428571428571,0.5082644628099173,0.3287755846977234
Exp3: + CSA + WFL,PR,1255,0.7321428571428571,0.5103734439834025,0.33134496212005615
Exp3: + CSA + WFL,PR,1256,0.7321428571428571,0.5125,0.3320058286190033
Exp3: + CSA + WFL,PR,1257,0.7321428571428571,0.5146443514644351,0.33219048380851746
Exp3: + CSA + WFL,PR,1258,0.7321428571428571,0.5168067226890757,0.3359021246433258
Exp3: + CSA + WFL,PR,1259,0.7321428571428571,0.5189873417721519,0.3362661302089691
Exp3: + CSA + WFL,PR,1260,0.7321428571428571,0.5211864406779662,0.3378847539424896
Exp3: + CSA + WFL,PR,1261,0.7321428571428571,0.5234042553191489,0.3388652503490448
Exp3: + CSA + WFL,PR,1262,0.7261904761904762,0.5213675213675214,0.3390328884124756
Exp3: + CSA + WFL,PR,1263,0.7202380952380952,0.51931330472103,0.3391854763031006
Exp3: + CSA + WFL,PR,1264,0.7202380952380952,0.521551724137931,0.3396688401699066
Exp3: + CSA + WFL,PR,1265,0.7142857142857143,0.5194805194805194,0.34044408798217773
Exp3: + CSA + WFL,PR,1266,0.7142857142857143,0.5217391304347826,0.3409655690193176
Exp3: + CSA + WFL,PR,1267,0.7142857142857143,0.5240174672489083,0.34469568729400635
Exp3: + CSA + WFL,PR,1268,0.7142857142857143,0.5263157894736842,0.3465317189693451
Exp3: + CSA + WFL,PR,1269,0.7142857142857143,0.5286343612334802,0.3475955128669739
Exp3: + CSA + WFL,PR,1270,0.7083333333333334,0.5265486725663717,0.34783878922462463
Exp3: + CSA + WFL,PR,1271,0.7083333333333334,0.5288888888888889,0.3482630252838135
Exp3: + CSA + WFL,PR,1272,0.7023809523809523,0.5267857142857143,0.34826967120170593
Exp3: + CSA + WFL,PR,1273,0.7023809523809523,0.5291479820627802,0.3495025336742401
Exp3: + CSA + WFL,PR,1274,0.7023809523809523,0.5315315315315315,0.34991011023521423
Exp3: + CSA + WFL,PR,1275,0.7023809523809523,0.5339366515837104,0.3501453101634979
Exp3: + CSA + WFL,PR,1276,0.7023809523809523,0.5363636363636364,0.3505110740661621
Exp3: + CSA + WFL,PR,1277,0.7023809523809523,0.5388127853881278,0.35340356826782227
Exp3: + CSA + WFL,PR,1278,0.6964285714285714,0.536697247706422,0.3545304834842682
Exp3: + CSA + WFL,PR,1279,0.6904761904761905,0.5345622119815668,0.354998379945755
Exp3: + CSA + WFL,PR,1280,0.6904761904761905,0.5370370370370371,0.35624539852142334
Exp3: + CSA + WFL,PR,1281,0.6904761904761905,0.5395348837209303,0.35758811235427856
Exp3: + CSA + WFL,PR,1282,0.6904761904761905,0.5420560747663551,0.35887667536735535
Exp3: + CSA + WFL,PR,1283,0.6904761904761905,0.5446009389671361,0.3590901494026184
Exp3: + CSA + WFL,PR,1284,0.6904761904761905,0.5471698113207547,0.35912463068962097
Exp3: + CSA + WFL,PR,1285,0.6904761904761905,0.5497630331753555,0.359508752822876
Exp3: + CSA + WFL,PR,1286,0.6904761904761905,0.5523809523809524,0.35957467555999756
Exp3: + CSA + WFL,PR,1287,0.6904761904761905,0.5550239234449761,0.36193108558654785
Exp3: + CSA + WFL,PR,1288,0.6904761904761905,0.5576923076923077,0.3632599413394928
Exp3: + CSA + WFL,PR,1289,0.6904761904761905,0.5603864734299517,0.36375370621681213
Exp3: + CSA + WFL,PR,1290,0.6904761904761905,0.5631067961165048,0.3641526699066162
Exp3: + CSA + WFL,PR,1291,0.6904761904761905,0.5658536585365853,0.36493539810180664
Exp3: + CSA + WFL,PR,1292,0.6904761904761905,0.5686274509803921,0.36529427766799927
Exp3: + CSA + WFL,PR,1293,0.6904761904761905,0.5714285714285714,0.36824798583984375
Exp3: + CSA + WFL,PR,1294,0.6904761904761905,0.5742574257425742,0.3708048462867737
Exp3: + CSA + WFL,PR,1295,0.6904761904761905,0.5771144278606966,0.3710309863090515
Exp3: + CSA + WFL,PR,1296,0.6904761904761905,0.58,0.37164777517318726
Exp3: + CSA + WFL,PR,1297,0.6904761904761905,0.5829145728643216,0.3720225691795349
Exp3: + CSA + WFL,PR,1298,0.6845238095238095,0.5808080808080808,0.37305983901023865
Exp3: + CSA + WFL,PR,1299,0.6845238095238095,0.583756345177665,0.37392473220825195
Exp3: + CSA + WFL,PR,1300,0.6845238095238095,0.5867346938775511,0.3746495842933655
Exp3: + CSA + WFL,PR,1301,0.6845238095238095,0.5897435897435898,0.3751012980937958
Exp3: + CSA + WFL,PR,1302,0.6845238095238095,0.5927835051546392,0.3762793242931366
Exp3: + CSA + WFL,PR,1303,0.6845238095238095,0.5958549222797928,0.3779070973396301
Exp3: + CSA + WFL,PR,1304,0.6845238095238095,0.5989583333333334,0.37799525260925293
Exp3: + CSA + WFL,PR,1305,0.6845238095238095,0.6020942408376964,0.38054823875427246
Exp3: + CSA + WFL,PR,1306,0.6845238095238095,0.6052631578947368,0.38205745816230774
Exp3: + CSA + WFL,PR,1307,0.6785714285714286,0.6031746031746031,0.3833507299423218
Exp3: + CSA + WFL,PR,1308,0.6785714285714286,0.6063829787234043,0.38494089245796204
Exp3: + CSA + WFL,PR,1309,0.6726190476190477,0.6042780748663101,0.3855860233306885
Exp3: + CSA + WFL,PR,1310,0.6726190476190477,0.6075268817204301,0.3856602609157562
Exp3: + CSA + WFL,PR,1311,0.6726190476190477,0.6108108108108108,0.3862481117248535
Exp3: + CSA + WFL,PR,1312,0.6726190476190477,0.6141304347826086,0.3865964412689209
Exp3: + CSA + WFL,PR,1313,0.6666666666666666,0.6120218579234973,0.38673698902130127
Exp3: + CSA + WFL,PR,1314,0.6666666666666666,0.6153846153846154,0.3886955678462982
Exp3: + CSA + WFL,PR,1315,0.6666666666666666,0.6187845303867403,0.3887471556663513
Exp3: + CSA + WFL,PR,1316,0.6607142857142857,0.6166666666666667,0.38945272564888
Exp3: + CSA + WFL,PR,1317,0.6607142857142857,0.6201117318435754,0.39083826541900635
Exp3: + CSA + WFL,PR,1318,0.6607142857142857,0.6235955056179775,0.3913455009460449
Exp3: + CSA + WFL,PR,1319,0.6547619047619048,0.6214689265536724,0.39749816060066223
Exp3: + CSA + WFL,PR,1320,0.6488095238095238,0.6193181818181818,0.4008032977581024
Exp3: + CSA + WFL,PR,1321,0.6488095238095238,0.6228571428571429,0.40367358922958374
Exp3: + CSA + WFL,PR,1322,0.6428571428571429,0.6206896551724138,0.4042968153953552
Exp3: + CSA + WFL,PR,1323,0.6428571428571429,0.6242774566473989,0.4053191542625427
Exp3: + CSA + WFL,PR,1324,0.6369047619047619,0.622093023255814,0.4071043133735657
Exp3: + CSA + WFL,PR,1325,0.6369047619047619,0.6257309941520468,0.4076254069805145
Exp3: + CSA + WFL,PR,1326,0.6309523809523809,0.6235294117647059,0.40866324305534363
Exp3: + CSA + WFL,PR,1327,0.6309523809523809,0.6272189349112426,0.40929242968559265
Exp3: + CSA + WFL,PR,1328,0.6309523809523809,0.6309523809523809,0.4100643992424011
Exp3: + CSA + WFL,PR,1329,0.625,0.6287425149700598,0.410643070936203
Exp3: + CSA + WFL,PR,1330,0.625,0.6325301204819277,0.41205745935440063
Exp3: + CSA + WFL,PR,1331,0.6190476190476191,0.6303030303030303,0.4135197699069977
Exp3: + CSA + WFL,PR,1332,0.6190476190476191,0.6341463414634146,0.4141961336135864
Exp3: + CSA + WFL,PR,1333,0.6130952380952381,0.6319018404907976,0.41658729314804077
Exp3: + CSA + WFL,PR,1334,0.6130952380952381,0.6358024691358025,0.4176566004753113
Exp3: + CSA + WFL,PR,1335,0.6130952380952381,0.639751552795031,0.4204059839248657
Exp3: + CSA + WFL,PR,1336,0.6130952380952381,0.64375,0.4236692488193512
Exp3: + CSA + WFL,PR,1337,0.6130952380952381,0.6477987421383647,0.42489394545555115
Exp3: + CSA + WFL,PR,1338,0.6130952380952381,0.6518987341772152,0.4269792139530182
Exp3: + CSA + WFL,PR,1339,0.6130952380952381,0.6560509554140127,0.4269835650920868
Exp3: + CSA + WFL,PR,1340,0.6071428571428571,0.6538461538461539,0.4295209050178528
Exp3: + CSA + WFL,PR,1341,0.6011904761904762,0.6516129032258065,0.4325644075870514
Exp3: + CSA + WFL,PR,1342,0.6011904761904762,0.6558441558441559,0.4334888160228729
Exp3: + CSA + WFL,PR,1343,0.6011904761904762,0.6601307189542484,0.43349573016166687
Exp3: + CSA + WFL,PR,1344,0.6011904761904762,0.6644736842105263,0.43502017855644226
Exp3: + CSA + WFL,PR,1345,0.5952380952380952,0.6622516556291391,0.43667903542518616
Exp3: + CSA + WFL,PR,1346,0.5952380952380952,0.6666666666666666,0.4398479163646698
Exp3: + CSA + WFL,PR,1347,0.5952380952380952,0.6711409395973155,0.4425843060016632
Exp3: + CSA + WFL,PR,1348,0.5952380952380952,0.6756756756756757,0.44511324167251587
Exp3: + CSA + WFL,PR,1349,0.5952380952380952,0.6802721088435374,0.44737187027931213
Exp3: + CSA + WFL,PR,1350,0.5952380952380952,0.684931506849315,0.4488077461719513
Exp3: + CSA + WFL,PR,1351,0.5952380952380952,0.6896551724137931,0.4538854658603668
Exp3: + CSA + WFL,PR,1352,0.5952380952380952,0.6944444444444444,0.4558890163898468
Exp3: + CSA + WFL,PR,1353,0.5892857142857143,0.6923076923076923,0.4619396924972534
Exp3: + CSA + WFL,PR,1354,0.5833333333333334,0.6901408450704225,0.46303001046180725
Exp3: + CSA + WFL,PR,1355,0.5833333333333334,0.6950354609929078,0.4652513265609741
Exp3: + CSA + WFL,PR,1356,0.5833333333333334,0.7,0.46620669960975647
Exp3: + CSA + WFL,PR,1357,0.5833333333333334,0.7050359712230215,0.47354045510292053
Exp3: + CSA + WFL,PR,1358,0.5833333333333334,0.7101449275362319,0.4755021333694458
Exp3: + CSA + WFL,PR,1359,0.5833333333333334,0.7153284671532847,0.47859498858451843
Exp3: + CSA + WFL,PR,1360,0.5833333333333334,0.7205882352941176,0.484354704618454
Exp3: + CSA + WFL,PR,1361,0.5833333333333334,0.725925925925926,0.4851429760456085
Exp3: + CSA + WFL,PR,1362,0.5833333333333334,0.7313432835820896,0.48598721623420715
Exp3: + CSA + WFL,PR,1363,0.5833333333333334,0.7368421052631579,0.486394464969635
Exp3: + CSA + WFL,PR,1364,0.5833333333333334,0.7424242424242424,0.489464670419693
Exp3: + CSA + WFL,PR,1365,0.5833333333333334,0.7480916030534351,0.4895295798778534
Exp3: + CSA + WFL,PR,1366,0.5833333333333334,0.7538461538461538,0.49042731523513794
Exp3: + CSA + WFL,PR,1367,0.5773809523809523,0.751937984496124,0.49112433195114136
Exp3: + CSA + WFL,PR,1368,0.5714285714285714,0.75,0.49237242341041565
Exp3: + CSA + WFL,PR,1369,0.5654761904761905,0.7480314960629921,0.493448406457901
Exp3: + CSA + WFL,PR,1370,0.5595238095238095,0.746031746031746,0.4955217242240906
Exp3: + CSA + WFL,PR,1371,0.5535714285714286,0.744,0.496782511472702
Exp3: + CSA + WFL,PR,1372,0.5476190476190477,0.7419354838709677,0.49697357416152954
Exp3: + CSA + WFL,PR,1373,0.5416666666666666,0.7398373983739838,0.4986506998538971
Exp3: + CSA + WFL,PR,1374,0.5357142857142857,0.7377049180327869,0.49865683913230896
Exp3: + CSA + WFL,PR,1375,0.5297619047619048,0.7355371900826446,0.49919888377189636
Exp3: + CSA + WFL,PR,1376,0.5238095238095238,0.7333333333333333,0.5040442943572998
Exp3: + CSA + WFL,PR,1377,0.5238095238095238,0.7394957983193278,0.5043659210205078
Exp3: + CSA + WFL,PR,1378,0.5238095238095238,0.7457627118644068,0.5108249187469482
Exp3: + CSA + WFL,PR,1379,0.5178571428571429,0.7435897435897436,0.5111364722251892
Exp3: + CSA + WFL,PR,1380,0.5178571428571429,0.75,0.5120197534561157
Exp3: + CSA + WFL,PR,1381,0.5178571428571429,0.7565217391304347,0.5137826800346375
Exp3: + CSA + WFL,PR,1382,0.5119047619047619,0.7543859649122807,0.5154098868370056
Exp3: + CSA + WFL,PR,1383,0.5059523809523809,0.7522123893805309,0.5155973434448242
Exp3: + CSA + WFL,PR,1384,0.5,0.75,0.5180462598800659
Exp3: + CSA + WFL,PR,1385,0.49404761904761907,0.7477477477477478,0.522108256816864
Exp3: + CSA + WFL,PR,1386,0.49404761904761907,0.7545454545454545,0.5235505104064941
Exp3: + CSA + WFL,PR,1387,0.49404761904761907,0.7614678899082569,0.5236778855323792
Exp3: + CSA + WFL,PR,1388,0.49404761904761907,0.7685185185185185,0.5246778130531311
Exp3: + CSA + WFL,PR,1389,0.4880952380952381,0.7663551401869159,0.5255154967308044
Exp3: + CSA + WFL,PR,1390,0.4880952380952381,0.7735849056603774,0.5264406204223633
Exp3: + CSA + WFL,PR,1391,0.48214285714285715,0.7714285714285715,0.5275664925575256
Exp3: + CSA + WFL,PR,1392,0.47619047619047616,0.7692307692307693,0.528388500213623
Exp3: + CSA + WFL,PR,1393,0.47023809523809523,0.7669902912621359,0.5295019149780273
Exp3: + CSA + WFL,PR,1394,0.47023809523809523,0.7745098039215687,0.5298135876655579
Exp3: + CSA + WFL,PR,1395,0.4642857142857143,0.7722772277227723,0.5330098867416382
Exp3: + CSA + WFL,PR,1396,0.4583333333333333,0.77,0.5339868068695068
Exp3: + CSA + WFL,PR,1397,0.4523809523809524,0.7676767676767676,0.5370847582817078
Exp3: + CSA + WFL,PR,1398,0.44642857142857145,0.7653061224489796,0.5489037036895752
Exp3: + CSA + WFL,PR,1399,0.44047619047619047,0.7628865979381443,0.5522311329841614
Exp3: + CSA + WFL,PR,1400,0.43452380952380953,0.7604166666666666,0.552466869354248
Exp3: + CSA + WFL,PR,1401,0.42857142857142855,0.7578947368421053,0.5569173097610474
Exp3: + CSA + WFL,PR,1402,0.4226190476190476,0.7553191489361702,0.5587542653083801
Exp3: + CSA + WFL,PR,1403,0.4226190476190476,0.7634408602150538,0.5610732436180115
Exp3: + CSA + WFL,PR,1404,0.4166666666666667,0.7608695652173914,0.562294602394104
Exp3: + CSA + WFL,PR,1405,0.4107142857142857,0.7582417582417582,0.5625472664833069
Exp3: + CSA + WFL,PR,1406,0.4107142857142857,0.7666666666666667,0.563351571559906
Exp3: + CSA + WFL,PR,1407,0.4107142857142857,0.7752808988764045,0.5655727386474609
Exp3: + CSA + WFL,PR,1408,0.40476190476190477,0.7727272727272727,0.5700605511665344
Exp3: + CSA + WFL,PR,1409,0.39880952380952384,0.7701149425287356,0.5706048011779785
Exp3: + CSA + WFL,PR,1410,0.39880952380952384,0.7790697674418605,0.5711151361465454
Exp3: + CSA + WFL,PR,1411,0.39285714285714285,0.7764705882352941,0.5757834911346436
Exp3: + CSA + WFL,PR,1412,0.3869047619047619,0.7738095238095238,0.57720947265625
Exp3: + CSA + WFL,PR,1413,0.38095238095238093,0.7710843373493976,0.5833218693733215
Exp3: + CSA + WFL,PR,1414,0.375,0.7682926829268293,0.5862922072410583
Exp3: + CSA + WFL,PR,1415,0.375,0.7777777777777778,0.5887901782989502
Exp3: + CSA + WFL,PR,1416,0.36904761904761907,0.775,0.5893775820732117
Exp3: + CSA + WFL,PR,1417,0.3630952380952381,0.7721518987341772,0.5924869775772095
Exp3: + CSA + WFL,PR,1418,0.3630952380952381,0.782051282051282,0.5926451086997986
Exp3: + CSA + WFL,PR,1419,0.3630952380952381,0.7922077922077922,0.5959470868110657
Exp3: + CSA + WFL,PR,1420,0.35714285714285715,0.7894736842105263,0.5965831279754639
Exp3: + CSA + WFL,PR,1421,0.35119047619047616,0.7866666666666666,0.5971441268920898
Exp3: + CSA + WFL,PR,1422,0.35119047619047616,0.7972972972972973,0.5992587208747864
Exp3: + CSA + WFL,PR,1423,0.35119047619047616,0.8082191780821918,0.5992743968963623
Exp3: + CSA + WFL,PR,1424,0.34523809523809523,0.8055555555555556,0.6015088558197021
Exp3: + CSA + WFL,PR,1425,0.3392857142857143,0.8028169014084507,0.6031100153923035
Exp3: + CSA + WFL,PR,1426,0.3333333333333333,0.8,0.6041269302368164
Exp3: + CSA + WFL,PR,1427,0.3273809523809524,0.7971014492753623,0.6042766571044922
Exp3: + CSA + WFL,PR,1428,0.32142857142857145,0.7941176470588235,0.6051263809204102
Exp3: + CSA + WFL,PR,1429,0.32142857142857145,0.8059701492537313,0.605782151222229
Exp3: + CSA + WFL,PR,1430,0.32142857142857145,0.8181818181818182,0.606237530708313
Exp3: + CSA + WFL,PR,1431,0.31547619047619047,0.8153846153846154,0.6106314659118652
Exp3: + CSA + WFL,PR,1432,0.31547619047619047,0.828125,0.6114093065261841
Exp3: + CSA + WFL,PR,1433,0.31547619047619047,0.8412698412698413,0.6156743764877319
Exp3: + CSA + WFL,PR,1434,0.30952380952380953,0.8387096774193549,0.6161891222000122
Exp3: + CSA + WFL,PR,1435,0.30357142857142855,0.8360655737704918,0.617314338684082
Exp3: + CSA + WFL,PR,1436,0.2976190476190476,0.8333333333333334,0.6285655498504639
Exp3: + CSA + WFL,PR,1437,0.2916666666666667,0.8305084745762712,0.6295609474182129
Exp3: + CSA + WFL,PR,1438,0.2857142857142857,0.8275862068965517,0.6327290534973145
Exp3: + CSA + WFL,PR,1439,0.27976190476190477,0.8245614035087719,0.6335358619689941
Exp3: + CSA + WFL,PR,1440,0.27976190476190477,0.8392857142857143,0.6381067037582397
Exp3: + CSA + WFL,PR,1441,0.27380952380952384,0.8363636363636363,0.645109236240387
Exp3: + CSA + WFL,PR,1442,0.26785714285714285,0.8333333333333334,0.6460326313972473
Exp3: + CSA + WFL,PR,1443,0.2619047619047619,0.8301886792452831,0.6494324803352356
Exp3: + CSA + WFL,PR,1444,0.2619047619047619,0.8461538461538461,0.6569615006446838
Exp3: + CSA + WFL,PR,1445,0.25595238095238093,0.8431372549019608,0.6593804955482483
Exp3: + CSA + WFL,PR,1446,0.25,0.84,0.6598759889602661
Exp3: + CSA + WFL,PR,1447,0.25,0.8571428571428571,0.6681582927703857
Exp3: + CSA + WFL,PR,1448,0.24404761904761904,0.8541666666666666,0.6685733795166016
Exp3: + CSA + WFL,PR,1449,0.23809523809523808,0.851063829787234,0.670446515083313
Exp3: + CSA + WFL,PR,1450,0.23809523809523808,0.8695652173913043,0.6741276383399963
Exp3: + CSA + WFL,PR,1451,0.23214285714285715,0.8666666666666667,0.6742536425590515
Exp3: + CSA + WFL,PR,1452,0.2261904761904762,0.8636363636363636,0.6817069053649902
Exp3: + CSA + WFL,PR,1453,0.22023809523809523,0.8604651162790697,0.6831861138343811
Exp3: + CSA + WFL,PR,1454,0.21428571428571427,0.8571428571428571,0.6870999932289124
Exp3: + CSA + WFL,PR,1455,0.20833333333333334,0.8536585365853658,0.6897155046463013
Exp3: + CSA + WFL,PR,1456,0.20833333333333334,0.875,0.6902312636375427
Exp3: + CSA + WFL,PR,1457,0.20238095238095238,0.8717948717948718,0.6964045763015747
Exp3: + CSA + WFL,PR,1458,0.19642857142857142,0.868421052631579,0.6972517371177673
Exp3: + CSA + WFL,PR,1459,0.19047619047619047,0.8648648648648649,0.6980016231536865
Exp3: + CSA + WFL,PR,1460,0.18452380952380953,0.8611111111111112,0.7038341760635376
Exp3: + CSA + WFL,PR,1461,0.17857142857142858,0.8571428571428571,0.7066498398780823
Exp3: + CSA + WFL,PR,1462,0.17261904761904762,0.8529411764705882,0.7077553272247314
Exp3: + CSA + WFL,PR,1463,0.17261904761904762,0.8787878787878788,0.7092653512954712
Exp3: + CSA + WFL,PR,1464,0.16666666666666666,0.875,0.7137494683265686
Exp3: + CSA + WFL,PR,1465,0.16071428571428573,0.8709677419354839,0.7152458429336548
Exp3: + CSA + WFL,PR,1466,0.15476190476190477,0.8666666666666667,0.7238230109214783
Exp3: + CSA + WFL,PR,1467,0.15476190476190477,0.896551724137931,0.7238258719444275
Exp3: + CSA + WFL,PR,1468,0.1488095238095238,0.8928571428571429,0.7341738939285278
Exp3: + CSA + WFL,PR,1469,0.14285714285714285,0.8888888888888888,0.7387584447860718
Exp3: + CSA + WFL,PR,1470,0.13690476190476192,0.8846153846153846,0.7473219633102417
Exp3: + CSA + WFL,PR,1471,0.13690476190476192,0.92,0.7495017647743225
Exp3: + CSA + WFL,PR,1472,0.13095238095238096,0.9166666666666666,0.7525073885917664
Exp3: + CSA + WFL,PR,1473,0.125,0.9130434782608695,0.7534763216972351
Exp3: + CSA + WFL,PR,1474,0.11904761904761904,0.9090909090909091,0.766403079032898
Exp3: + CSA + WFL,PR,1475,0.1130952380952381,0.9047619047619048,0.7787063121795654
Exp3: + CSA + WFL,PR,1476,0.10714285714285714,0.9,0.7875639200210571
Exp3: + CSA + WFL,PR,1477,0.10119047619047619,0.8947368421052632,0.789063572883606
Exp3: + CSA + WFL,PR,1478,0.10119047619047619,0.9444444444444444,0.8026154041290283
Exp3: + CSA + WFL,PR,1479,0.09523809523809523,0.9411764705882353,0.8113324642181396
Exp3: + CSA + WFL,PR,1480,0.08928571428571429,0.9375,0.8167317509651184
Exp3: + CSA + WFL,PR,1481,0.08333333333333333,0.9333333333333333,0.8255778551101685
Exp3: + CSA + WFL,PR,1482,0.07738095238095238,0.9285714285714286,0.8374496102333069
Exp3: + CSA + WFL,PR,1483,0.07142857142857142,0.9230769230769231,0.8376863598823547
Exp3: + CSA + WFL,PR,1484,0.07142857142857142,1.0,0.8421822190284729
Exp3: + CSA + WFL,PR,1485,0.06547619047619048,1.0,0.8442906141281128
Exp3: + CSA + WFL,PR,1486,0.05952380952380952,1.0,0.8446120023727417
Exp3: + CSA + WFL,PR,1487,0.05357142857142857,1.0,0.8481740951538086
Exp3: + CSA + WFL,PR,1488,0.047619047619047616,1.0,0.8654528856277466
Exp3: + CSA + WFL,PR,1489,0.041666666666666664,1.0,0.8836373686790466
Exp3: + CSA + WFL,PR,1490,0.03571428571428571,1.0,0.8942872881889343
Exp3: + CSA + WFL,PR,1491,0.02976190476190476,1.0,0.9035303592681885
Exp3: + CSA + WFL,PR,1492,0.023809523809523808,1.0,0.9145593047142029
Exp3: + CSA + WFL,PR,1493,0.017857142857142856,1.0,0.9221643209457397
Exp3: + CSA + WFL,PR,1494,0.011904761904761904,1.0,0.9379847049713135
Exp3: + CSA + WFL,PR,1495,0.005952380952380952,1.0,0.9582991600036621
Exp3: + CSA + WFL,PR,1496,0.0,1.0,1.0
Exp4: Full CAMAD,ROC,0,0.0,0.0,inf
Exp4: Full CAMAD,ROC,1,0.0,0.005952380952380952,0.9949415326118469
Exp4: Full CAMAD,ROC,2,0.0,0.03571428571428571,0.91423100233078
Exp4: Full CAMAD,ROC,3,0.0015048908954100827,0.03571428571428571,0.8934703469276428
Exp4: Full CAMAD,ROC,4,0.0015048908954100827,0.08333333333333333,0.857028067111969
Exp4: Full CAMAD,ROC,5,0.002257336343115124,0.08333333333333333,0.8528793454170227
Exp4: Full CAMAD,ROC,6,0.002257336343115124,0.10714285714285714,0.8450495004653931
Exp4: Full CAMAD,ROC,7,0.0030097817908201654,0.10714285714285714,0.8351894021034241
Exp4: Full CAMAD,ROC,8,0.0030097817908201654,0.13690476190476192,0.8151319026947021
Exp4: Full CAMAD,ROC,9,0.003762227238525207,0.13690476190476192,0.8032003045082092
Exp4: Full CAMAD,ROC,10,0.003762227238525207,0.1488095238095238,0.7939677834510803
Exp4: Full CAMAD,ROC,11,0.005267118133935289,0.1488095238095238,0.7922719717025757
Exp4: Full CAMAD,ROC,12,0.005267118133935289,0.15476190476190477,0.7894636392593384
Exp4: Full CAMAD,ROC,13,0.006019563581640331,0.15476190476190477,0.7870240211486816
Exp4: Full CAMAD,ROC,14,0.006019563581640331,0.21428571428571427,0.7590835690498352
Exp4: Full CAMAD,ROC,15,0.006772009029345372,0.21428571428571427,0.7480312585830688
Exp4: Full CAMAD,ROC,16,0.006772009029345372,0.22023809523809523,0.7448142170906067
Exp4: Full CAMAD,ROC,17,0.008276899924755455,0.22023809523809523,0.7334899306297302
Exp4: Full CAMAD,ROC,18,0.008276899924755455,0.23214285714285715,0.7269516587257385
Exp4: Full CAMAD,ROC,19,0.009029345372460496,0.23214285714285715,0.7264631390571594
Exp4: Full CAMAD,ROC,20,0.009029345372460496,0.24404761904761904,0.7238009572029114
Exp4: Full CAMAD,ROC,21,0.009781790820165538,0.24404761904761904,0.7197850346565247
Exp4: Full CAMAD,ROC,22,0.009781790820165538,0.2619047619047619,0.7098106741905212
Exp4: Full CAMAD,ROC,23,0.011286681715575621,0.2619047619047619,0.7068583369255066
Exp4: Full CAMAD,ROC,24,0.011286681715575621,0.2916666666666667,0.7024105787277222
Exp4: Full CAMAD,ROC,25,0.012791572610985704,0.2916666666666667,0.7011431455612183
Exp4: Full CAMAD,ROC,26,0.012791572610985704,0.30357142857142855,0.6943227052688599
Exp4: Full CAMAD,ROC,27,0.013544018058690745,0.30357142857142855,0.6890996098518372
Exp4: Full CAMAD,ROC,28,0.013544018058690745,0.31547619047619047,0.6792904138565063
Exp4: Full CAMAD,ROC,29,0.014296463506395787,0.31547619047619047,0.6778961420059204
Exp4: Full CAMAD,ROC,30,0.014296463506395787,0.3273809523809524,0.6669517159461975
Exp4: Full CAMAD,ROC,31,0.01655379984951091,0.3273809523809524,0.659725546836853
Exp4: Full CAMAD,ROC,32,0.01655379984951091,0.4166666666666667,0.6167973279953003
Exp4: Full CAMAD,ROC,33,0.01730624529721595,0.4166666666666667,0.6123781800270081
Exp4: Full CAMAD,ROC,34,0.01730624529721595,0.4226190476190476,0.6113054156303406
Exp4: Full CAMAD,ROC,35,0.01805869074492099,0.4226190476190476,0.6066206097602844
Exp4: Full CAMAD,ROC,36,0.01805869074492099,0.43452380952380953,0.6045415997505188
Exp4: Full CAMAD,ROC,37,0.018811136192626036,0.43452380952380953,0.6001805067062378
Exp4: Full CAMAD,ROC,38,0.018811136192626036,0.47023809523809523,0.5720236301422119
Exp4: Full CAMAD,ROC,39,0.020316027088036117,0.47023809523809523,0.5619887709617615
Exp4: Full CAMAD,ROC,40,0.020316027088036117,0.47619047619047616,0.5618515610694885
Exp4: Full CAMAD,ROC,41,0.021068472535741158,0.47619047619047616,0.5596856474876404
Exp4: Full CAMAD,ROC,42,0.021068472535741158,0.48214285714285715,0.5595187544822693
Exp4: Full CAMAD,ROC,43,0.0218209179834462,0.48214285714285715,0.5565014481544495
Exp4: Full CAMAD,ROC,44,0.0218209179834462,0.4880952380952381,0.5539983510971069
Exp4: Full CAMAD,ROC,45,0.022573363431151242,0.4880952380952381,0.5517850518226624
Exp4: Full CAMAD,ROC,46,0.022573363431151242,0.5,0.547335684299469
Exp4: Full CAMAD,ROC,47,0.024830699774266364,0.5,0.5390881896018982
Exp4: Full CAMAD,ROC,48,0.024830699774266364,0.5238095238095238,0.5328047275543213
Exp4: Full CAMAD,ROC,49,0.025583145221971408,0.5238095238095238,0.5252012610435486
Exp4: Full CAMAD,ROC,50,0.025583145221971408,0.5297619047619048,0.5238375663757324
Exp4: Full CAMAD,ROC,51,0.028592927012791574,0.5297619047619048,0.5127488374710083
Exp4: Full CAMAD,ROC,52,0.028592927012791574,0.5535714285714286,0.5091196298599243
Exp4: Full CAMAD,ROC,53,0.030097817908201655,0.5535714285714286,0.5039893984794617
Exp4: Full CAMAD,ROC,54,0.030097817908201655,0.5595238095238095,0.4979073703289032
Exp4: Full CAMAD,ROC,55,0.030850263355906696,0.5595238095238095,0.49632614850997925
Exp4: Full CAMAD,ROC,56,0.030850263355906696,0.5654761904761905,0.49574947357177734
Exp4: Full CAMAD,ROC,57,0.033860045146726865,0.5654761904761905,0.49056529998779297
Exp4: Full CAMAD,ROC,58,0.033860045146726865,0.5714285714285714,0.4796188473701477
Exp4: Full CAMAD,ROC,59,0.0346124905944319,0.5714285714285714,0.47839224338531494
Exp4: Full CAMAD,ROC,60,0.0346124905944319,0.5773809523809523,0.47708410024642944
Exp4: Full CAMAD,ROC,61,0.03686982693754703,0.5773809523809523,0.4706512987613678
Exp4: Full CAMAD,ROC,62,0.03686982693754703,0.5833333333333334,0.46867313981056213
Exp4: Full CAMAD,ROC,63,0.03837471783295711,0.5833333333333334,0.467893123626709
Exp4: Full CAMAD,ROC,64,0.03837471783295711,0.5892857142857143,0.46770307421684265
Exp4: Full CAMAD,ROC,65,0.03912716328066215,0.5892857142857143,0.46685922145843506
Exp4: Full CAMAD,ROC,66,0.03912716328066215,0.5952380952380952,0.46617650985717773
Exp4: Full CAMAD,ROC,67,0.0398796087283672,0.5952380952380952,0.46557608246803284
Exp4: Full CAMAD,ROC,68,0.0398796087283672,0.6011904761904762,0.46262288093566895
Exp4: Full CAMAD,ROC,69,0.042136945071482315,0.6011904761904762,0.4583452045917511
Exp4: Full CAMAD,ROC,70,0.042136945071482315,0.6071428571428571,0.45831599831581116
Exp4: Full CAMAD,ROC,71,0.0436418359668924,0.6071428571428571,0.45005330443382263
Exp4: Full CAMAD,ROC,72,0.0436418359668924,0.6130952380952381,0.4492534101009369
Exp4: Full CAMAD,ROC,73,0.04890895410082769,0.6130952380952381,0.4372033178806305
Exp4: Full CAMAD,ROC,74,0.04890895410082769,0.6190476190476191,0.4363245368003845
Exp4: Full CAMAD,ROC,75,0.051166290443942816,0.6190476190476191,0.431302547454834
Exp4: Full CAMAD,ROC,76,0.051166290443942816,0.625,0.42910587787628174
Exp4: Full CAMAD,ROC,77,0.05191873589164785,0.625,0.42274823784828186
Exp4: Full CAMAD,ROC,78,0.05191873589164785,0.6309523809523809,0.4226820468902588
Exp4: Full CAMAD,ROC,79,0.0526711813393529,0.6309523809523809,0.422598272562027
Exp4: Full CAMAD,ROC,80,0.0526711813393529,0.6369047619047619,0.42259299755096436
Exp4: Full CAMAD,ROC,81,0.056433408577878104,0.6369047619047619,0.40962475538253784
Exp4: Full CAMAD,ROC,82,0.056433408577878104,0.6488095238095238,0.40794914960861206
Exp4: Full CAMAD,ROC,83,0.057938299473288185,0.6488095238095238,0.40330392122268677
Exp4: Full CAMAD,ROC,84,0.057938299473288185,0.6547619047619048,0.4024990499019623
Exp4: Full CAMAD,ROC,85,0.06320541760722348,0.6547619047619048,0.39324507117271423
Exp4: Full CAMAD,ROC,86,0.06320541760722348,0.6607142857142857,0.3926486670970917
Exp4: Full CAMAD,ROC,87,0.06696764484574869,0.6607142857142857,0.38637834787368774
Exp4: Full CAMAD,ROC,88,0.06696764484574869,0.6666666666666666,0.38433656096458435
Exp4: Full CAMAD,ROC,89,0.0692249811888638,0.6666666666666666,0.3803379237651825
Exp4: Full CAMAD,ROC,90,0.0692249811888638,0.6726190476190477,0.37877967953681946
Exp4: Full CAMAD,ROC,91,0.07072987208427389,0.6726190476190477,0.37727585434913635
Exp4: Full CAMAD,ROC,92,0.07072987208427389,0.6785714285714286,0.3770098388195038
Exp4: Full CAMAD,ROC,93,0.07373965387509406,0.6785714285714286,0.37051624059677124
Exp4: Full CAMAD,ROC,94,0.07373965387509406,0.6845238095238095,0.36928224563598633
Exp4: Full CAMAD,ROC,95,0.0744920993227991,0.6845238095238095,0.36644378304481506
Exp4: Full CAMAD,ROC,96,0.0744920993227991,0.6964285714285714,0.36586275696754456
Exp4: Full CAMAD,ROC,97,0.07524454477050414,0.6964285714285714,0.36237233877182007
Exp4: Full CAMAD,ROC,98,0.07524454477050414,0.7023809523809523,0.361641526222229
Exp4: Full CAMAD,ROC,99,0.07900677200902935,0.7023809523809523,0.35849252343177795
Exp4: Full CAMAD,ROC,100,0.07900677200902935,0.7083333333333334,0.3582570254802704
Exp4: Full CAMAD,ROC,101,0.08051166290443942,0.7083333333333334,0.354671448469162
Exp4: Full CAMAD,ROC,102,0.08051166290443942,0.7202380952380952,0.3513745367527008
Exp4: Full CAMAD,ROC,103,0.08653122648607976,0.7202380952380952,0.34561142325401306
Exp4: Full CAMAD,ROC,104,0.08653122648607976,0.7261904761904762,0.34529268741607666
Exp4: Full CAMAD,ROC,105,0.08803611738148984,0.7261904761904762,0.344918429851532
Exp4: Full CAMAD,ROC,106,0.08803611738148984,0.7321428571428571,0.34455645084381104
Exp4: Full CAMAD,ROC,107,0.08878856282919488,0.7321428571428571,0.34208929538726807
Exp4: Full CAMAD,ROC,108,0.08878856282919488,0.7380952380952381,0.34169793128967285
Exp4: Full CAMAD,ROC,109,0.09405568096313018,0.7380952380952381,0.3356176018714905
Exp4: Full CAMAD,ROC,110,0.09405568096313018,0.7440476190476191,0.33436280488967896
Exp4: Full CAMAD,ROC,111,0.09556057185854025,0.7440476190476191,0.33375078439712524
Exp4: Full CAMAD,ROC,112,0.09556057185854025,0.75,0.3331606090068817
Exp4: Full CAMAD,ROC,113,0.10233258088788563,0.75,0.32633310556411743
Exp4: Full CAMAD,ROC,114,0.10233258088788563,0.7559523809523809,0.3262174129486084
Exp4: Full CAMAD,ROC,115,0.1038374717832957,0.7559523809523809,0.3236251771450043
Exp4: Full CAMAD,ROC,116,0.1038374717832957,0.7619047619047619,0.3224410116672516
Exp4: Full CAMAD,ROC,117,0.11060948081264109,0.7619047619047619,0.3134424686431885
Exp4: Full CAMAD,ROC,118,0.11060948081264109,0.7678571428571429,0.3122093677520752
Exp4: Full CAMAD,ROC,119,0.11136192626034612,0.7678571428571429,0.3119337558746338
Exp4: Full CAMAD,ROC,120,0.11136192626034612,0.7738095238095238,0.31037840247154236
Exp4: Full CAMAD,ROC,121,0.11662904439428141,0.7738095238095238,0.30512535572052
Exp4: Full CAMAD,ROC,122,0.11662904439428141,0.7797619047619048,0.30510038137435913
Exp4: Full CAMAD,ROC,123,0.1181339352896915,0.7797619047619048,0.3016508221626282
Exp4: Full CAMAD,ROC,124,0.1181339352896915,0.7857142857142857,0.30059897899627686
Exp4: Full CAMAD,ROC,125,0.11888638073739653,0.7857142857142857,0.2983470857143402
Exp4: Full CAMAD,ROC,126,0.11888638073739653,0.7916666666666666,0.2971785068511963
Exp4: Full CAMAD,ROC,127,0.12641083521444696,0.7916666666666666,0.2892332077026367
Exp4: Full CAMAD,ROC,128,0.12641083521444696,0.7976190476190477,0.2883428931236267
Exp4: Full CAMAD,ROC,129,0.13167795334838225,0.7976190476190477,0.28226402401924133
Exp4: Full CAMAD,ROC,130,0.13167795334838225,0.8035714285714286,0.2809812128543854
Exp4: Full CAMAD,ROC,131,0.13544018058690746,0.8035714285714286,0.27225568890571594
Exp4: Full CAMAD,ROC,132,0.13544018058690746,0.8154761904761905,0.271260529756546
Exp4: Full CAMAD,ROC,133,0.15349887133182843,0.8154761904761905,0.25748106837272644
Exp4: Full CAMAD,ROC,134,0.15349887133182843,0.8214285714285714,0.25711238384246826
Exp4: Full CAMAD,ROC,135,0.15500376222723852,0.8214285714285714,0.2556442618370056
Exp4: Full CAMAD,ROC,136,0.15500376222723852,0.8273809523809523,0.2548942565917969
Exp4: Full CAMAD,ROC,137,0.1595184349134688,0.8273809523809523,0.24933293461799622
Exp4: Full CAMAD,ROC,138,0.1595184349134688,0.8333333333333334,0.248928502202034
Exp4: Full CAMAD,ROC,139,0.1617757712565839,0.8333333333333334,0.24601063132286072
Exp4: Full CAMAD,ROC,140,0.1617757712565839,0.8392857142857143,0.24569134414196014
Exp4: Full CAMAD,ROC,141,0.17306245297215953,0.8392857142857143,0.22698061168193817
Exp4: Full CAMAD,ROC,142,0.17306245297215953,0.8452380952380952,0.22592492401599884
Exp4: Full CAMAD,ROC,143,0.18133935289691497,0.8452380952380952,0.21475592255592346
Exp4: Full CAMAD,ROC,144,0.18133935289691497,0.8511904761904762,0.21463941037654877
Exp4: Full CAMAD,ROC,145,0.1873589164785553,0.8511904761904762,0.21050362288951874
Exp4: Full CAMAD,ROC,146,0.1873589164785553,0.8571428571428571,0.21048995852470398
Exp4: Full CAMAD,ROC,147,0.19036869826937547,0.8571428571428571,0.20813441276550293
Exp4: Full CAMAD,ROC,148,0.19036869826937547,0.8630952380952381,0.2075890749692917
Exp4: Full CAMAD,ROC,149,0.21519939804364183,0.8630952380952381,0.17769652605056763
Exp4: Full CAMAD,ROC,150,0.21519939804364183,0.8690476190476191,0.17675195634365082
Exp4: Full CAMAD,ROC,151,0.21595184349134688,0.8690476190476191,0.17629681527614594
Exp4: Full CAMAD,ROC,152,0.21595184349134688,0.8809523809523809,0.1746079921722412
Exp4: Full CAMAD,ROC,153,0.21896162528216703,0.8809523809523809,0.17303965985774994
Exp4: Full CAMAD,ROC,154,0.21896162528216703,0.8869047619047619,0.1720391809940338
Exp4: Full CAMAD,ROC,155,0.2234762979683973,0.8869047619047619,0.1653413623571396
Exp4: Full CAMAD,ROC,156,0.2234762979683973,0.8928571428571429,0.16500641405582428
Exp4: Full CAMAD,ROC,157,0.236267870579383,0.8928571428571429,0.1517076939344406
Exp4: Full CAMAD,ROC,158,0.236267870579383,0.8988095238095238,0.151498943567276
Exp4: Full CAMAD,ROC,159,0.24604966139954854,0.8988095238095238,0.14253689348697662
Exp4: Full CAMAD,ROC,160,0.24604966139954854,0.9107142857142857,0.14210835099220276
Exp4: Full CAMAD,ROC,161,0.24830699774266365,0.9107142857142857,0.14080588519573212
Exp4: Full CAMAD,ROC,162,0.24830699774266365,0.9166666666666666,0.140738382935524
Exp4: Full CAMAD,ROC,163,0.2693754702784048,0.9166666666666666,0.12501007318496704
Exp4: Full CAMAD,ROC,164,0.2693754702784048,0.9226190476190477,0.12487798184156418
Exp4: Full CAMAD,ROC,165,0.29194883370955604,0.9226190476190477,0.11163365840911865
Exp4: Full CAMAD,ROC,166,0.29194883370955604,0.9285714285714286,0.11153505742549896
Exp4: Full CAMAD,ROC,167,0.3002257336343115,0.9285714285714286,0.10616273432970047
Exp4: Full CAMAD,ROC,168,0.3002257336343115,0.9345238095238095,0.10567989200353622
Exp4: Full CAMAD,ROC,169,0.31677953348382243,0.9345238095238095,0.09641547501087189
Exp4: Full CAMAD,ROC,170,0.31677953348382243,0.9404761904761905,0.09600145369768143
Exp4: Full CAMAD,ROC,171,0.3295711060948081,0.9404761904761905,0.09039416164159775
Exp4: Full CAMAD,ROC,172,0.3295711060948081,0.9523809523809523,0.08887206017971039
Exp4: Full CAMAD,ROC,173,0.36343115124153497,0.9523809523809523,0.07444631308317184
Exp4: Full CAMAD,ROC,174,0.3649360421369451,0.9523809523809523,0.07419023662805557
Exp4: Full CAMAD,ROC,175,0.36644093303235514,0.9523809523809523,0.07403261214494705
Exp4: Full CAMAD,ROC,176,0.36644093303235514,0.9583333333333334,0.07272686064243317
Exp4: Full CAMAD,ROC,177,0.3942814145974417,0.9583333333333334,0.06206362321972847
Exp4: Full CAMAD,ROC,178,0.3942814145974417,0.9642857142857143,0.06196780502796173
Exp4: Full CAMAD,ROC,179,0.4078254326561324,0.9642857142857143,0.055589474737644196
Exp4: Full CAMAD,ROC,180,0.4078254326561324,0.9702380952380952,0.055547915399074554
Exp4: Full CAMAD,ROC,181,0.4236267870579383,0.9702380952380952,0.051277775317430496
Exp4: Full CAMAD,ROC,182,0.4236267870579383,0.9761904761904762,0.051172494888305664
Exp4: Full CAMAD,ROC,183,0.4635063957863055,0.9761904761904762,0.03879227861762047
Exp4: Full CAMAD,ROC,184,0.4635063957863055,0.9821428571428571,0.03778975456953049
Exp4: Full CAMAD,ROC,185,0.49435665914221216,0.9821428571428571,0.030429916456341743
Exp4: Full CAMAD,ROC,186,0.49435665914221216,0.9880952380952381,0.030404722318053246
Exp4: Full CAMAD,ROC,187,0.5169300225733634,0.9880952380952381,0.026947086676955223
Exp4: Full CAMAD,ROC,188,0.5169300225733634,0.9940476190476191,0.02677510865032673
Exp4: Full CAMAD,ROC,189,0.7554552294958615,0.9940476190476191,0.005056839436292648
Exp4: Full CAMAD,ROC,190,0.7554552294958615,1.0,0.005052443128079176
Exp4: Full CAMAD,ROC,191,1.0,1.0,1.493215313530527e-05
Exp4: Full CAMAD,PR,0,1.0,0.11222444889779559,1.493215313530527e-05
Exp4: Full CAMAD,PR,1,1.0,0.11229946524064172,3.4427077480359e-05
Exp4: Full CAMAD,PR,2,1.0,0.11237458193979934,3.6591307434719056e-05
Exp4: Full CAMAD,PR,3,1.0,0.11244979919678715,6.026067421771586e-05
Exp4: Full CAMAD,PR,4,1.0,0.11252511721366376,6.572154234163463e-05
Exp4: Full CAMAD,PR,5,1.0,0.1126005361930295,7.464476220775396e-05
Exp4: Full CAMAD,PR,6,1.0,0.11267605633802817,7.899491902207956e-05
Exp4: Full CAMAD,PR,7,1.0,0.11275167785234899,9.272489114664495e-05
Exp4: Full CAMAD,PR,8,1.0,0.11282740094022835,9.645253157941625e-05
Exp4: Full CAMAD,PR,9,1.0,0.11290322580645161,9.677375783212483e-05
Exp4: Full CAMAD,PR,10,1.0,0.11297915265635508,0.0001745942427078262
Exp4: Full CAMAD,PR,11,1.0,0.11305518169582772,0.00017639805446378887
Exp4: Full CAMAD,PR,12,1.0,0.11313131313131314,0.0002086883905576542
Exp4: Full CAMAD,PR,13,1.0,0.11320754716981132,0.0002142881421605125
Exp4: Full CAMAD,PR,14,1.0,0.11328388401888065,0.0002212169929407537
Exp4: Full CAMAD,PR,15,1.0,0.11336032388663968,0.00022516406897921115
Exp4: Full CAMAD,PR,16,1.0,0.11343686698176908,0.0002287982206325978
Exp4: Full CAMAD,PR,17,1.0,0.11351351351351352,0.00023628026247024536
Exp4: Full CAMAD,PR,18,1.0,0.11359026369168357,0.00024271698202937841
Exp4: Full CAMAD,PR,19,1.0,0.11366711772665765,0.0002545548777561635
Exp4: Full CAMAD,PR,20,1.0,0.11374407582938388,0.00027019879780709743
Exp4: Full CAMAD,PR,21,1.0,0.11382113821138211,0.00028865199419669807
Exp4: Full CAMAD,PR,22,1.0,0.11389830508474576,0.0002999439020641148
Exp4: Full CAMAD,PR,23,1.0,0.11397557666214382,0.0003016837581526488
Exp4: Full CAMAD,PR,24,1.0,0.11405295315682282,0.00031250531901605427
Exp4: Full CAMAD,PR,25,1.0,0.11413043478260869,0.0003287827712483704
Exp4: Full CAMAD,PR,26,1.0,0.1142080217539089,0.00033301141229458153
Exp4: Full CAMAD,PR,27,1.0,0.11428571428571428,0.0003425608156248927
Exp4: Full CAMAD,PR,28,1.0,0.11436351259360109,0.0003448124334681779
Exp4: Full CAMAD,PR,29,1.0,0.11444141689373297,0.00034941904596053064
Exp4: Full CAMAD,PR,30,1.0,0.11451942740286299,0.0003646831901278347
Exp4: Full CAMAD,PR,31,1.0,0.1145975443383356,0.00036937365075573325
Exp4: Full CAMAD,PR,32,1.0,0.11467576791808874,0.00037091883132234216
Exp4: Full CAMAD,PR,33,1.0,0.11475409836065574,0.0003710644959937781
Exp4: Full CAMAD,PR,34,1.0,0.11483253588516747,0.00037790750502608716
Exp4: Full CAMAD,PR,35,1.0,0.11491108071135431,0.00039714438025839627
Exp4: Full CAMAD,PR,36,1.0,0.11498973305954825,0.00040153649752028286
Exp4: Full CAMAD,PR,37,1.0,0.11506849315068493,0.0004170485772192478
Exp4: Full CAMAD,PR,38,1.0,0.11514736120630568,0.0004275956016499549
Exp4: Full CAMAD,PR,39,1.0,0.11522633744855967,0.00044934675679542124
Exp4: Full CAMAD,PR,40,1.0,0.1153054221002059,0.0004527495475485921
Exp4: Full CAMAD,PR,41,1.0,0.11538461538461539,0.0004537880595307797
Exp4: Full CAMAD,PR,42,1.0,0.1154639175257732,0.00046423159074038267
Exp4: Full CAMAD,PR,43,1.0,0.1155433287482806,0.0004753661633003503
Exp4: Full CAMAD,PR,44,1.0,0.11562284927735719,0.0004759008588735014
Exp4: Full CAMAD,PR,45,1.0,0.11570247933884298,0.0004843993519898504
Exp4: Full CAMAD,PR,46,1.0,0.11578221915920055,0.000511020130943507
Exp4: Full CAMAD,PR,47,1.0,0.11586206896551725,0.0005340014467947185
Exp4: Full CAMAD,PR,48,1.0,0.11594202898550725,0.0005687002558261156
Exp4: Full CAMAD,PR,49,1.0,0.11602209944751381,0.0005703371134586632
Exp4: Full CAMAD,PR,50,1.0,0.1161022805805114,0.0005824666586704552
Exp4: Full CAMAD,PR,51,1.0,0.11618257261410789,0.0005887083243578672
Exp4: Full CAMAD,PR,52,1.0,0.11626297577854672,0.0005926556186750531
Exp4: Full CAMAD,PR,53,1.0,0.11634349030470914,0.0006018843268975616
Exp4: Full CAMAD,PR,54,1.0,0.11642411642411643,0.0006253370665945113
Exp4: Full CAMAD,PR,55,1.0,0.11650485436893204,0.0006325641879811883
Exp4: Full CAMAD,PR,56,1.0,0.11658570437196392,0.0006347906892187893
Exp4: Full CAMAD,PR,57,1.0,0.11666666666666667,0.000650104833766818
Exp4: Full CAMAD,PR,58,1.0,0.11674774148714386,0.0006542953196913004
Exp4: Full CAMAD,PR,59,1.0,0.1168289290681502,0.0006569413235411048
Exp4: Full CAMAD,PR,60,1.0,0.11691022964509394,0.0006650883005931973
Exp4: Full CAMAD,PR,61,1.0,0.116991643454039,0.000678888987749815
Exp4: Full CAMAD,PR,62,1.0,0.11707317073170732,0.0007156513165682554
Exp4: Full CAMAD,PR,63,1.0,0.11715481171548117,0.0007434442522935569
Exp4: Full CAMAD,PR,64,1.0,0.11723656664340544,0.0007449007825925946
Exp4: Full CAMAD,PR,65,1.0,0.11731843575418995,0.0007467342657037079
Exp4: Full CAMAD,PR,66,1.0,0.11740041928721175,0.0007555051706731319
Exp4: Full CAMAD,PR,67,1.0,0.11748251748251748,0.0007611767505295575
Exp4: Full CAMAD,PR,68,1.0,0.11756473058082575,0.0007818337762728333
Exp4: Full CAMAD,PR,69,1.0,0.11764705882352941,0.000786410178989172
Exp4: Full CAMAD,PR,70,1.0,0.11772950245269796,0.0007874089642427862
Exp4: Full CAMAD,PR,71,1.0,0.11781206171107994,0.000789028184954077
Exp4: Full CAMAD,PR,72,1.0,0.11789473684210526,0.000802951049990952
Exp4: Full CAMAD,PR,73,1.0,0.11797752808988764,0.0008051951881498098
Exp4: Full CAMAD,PR,74,1.0,0.11806043569922699,0.0008282152120955288
Exp4: Full CAMAD,PR,75,1.0,0.11814345991561181,0.0008287129458039999
Exp4: Full CAMAD,PR,76,1.0,0.11822660098522167,0.000833229161798954
Exp4: Full CAMAD,PR,77,1.0,0.11830985915492957,0.0008379137725569308
Exp4: Full CAMAD,PR,78,1.0,0.11839323467230443,0.0008660939638502896
Exp4: Full CAMAD,PR,79,1.0,0.11847672778561354,0.0008741014753468335
Exp4: Full CAMAD,PR,80,1.0,0.11856033874382499,0.0008887744043022394
Exp4: Full CAMAD,PR,81,1.0,0.11864406779661017,0.0008898910018615425
Exp4: Full CAMAD,PR,82,1.0,0.11872791519434629,0.0008929310133680701
Exp4: Full CAMAD,PR,83,1.0,0.1188118811881188,0.0009052203386090696
Exp4: Full CAMAD,PR,84,1.0,0.11889596602972399,0.0009120275499299169
Exp4: Full CAMAD,PR,85,1.0,0.11898016997167139,0.0009250392904505134
Exp4: Full CAMAD,PR,86,1.0,0.11906449326718639,0.0009434886160306633
Exp4: Full CAMAD,PR,87,1.0,0.11914893617021277,0.000967423606198281
Exp4: Full CAMAD,PR,88,1.0,0.11923349893541518,0.0009733312181197107
Exp4: Full CAMAD,PR,89,1.0,0.11931818181818182,0.000991565058939159
Exp4: Full CAMAD,PR,90,1.0,0.11940298507462686,0.0009956905851140618
Exp4: Full CAMAD,PR,91,1.0,0.11948790896159317,0.00101420225109905
Exp4: Full CAMAD,PR,92,1.0,0.1195729537366548,0.0010350476950407028
Exp4: Full CAMAD,PR,93,1.0,0.11965811965811966,0.0010705454042181373
Exp4: Full CAMAD,PR,94,1.0,0.11974340698503208,0.0011072559282183647
Exp4: Full CAMAD,PR,95,1.0,0.11982881597717546,0.0011107781901955605
Exp4: Full CAMAD,PR,96,1.0,0.11991434689507495,0.0011157994158565998
Exp4: Full CAMAD,PR,97,1.0,0.12,0.0011232186807319522
Exp4: Full CAMAD,PR,98,1.0,0.12008577555396711,0.0011240197345614433
Exp4: Full CAMAD,PR,99,1.0,0.12017167381974249,0.0011271119583398104
Exp4: Full CAMAD,PR,100,1.0,0.12025769506084466,0.0011296068551018834
Exp4: Full CAMAD,PR,101,1.0,0.12034383954154727,0.0011403250973671675
Exp4: Full CAMAD,PR,102,1.0,0.12043010752688173,0.0011629658984020352
Exp4: Full CAMAD,PR,103,1.0,0.12051649928263988,0.0011749624973163009
Exp4: Full CAMAD,PR,104,1.0,0.12060301507537688,0.00118748948443681
Exp4: Full CAMAD,PR,105,1.0,0.1206896551724138,0.0011937732342630625
Exp4: Full CAMAD,PR,106,1.0,0.1207764198418404,0.001205097301863134
Exp4: Full CAMAD,PR,107,1.0,0.12086330935251799,0.0012068249052390456
Exp4: Full CAMAD,PR,108,1.0,0.12095032397408208,0.0012091550743207335
Exp4: Full CAMAD,PR,109,1.0,0.12103746397694524,0.0012454403331503272
Exp4: Full CAMAD,PR,110,1.0,0.12112472963229992,0.0012457807315513492
Exp4: Full CAMAD,PR,111,1.0,0.12121212121212122,0.0012472240487113595
Exp4: Full CAMAD,PR,112,1.0,0.12129963898916968,0.001253177528269589
Exp4: Full CAMAD,PR,113,1.0,0.12138728323699421,0.0012623138027265668
Exp4: Full CAMAD,PR,114,1.0,0.12147505422993492,0.0012681796215474606
Exp4: Full CAMAD,PR,115,1.0,0.12156295224312591,0.0012726291315630078
Exp4: Full CAMAD,PR,116,1.0,0.1216509775524982,0.0012957260478287935
Exp4: Full CAMAD,PR,117,1.0,0.12173913043478261,0.0013021794147789478
Exp4: Full CAMAD,PR,118,1.0,0.1218274111675127,0.0013034676667302847
Exp4: Full CAMAD,PR,119,1.0,0.12191582002902758,0.001303924829699099
Exp4: Full CAMAD,PR,120,1.0,0.12200435729847495,0.001306299353018403
Exp4: Full CAMAD,PR,121,1.0,0.12209302325581395,0.0013254525838419795
Exp4: Full CAMAD,PR,122,1.0,0.12218181818181818,0.0013328593922778964
Exp4: Full CAMAD,PR,123,1.0,0.1222707423580786,0.0013456454034894705
Exp4: Full CAMAD,PR,124,1.0,0.12235979606700656,0.0013482943177223206
Exp4: Full CAMAD,PR,125,1.0,0.12244897959183673,0.0013643072452396154
Exp4: Full CAMAD,PR,126,1.0,0.12253829321663019,0.0013691128697246313
Exp4: Full CAMAD,PR,127,1.0,0.12262773722627737,0.00138437922578305
Exp4: Full CAMAD,PR,128,1.0,0.12271731190650109,0.0014028429286554456
Exp4: Full CAMAD,PR,129,1.0,0.12280701754385964,0.0014411763986572623
Exp4: Full CAMAD,PR,130,1.0,0.12289685442574981,0.001452634227462113
Exp4: Full CAMAD,PR,131,1.0,0.12298682284040996,0.0014657784486189485
Exp4: Full CAMAD,PR,132,1.0,0.12307692307692308,0.00147200096398592
Exp4: Full CAMAD,PR,133,1.0,0.12316715542521994,0.001489166752435267
Exp4: Full CAMAD,PR,134,1.0,0.12325752017608217,0.0014954026555642486
Exp4: Full CAMAD,PR,135,1.0,0.12334801762114538,0.0014962884597480297
Exp4: Full CAMAD,PR,136,1.0,0.12343864805290228,0.001513064606115222
Exp4: Full CAMAD,PR,137,1.0,0.12352941176470589,0.0015154472785070539
Exp4: Full CAMAD,PR,138,1.0,0.12362030905077263,0.0015508260112255812
Exp4: Full CAMAD,PR,139,1.0,0.12371134020618557,0.0015523406909778714
Exp4: Full CAMAD,PR,140,1.0,0.12380250552689757,0.0015524885384365916
Exp4: Full CAMAD,PR,141,1.0,0.12389380530973451,0.0015685494290664792
Exp4: Full CAMAD,PR,142,1.0,0.12398523985239852,0.0015727082500234246
Exp4: Full CAMAD,PR,143,1.0,0.1240768094534712,0.001573987421579659
Exp4: Full CAMAD,PR,144,1.0,0.12416851441241686,0.0015750493621453643
Exp4: Full CAMAD,PR,145,1.0,0.1242603550295858,0.0015794944483786821
Exp4: Full CAMAD,PR,146,1.0,0.12435233160621761,0.0015876194229349494
Exp4: Full CAMAD,PR,147,1.0,0.12444444444444444,0.0015884075546637177
Exp4: Full CAMAD,PR,148,1.0,0.1245366938472943,0.0016218830132856965
Exp4: Full CAMAD,PR,149,1.0,0.12462908011869436,0.0016334627289324999
Exp4: Full CAMAD,PR,150,1.0,0.12472160356347439,0.0016350431833416224
Exp4: Full CAMAD,PR,151,1.0,0.12481426448736999,0.0016534378519281745
Exp4: Full CAMAD,PR,152,1.0,0.12490706319702602,0.0016610791208222508
Exp4: Full CAMAD,PR,153,1.0,0.125,0.0016645522555336356
Exp4: Full CAMAD,PR,154,1.0,0.12509307520476545,0.0016769923968240619
Exp4: Full CAMAD,PR,155,1.0,0.12518628912071536,0.0016805501654744148
Exp4: Full CAMAD,PR,156,1.0,0.12527964205816555,0.0016813494730740786
Exp4: Full CAMAD,PR,157,1.0,0.1253731343283582,0.0016875051660463214
Exp4: Full CAMAD,PR,158,1.0,0.12546676624346528,0.0016932373400777578
Exp4: Full CAMAD,PR,159,1.0,0.12556053811659193,0.0016932610888034105
Exp4: Full CAMAD,PR,160,1.0,0.1256544502617801,0.0017166092293336987
Exp4: Full CAMAD,PR,161,1.0,0.12574850299401197,0.0017341746715828776
Exp4: Full CAMAD,PR,162,1.0,0.1258426966292135,0.0017422032542526722
Exp4: Full CAMAD,PR,163,1.0,0.12593703148425786,0.001780032180249691
Exp4: Full CAMAD,PR,164,1.0,0.12603150787696923,0.0018169101094827056
Exp4: Full CAMAD,PR,165,1.0,0.12612612612612611,0.0018219498451799154
Exp4: Full CAMAD,PR,166,1.0,0.12622088655146507,0.0018260510405525565
Exp4: Full CAMAD,PR,167,1.0,0.12631578947368421,0.0018651982536539435
Exp4: Full CAMAD,PR,168,1.0,0.12641083521444696,0.001872760709375143
Exp4: Full CAMAD,PR,169,1.0,0.12650602409638553,0.0018769296584650874
Exp4: Full CAMAD,PR,170,1.0,0.12660135644310475,0.001886062091216445
Exp4: Full CAMAD,PR,171,1.0,0.12669683257918551,0.0018955375999212265
Exp4: Full CAMAD,PR,172,1.0,0.12679245283018867,0.001933719147928059
Exp4: Full CAMAD,PR,173,1.0,0.1268882175226586,0.001943564391694963
Exp4: Full CAMAD,PR,174,1.0,0.12698412698412698,0.0019442779012024403
Exp4: Full CAMAD,PR,175,1.0,0.12708018154311648,0.001959072658792138
Exp4: Full CAMAD,PR,176,1.0,0.1271763815291446,0.0020006983540952206
Exp4: Full CAMAD,PR,177,1.0,0.12727272727272726,0.0020036734640598297
Exp4: Full CAMAD,PR,178,1.0,0.12736921910538287,0.00203853752464056
Exp4: Full CAMAD,PR,179,1.0,0.1274658573596358,0.0020568817853927612
Exp4: Full CAMAD,PR,180,1.0,0.1275626423690205,0.002084038220345974
Exp4: Full CAMAD,PR,181,1.0,0.1276595744680851,0.0021061787847429514
Exp4: Full CAMAD,PR,182,1.0,0.12775665399239544,0.0021114253904670477
Exp4: Full CAMAD,PR,183,1.0,0.1278538812785388,0.0021311489399522543
Exp4: Full CAMAD,PR,184,1.0,0.12795125666412796,0.002163165947422385
Exp4: Full CAMAD,PR,185,1.0,0.12804878048780488,0.0022047979291528463
Exp4: Full CAMAD,PR,186,1.0,0.12814645308924486,0.0022210683673620224
Exp4: Full CAMAD,PR,187,1.0,0.1282442748091603,0.0022312661167234182
Exp4: Full CAMAD,PR,188,1.0,0.12834224598930483,0.0022593510802835226
Exp4: Full CAMAD,PR,189,1.0,0.12844036697247707,0.002259547123685479
Exp4: Full CAMAD,PR,190,1.0,0.12853863810252486,0.002268387470394373
Exp4: Full CAMAD,PR,191,1.0,0.12863705972434916,0.002270973054692149
Exp4: Full CAMAD,PR,192,1.0,0.12873563218390804,0.0022916418965905905
Exp4: Full CAMAD,PR,193,1.0,0.12883435582822086,0.00229508220218122
Exp4: Full CAMAD,PR,194,1.0,0.1289332310053722,0.002298976294696331
Exp4: Full CAMAD,PR,195,1.0,0.12903225806451613,0.0023330734111368656
Exp4: Full CAMAD,PR,196,1.0,0.1291314373558801,0.0023408224806189537
Exp4: Full CAMAD,PR,197,1.0,0.12923076923076923,0.00235516345128417
Exp4: Full CAMAD,PR,198,1.0,0.12933025404157045,0.002390683628618717
Exp4: Full CAMAD,PR,199,1.0,0.12942989214175654,0.002398948883637786
Exp4: Full CAMAD,PR,200,1.0,0.1295296838858905,0.0024336569476872683
Exp4: Full CAMAD,PR,201,1.0,0.12962962962962962,0.0024367677979171276
Exp4: Full CAMAD,PR,202,1.0,0.12972972972972974,0.002466463716700673
Exp4: Full CAMAD,PR,203,1.0,0.12982998454404945,0.002470851643010974
Exp4: Full CAMAD,PR,204,1.0,0.12993039443155452,0.0024737666826695204
Exp4: Full CAMAD,PR,205,1.0,0.13003095975232198,0.002500260714441538
Exp4: Full CAMAD,PR,206,1.0,0.13013168086754454,0.0025254585780203342
Exp4: Full CAMAD,PR,207,1.0,0.13023255813953488,0.002525768941268325
Exp4: Full CAMAD,PR,208,1.0,0.13033359193173003,0.00257290480658412
Exp4: Full CAMAD,PR,209,1.0,0.13043478260869565,0.0025794196408241987
Exp4: Full CAMAD,PR,210,1.0,0.13053613053613053,0.002585693495348096
Exp4: Full CAMAD,PR,211,1.0,0.13063763608087092,0.002605267334729433
Exp4: Full CAMAD,PR,212,1.0,0.13073929961089495,0.0026108366437256336
Exp4: Full CAMAD,PR,213,1.0,0.1308411214953271,0.002617952646687627
Exp4: Full CAMAD,PR,214,1.0,0.1309431021044427,0.002657470526173711
Exp4: Full CAMAD,PR,215,1.0,0.1310452418096724,0.0026676449924707413
Exp4: Full CAMAD,PR,216,1.0,0.13114754098360656,0.0026972340419888496
Exp4: Full CAMAD,PR,217,1.0,0.13125,0.0027980098966509104
Exp4: Full CAMAD,PR,218,1.0,0.1313526192337764,0.002806311473250389
Exp4: Full CAMAD,PR,219,1.0,0.13145539906103287,0.002812378341332078
Exp4: Full CAMAD,PR,220,1.0,0.13155833985904464,0.0028222189284861088
Exp4: Full CAMAD,PR,221,1.0,0.13166144200626959,0.002832172904163599
Exp4: Full CAMAD,PR,222,1.0,0.13176470588235295,0.0028811595402657986
Exp4: Full CAMAD,PR,223,1.0,0.13186813186813187,0.0028887379448860884
Exp4: Full CAMAD,PR,224,1.0,0.13197172034564023,0.0028961782809346914
Exp4: Full CAMAD,PR,225,1.0,0.1320754716981132,0.0028974192682653666
Exp4: Full CAMAD,PR,226,1.0,0.13217938630999213,0.0029109525494277477
Exp4: Full CAMAD,PR,227,1.0,0.13228346456692913,0.0029135174117982388
Exp4: Full CAMAD,PR,228,1.0,0.13238770685579196,0.0029233654495328665
Exp4: Full CAMAD,PR,229,1.0,0.13249211356466878,0.002930555259808898
Exp4: Full CAMAD,PR,230,1.0,0.13259668508287292,0.0029340528417378664
Exp4: Full CAMAD,PR,231,1.0,0.13270142180094788,0.002934494987130165
Exp4: Full CAMAD,PR,232,1.0,0.13280632411067195,0.002971309470012784
Exp4: Full CAMAD,PR,233,1.0,0.13291139240506328,0.0029785034712404013
Exp4: Full CAMAD,PR,234,1.0,0.1330166270783848,0.002996312454342842
Exp4: Full CAMAD,PR,235,1.0,0.13312202852614896,0.0030330612789839506
Exp4: Full CAMAD,PR,236,1.0,0.13322759714512292,0.0030510311480611563
Exp4: Full CAMAD,PR,237,1.0,0.13333333333333333,0.003051657695323229
Exp4: Full CAMAD,PR,238,1.0,0.13343923749007147,0.003057237481698394
Exp4: Full CAMAD,PR,239,1.0,0.13354531001589826,0.0030671933200210333
Exp4: Full CAMAD,PR,240,1.0,0.13365155131264916,0.0030956570990383625
Exp4: Full CAMAD,PR,241,1.0,0.1337579617834395,0.0031371205113828182
Exp4: Full CAMAD,PR,242,1.0,0.13386454183266933,0.003139347303658724
Exp4: Full CAMAD,PR,243,1.0,0.1339712918660287,0.0031680003739893436
Exp4: Full CAMAD,PR,244,1.0,0.1340782122905028,0.0031733312644064426
Exp4: Full CAMAD,PR,245,1.0,0.134185303514377,0.003209340386092663
Exp4: Full CAMAD,PR,246,1.0,0.1342925659472422,0.0032242632005363703
Exp4: Full CAMAD,PR,247,1.0,0.1344,0.0032325887586921453
Exp4: Full CAMAD,PR,248,1.0,0.1345076060848679,0.0032479173969477415
Exp4: Full CAMAD,PR,249,1.0,0.1346153846153846,0.003258708631619811
Exp4: Full CAMAD,PR,250,1.0,0.1347233360064154,0.0032718253787606955
Exp4: Full CAMAD,PR,251,1.0,0.1348314606741573,0.0033058880362659693
Exp4: Full CAMAD,PR,252,1.0,0.13493975903614458,0.0033204134088009596
Exp4: Full CAMAD,PR,253,1.0,0.13504823151125403,0.003322439733892679
Exp4: Full CAMAD,PR,254,1.0,0.13515687851971037,0.003330129897221923
Exp4: Full CAMAD,PR,255,1.0,0.13526570048309178,0.003343931632116437
Exp4: Full CAMAD,PR,256,1.0,0.13537469782433523,0.0033447800669819117
Exp4: Full CAMAD,PR,257,1.0,0.13548387096774195,0.003368509467691183
Exp4: Full CAMAD,PR,258,1.0,0.13559322033898305,0.0034487813245505095
Exp4: Full CAMAD,PR,259,1.0,0.13570274636510501,0.0034672433976083994
Exp4: Full CAMAD,PR,260,1.0,0.13581244947453516,0.0034733612556010485
Exp4: Full CAMAD,PR,261,1.0,0.13592233009708737,0.00347586115822196
Exp4: Full CAMAD,PR,262,1.0,0.1360323886639676,0.0034829985816031694
Exp4: Full CAMAD,PR,263,1.0,0.13614262560777957,0.00349525548517704
Exp4: Full CAMAD,PR,264,1.0,0.1362530413625304,0.0035352723207324743
Exp4: Full CAMAD,PR,265,1.0,0.13636363636363635,0.003540429752320051
Exp4: Full CAMAD,PR,266,1.0,0.1364744110479285,0.0035696697887033224
Exp4: Full CAMAD,PR,267,1.0,0.13658536585365855,0.0035885151010006666
Exp4: Full CAMAD,PR,268,1.0,0.13669650122050447,0.0035937954671680927
Exp4: Full CAMAD,PR,269,1.0,0.13680781758957655,0.003595221322029829
Exp4: Full CAMAD,PR,270,1.0,0.13691931540342298,0.003611082211136818
Exp4: Full CAMAD,PR,271,1.0,0.1370309951060359,0.003645965363830328
Exp4: Full CAMAD,PR,272,1.0,0.13714285714285715,0.0036607536021620035
Exp4: Full CAMAD,PR,273,1.0,0.13725490196078433,0.0036756398621946573
Exp4: Full CAMAD,PR,274,1.0,0.1373671300081766,0.003676672698929906
Exp4: Full CAMAD,PR,275,1.0,0.13747954173486088,0.0036871815100312233
Exp4: Full CAMAD,PR,276,1.0,0.1375921375921376,0.0037141377106308937
Exp4: Full CAMAD,PR,277,1.0,0.1377049180327869,0.0037164308596402407
Exp4: Full CAMAD,PR,278,1.0,0.13781788351107466,0.003726407652720809
Exp4: Full CAMAD,PR,279,1.0,0.13793103448275862,0.003731786273419857
Exp4: Full CAMAD,PR,280,1.0,0.13804437140509448,0.0037368678022176027
Exp4: Full CAMAD,PR,281,1.0,0.13815789473684212,0.0037470476236194372
Exp4: Full CAMAD,PR,282,1.0,0.1382716049382716,0.0037778588011860847
Exp4: Full CAMAD,PR,283,1.0,0.13838550247116968,0.003779590129852295
Exp4: Full CAMAD,PR,284,1.0,0.13849958779884583,0.003813838819041848
Exp4: Full CAMAD,PR,285,1.0,0.13861386138613863,0.003843862796202302
Exp4: Full CAMAD,PR,286,1.0,0.13872832369942195,0.003878710325807333
Exp4: Full CAMAD,PR,287,1.0,0.13884297520661157,0.003908995538949966
Exp4: Full CAMAD,PR,288,1.0,0.13895781637717122,0.003931270446628332
Exp4: Full CAMAD,PR,289,1.0,0.1390728476821192,0.003969558980315924
Exp4: Full CAMAD,PR,290,1.0,0.1391880695940348,0.0040117232128977776
Exp4: Full CAMAD,PR,291,1.0,0.13930348258706468,0.00402843439951539
Exp4: Full CAMAD,PR,292,1.0,0.13941908713692946,0.00403839536011219
Exp4: Full CAMAD,PR,293,1.0,0.13953488372093023,0.004049849696457386
Exp4: Full CAMAD,PR,294,1.0,0.1396508728179551,0.004068342037498951
Exp4: Full CAMAD,PR,295,1.0,0.13976705490848584,0.004096613731235266
Exp4: Full CAMAD,PR,296,1.0,0.1398834304746045,0.004123643971979618
Exp4: Full CAMAD,PR,297,1.0,0.14,0.004126476589590311
Exp4: Full CAMAD,PR,298,1.0,0.14011676396997497,0.004129559732973576
Exp4: Full CAMAD,PR,299,1.0,0.14023372287145242,0.004172002896666527
Exp4: Full CAMAD,PR,300,1.0,0.14035087719298245,0.00428426219150424
Exp4: Full CAMAD,PR,301,1.0,0.14046822742474915,0.004302582703530788
Exp4: Full CAMAD,PR,302,1.0,0.14058577405857742,0.004339406732469797
Exp4: Full CAMAD,PR,303,1.0,0.1407035175879397,0.004360391292721033
Exp4: Full CAMAD,PR,304,1.0,0.14082145850796313,0.004458067938685417
Exp4: Full CAMAD,PR,305,1.0,0.14093959731543623,0.0045065307058393955
Exp4: Full CAMAD,PR,306,1.0,0.14105793450881612,0.00452998885884881
Exp4: Full CAMAD,PR,307,1.0,0.1411764705882353,0.004544147755950689
Exp4: Full CAMAD,PR,308,1.0,0.14129520605550883,0.004597507882863283
Exp4: Full CAMAD,PR,309,1.0,0.1414141414141414,0.004627205431461334
Exp4: Full CAMAD,PR,310,1.0,0.14153327716933445,0.004679874517023563
Exp4: Full CAMAD,PR,311,1.0,0.14165261382799327,0.0046932329423725605
Exp4: Full CAMAD,PR,312,1.0,0.14177215189873418,0.004695132840424776
Exp4: Full CAMAD,PR,313,1.0,0.14189189189189189,0.004701910074800253
Exp4: Full CAMAD,PR,314,1.0,0.14201183431952663,0.004750361666083336
Exp4: Full CAMAD,PR,315,1.0,0.14213197969543148,0.00477260397747159
Exp4: Full CAMAD,PR,316,1.0,0.14225232853513972,0.004778199829161167
Exp4: Full CAMAD,PR,317,1.0,0.1423728813559322,0.004807495512068272
Exp4: Full CAMAD,PR,318,1.0,0.14249363867684478,0.004810539074242115
Exp4: Full CAMAD,PR,319,1.0,0.14261460101867574,0.0048270379193127155
Exp4: Full CAMAD,PR,320,1.0,0.1427357689039932,0.004836112726479769
Exp4: Full CAMAD,PR,321,1.0,0.14285714285714285,0.004953540861606598
Exp4: Full CAMAD,PR,322,1.0,0.14297872340425533,0.004976786207407713
Exp4: Full CAMAD,PR,323,1.0,0.14310051107325383,0.0050348141230642796
Exp4: Full CAMAD,PR,324,1.0,0.1432225063938619,0.00503932312130928
Exp4: Full CAMAD,PR,325,1.0,0.14334470989761092,0.005052443128079176
Exp4: Full CAMAD,PR,326,0.9940476190476191,0.1426131511528608,0.005056839436292648
Exp4: Full CAMAD,PR,327,0.9940476190476191,0.14273504273504273,0.005075506865978241
Exp4: Full CAMAD,PR,328,0.9940476190476191,0.14285714285714285,0.005093710497021675
Exp4: Full CAMAD,PR,329,0.9940476190476191,0.1429794520547945,0.005108571611344814
Exp4: Full CAMAD,PR,330,0.9940476190476191,0.143101970865467,0.005110519006848335
Exp4: Full CAMAD,PR,331,0.9940476190476191,0.1432246998284734,0.005139396991580725
Exp4: Full CAMAD,PR,332,0.9940476190476191,0.14334763948497853,0.005150998942553997
Exp4: Full CAMAD,PR,333,0.9940476190476191,0.14347079037800686,0.005156440660357475
Exp4: Full CAMAD,PR,334,0.9940476190476191,0.14359415305245055,0.005269656889140606
Exp4: Full CAMAD,PR,335,0.9940476190476191,0.14371772805507746,0.0052833412773907185
Exp4: Full CAMAD,PR,336,0.9940476190476191,0.1438415159345392,0.005286253523081541
Exp4: Full CAMAD,PR,337,0.9940476190476191,0.14396551724137932,0.005298939999192953
Exp4: Full CAMAD,PR,338,0.9940476190476191,0.14408973252804141,0.005323418416082859
Exp4: Full CAMAD,PR,339,0.9940476190476191,0.14421416234887738,0.005342379212379456
Exp4: Full CAMAD,PR,340,0.9940476190476191,0.14433880726015558,0.00535333389416337
Exp4: Full CAMAD,PR,341,0.9940476190476191,0.1444636678200692,0.00538973743095994
Exp4: Full CAMAD,PR,342,0.9940476190476191,0.1445887445887446,0.005444628186523914
Exp4: Full CAMAD,PR,343,0.9940476190476191,0.14471403812824957,0.005536199547350407
Exp4: Full CAMAD,PR,344,0.9940476190476191,0.1448395490026019,0.0055447774939239025
Exp4: Full CAMAD,PR,345,0.9940476190476191,0.1449652777777778,0.005545056425035
Exp4: Full CAMAD,PR,346,0.9940476190476191,0.14509122502172025,0.005549292080104351
Exp4: Full CAMAD,PR,347,0.9940476190476191,0.14521739130434783,0.0055510904639959335
Exp4: Full CAMAD,PR,348,0.9940476190476191,0.1453437771975631,0.005555358249694109
Exp4: Full CAMAD,PR,349,0.9940476190476191,0.14547038327526132,0.005618251860141754
Exp4: Full CAMAD,PR,350,0.9940476190476191,0.14559721011333915,0.005629375576972961
Exp4: Full CAMAD,PR,351,0.9940476190476191,0.1457242582897033,0.005645927507430315
Exp4: Full CAMAD,PR,352,0.9940476190476191,0.14585152838427948,0.0056752851232886314
Exp4: Full CAMAD,PR,353,0.9940476190476191,0.145979020979021,0.00567669328302145
Exp4: Full CAMAD,PR,354,0.9940476190476191,0.14610673665791776,0.005730273202061653
Exp4: Full CAMAD,PR,355,0.9940476190476191,0.14623467600700527,0.005765249952673912
Exp4: Full CAMAD,PR,356,0.9940476190476191,0.14636283961437335,0.0058044674806296825
Exp4: Full CAMAD,PR,357,0.9940476190476191,0.14649122807017545,0.005837630946189165
Exp4: Full CAMAD,PR,358,0.9940476190476191,0.1466198419666374,0.0058474792167544365
Exp4: Full CAMAD,PR,359,0.9940476190476191,0.14674868189806678,0.00586231192573905
Exp4: Full CAMAD,PR,360,0.9940476190476191,0.1468777484608619,0.005883871577680111
Exp4: Full CAMAD,PR,361,0.9940476190476191,0.14700704225352113,0.005917032714933157
Exp4: Full CAMAD,PR,362,0.9940476190476191,0.14713656387665197,0.005973115097731352
Exp4: Full CAMAD,PR,363,0.9940476190476191,0.1472663139329806,0.005983482114970684
Exp4: Full CAMAD,PR,364,0.9940476190476191,0.147396293027361,0.006041646935045719
Exp4: Full CAMAD,PR,365,0.9940476190476191,0.14752650176678445,0.006102771498262882
Exp4: Full CAMAD,PR,366,0.9940476190476191,0.14765694076038904,0.00610762694850564
Exp4: Full CAMAD,PR,367,0.9940476190476191,0.14778761061946902,0.006124915089458227
Exp4: Full CAMAD,PR,368,0.9940476190476191,0.1479185119574845,0.006142479367554188
Exp4: Full CAMAD,PR,369,0.9940476190476191,0.14804964539007093,0.006143562495708466
Exp4: Full CAMAD,PR,370,0.9940476190476191,0.1481810115350488,0.006170912180095911
Exp4: Full CAMAD,PR,371,0.9940476190476191,0.1483126110124334,0.006263284478336573
Exp4: Full CAMAD,PR,372,0.9940476190476191,0.14844444444444443,0.00626462372019887
Exp4: Full CAMAD,PR,373,0.9940476190476191,0.148576512455516,0.006269480567425489
Exp4: Full CAMAD,PR,374,0.9940476190476191,0.14870881567230632,0.006289768498390913
Exp4: Full CAMAD,PR,375,0.9940476190476191,0.14884135472370766,0.006299466360360384
Exp4: Full CAMAD,PR,376,0.9940476190476191,0.14897413024085637,0.006366412620991468
Exp4: Full CAMAD,PR,377,0.9940476190476191,0.14910714285714285,0.006367005407810211
Exp4: Full CAMAD,PR,378,0.9940476190476191,0.14924039320822163,0.0063878800719976425
Exp4: Full CAMAD,PR,379,0.9940476190476191,0.14937388193202147,0.006395942531526089
Exp4: Full CAMAD,PR,380,0.9940476190476191,0.1495076096687556,0.0064076208509504795
Exp4: Full CAMAD,PR,381,0.9940476190476191,0.1496415770609319,0.0064168404787778854
Exp4: Full CAMAD,PR,382,0.9940476190476191,0.14977578475336323,0.006419681943953037
Exp4: Full CAMAD,PR,383,0.9940476190476191,0.14991023339317774,0.006439785938709974
Exp4: Full CAMAD,PR,384,0.9940476190476191,0.1500449236298293,0.006611923687160015
Exp4: Full CAMAD,PR,385,0.9940476190476191,0.15017985611510792,0.00662788562476635
Exp4: Full CAMAD,PR,386,0.9940476190476191,0.15031503150315031,0.006646893452852964
Exp4: Full CAMAD,PR,387,0.9940476190476191,0.15045045045045044,0.006660178303718567
Exp4: Full CAMAD,PR,388,0.9940476190476191,0.15058611361587015,0.00668905396014452
Exp4: Full CAMAD,PR,389,0.9940476190476191,0.15072202166064982,0.006751015316694975
Exp4: Full CAMAD,PR,390,0.9940476190476191,0.15085817524841916,0.006770850624889135
Exp4: Full CAMAD,PR,391,0.9940476190476191,0.15099457504520797,0.006788862869143486
Exp4: Full CAMAD,PR,392,0.9940476190476191,0.151131221719457,0.006890294142067432
Exp4: Full CAMAD,PR,393,0.9940476190476191,0.151268115942029,0.006928976625204086
Exp4: Full CAMAD,PR,394,0.9940476190476191,0.1514052583862194,0.006952025927603245
Exp4: Full CAMAD,PR,395,0.9940476190476191,0.1515426497277677,0.006960656493902206
Exp4: Full CAMAD,PR,396,0.9940476190476191,0.1516802906448683,0.007051728665828705
Exp4: Full CAMAD,PR,397,0.9940476190476191,0.15181818181818182,0.007111893035471439
Exp4: Full CAMAD,PR,398,0.9940476190476191,0.15195632393084624,0.007132028229534626
Exp4: Full CAMAD,PR,399,0.9940476190476191,0.15209471766848817,0.007134477142244577
Exp4: Full CAMAD,PR,400,0.9940476190476191,0.15223336371923427,0.007143250200897455
Exp4: Full CAMAD,PR,401,0.9940476190476191,0.15237226277372262,0.0071540954522788525
Exp4: Full CAMAD,PR,402,0.9940476190476191,0.15251141552511416,0.007236968260258436
Exp4: Full CAMAD,PR,403,0.9940476190476191,0.1526508226691042,0.00723790330812335
Exp4: Full CAMAD,PR,404,0.9940476190476191,0.15279048490393413,0.007305956445634365
Exp4: Full CAMAD,PR,405,0.9940476190476191,0.15293040293040294,0.007333437912166119
Exp4: Full CAMAD,PR,406,0.9940476190476191,0.15307057745187902,0.007337684277445078
Exp4: Full CAMAD,PR,407,0.9940476190476191,0.15321100917431194,0.007385168690234423
Exp4: Full CAMAD,PR,408,0.9940476190476191,0.15335169880624427,0.007440820336341858
Exp4: Full CAMAD,PR,409,0.9940476190476191,0.15349264705882354,0.00757436640560627
Exp4: Full CAMAD,PR,410,0.9940476190476191,0.15363385464581417,0.007713861297816038
Exp4: Full CAMAD,PR,411,0.9940476190476191,0.15377532228360957,0.007745064329355955
Exp4: Full CAMAD,PR,412,0.9940476190476191,0.15391705069124423,0.007760575041174889
Exp4: Full CAMAD,PR,413,0.9940476190476191,0.1540590405904059,0.007779544219374657
Exp4: Full CAMAD,PR,414,0.9940476190476191,0.15420129270544783,0.007797731086611748
Exp4: Full CAMAD,PR,415,0.9940476190476191,0.15434380776340112,0.00789122749119997
Exp4: Full CAMAD,PR,416,0.9940476190476191,0.15448658649398705,0.007932146079838276
Exp4: Full CAMAD,PR,417,0.9940476190476191,0.15462962962962962,0.00795376393944025
Exp4: Full CAMAD,PR,418,0.9940476190476191,0.15477293790546803,0.007982351817190647
Exp4: Full CAMAD,PR,419,0.9940476190476191,0.1549165120593692,0.008098379708826542
Exp4: Full CAMAD,PR,420,0.9940476190476191,0.15506035283194058,0.008122151717543602
Exp4: Full CAMAD,PR,421,0.9940476190476191,0.15520446096654275,0.008125504478812218
Exp4: Full CAMAD,PR,422,0.9940476190476191,0.15534883720930232,0.008149783127009869
Exp4: Full CAMAD,PR,423,0.9940476190476191,0.15549348230912477,0.008161468431353569
Exp4: Full CAMAD,PR,424,0.9940476190476191,0.15563839701770738,0.008179324679076672
Exp4: Full CAMAD,PR,425,0.9940476190476191,0.15578358208955223,0.008227924816310406
Exp4: Full CAMAD,PR,426,0.9940476190476191,0.15592903828197946,0.008343426510691643
Exp4: Full CAMAD,PR,427,0.9940476190476191,0.1560747663551402,0.008397609926760197
Exp4: Full CAMAD,PR,428,0.9940476190476191,0.15622076707202995,0.008434788323938847
Exp4: Full CAMAD,PR,429,0.9940476190476191,0.15636704119850187,0.008471040055155754
Exp4: Full CAMAD,PR,430,0.9940476190476191,0.15651358950328023,0.008538786321878433
Exp4: Full CAMAD,PR,431,0.9940476190476191,0.15666041275797374,0.008558955043554306
Exp4: Full CAMAD,PR,432,0.9940476190476191,0.1568075117370892,0.008571352809667587
Exp4: Full CAMAD,PR,433,0.9940476190476191,0.15695488721804512,0.008653650991618633
Exp4: Full CAMAD,PR,434,0.9940476190476191,0.1571025399811853,0.008663590997457504
Exp4: Full CAMAD,PR,435,0.9940476190476191,0.15725047080979285,0.008709962479770184
Exp4: Full CAMAD,PR,436,0.9940476190476191,0.15739868049010367,0.008714940398931503
Exp4: Full CAMAD,PR,437,0.9940476190476191,0.15754716981132075,0.008720256388187408
Exp4: Full CAMAD,PR,438,0.9940476190476191,0.15769593956562794,0.008750371634960175
Exp4: Full CAMAD,PR,439,0.9940476190476191,0.15784499054820417,0.008822872303426266
Exp4: Full CAMAD,PR,440,0.9940476190476191,0.15799432355723747,0.00900179147720337
Exp4: Full CAMAD,PR,441,0.9940476190476191,0.1581439393939394,0.009008913300931454
Exp4: Full CAMAD,PR,442,0.9940476190476191,0.15829383886255924,0.009033437818288803
Exp4: Full CAMAD,PR,443,0.9940476190476191,0.15844402277039848,0.009078952483832836
Exp4: Full CAMAD,PR,444,0.9940476190476191,0.15859449192782527,0.009084793739020824
Exp4: Full CAMAD,PR,445,0.9940476190476191,0.15874524714828897,0.009103105403482914
Exp4: Full CAMAD,PR,446,0.9940476190476191,0.15889628924833493,0.009104718454182148
Exp4: Full CAMAD,PR,447,0.9940476190476191,0.15904761904761905,0.009106638841331005
Exp4: Full CAMAD,PR,448,0.9940476190476191,0.15919923736892277,0.009205875918269157
Exp4: Full CAMAD,PR,449,0.9940476190476191,0.15935114503816794,0.009310160763561726
Exp4: Full CAMAD,PR,450,0.9940476190476191,0.15950334288443171,0.009317434392869473
Exp4: Full CAMAD,PR,451,0.9940476190476191,0.15965583173996176,0.009368058294057846
Exp4: Full CAMAD,PR,452,0.9940476190476191,0.1598086124401914,0.00940115936100483
Exp4: Full CAMAD,PR,453,0.9940476190476191,0.15996168582375478,0.009417996741831303
Exp4: Full CAMAD,PR,454,0.9940476190476191,0.1601150527325024,0.00944843515753746
Exp4: Full CAMAD,PR,455,0.9940476190476191,0.16026871401151632,0.009467242285609245
Exp4: Full CAMAD,PR,456,0.9940476190476191,0.16042267050912584,0.009477385319769382
Exp4: Full CAMAD,PR,457,0.9940476190476191,0.1605769230769231,0.009494747966527939
Exp4: Full CAMAD,PR,458,0.9940476190476191,0.16073147256977863,0.009529441595077515
Exp4: Full CAMAD,PR,459,0.9940476190476191,0.1608863198458574,0.009571019560098648
Exp4: Full CAMAD,PR,460,0.9940476190476191,0.16104146576663453,0.009617545641958714
Exp4: Full CAMAD,PR,461,0.9940476190476191,0.1611969111969112,0.009645827114582062
Exp4: Full CAMAD,PR,462,0.9940476190476191,0.16135265700483092,0.009668493643403053
Exp4: Full CAMAD,PR,463,0.9940476190476191,0.16150870406189555,0.009731799364089966
Exp4: Full CAMAD,PR,464,0.9940476190476191,0.1616650532429816,0.009746195748448372
Exp4: Full CAMAD,PR,465,0.9940476190476191,0.1618217054263566,0.00982082448899746
Exp4: Full CAMAD,PR,466,0.9940476190476191,0.16197866149369544,0.009826255962252617
Exp4: Full CAMAD,PR,467,0.9940476190476191,0.16213592233009708,0.009869477711617947
Exp4: Full CAMAD,PR,468,0.9940476190476191,0.16229348882410108,0.00990360975265503
Exp4: Full CAMAD,PR,469,0.9940476190476191,0.16245136186770429,0.010127799585461617
Exp4: Full CAMAD,PR,470,0.9940476190476191,0.1626095423563778,0.010332467034459114
Exp4: Full CAMAD,PR,471,0.9940476190476191,0.1627680311890838,0.010354919359087944
Exp4: Full CAMAD,PR,472,0.9940476190476191,0.1629268292682927,0.010362324304878712
Exp4: Full CAMAD,PR,473,0.9940476190476191,0.1630859375,0.010374744422733784
Exp4: Full CAMAD,PR,474,0.9940476190476191,0.16324535679374388,0.010413381271064281
Exp4: Full CAMAD,PR,475,0.9940476190476191,0.1634050880626223,0.010420695878565311
Exp4: Full CAMAD,PR,476,0.9940476190476191,0.16356513222331048,0.010421475395560265
Exp4: Full CAMAD,PR,477,0.9940476190476191,0.16372549019607843,0.010520335286855698
Exp4: Full CAMAD,PR,478,0.9940476190476191,0.16388616290480865,0.010543151758611202
Exp4: Full CAMAD,PR,479,0.9940476190476191,0.16404715127701375,0.010550109669566154
Exp4: Full CAMAD,PR,480,0.9940476190476191,0.16420845624385447,0.010557654313743114
Exp4: Full CAMAD,PR,481,0.9940476190476191,0.1643700787401575,0.010584443807601929
Exp4: Full CAMAD,PR,482,0.9940476190476191,0.16453201970443349,0.010625220835208893
Exp4: Full CAMAD,PR,483,0.9940476190476191,0.16469428007889547,0.01071732584387064
Exp4: Full CAMAD,PR,484,0.9940476190476191,0.1648568608094768,0.010720927268266678
Exp4: Full CAMAD,PR,485,0.9940476190476191,0.1650197628458498,0.010742045007646084
Exp4: Full CAMAD,PR,486,0.9940476190476191,0.1651829871414441,0.010784939862787724
Exp4: Full CAMAD,PR,487,0.9940476190476191,0.16534653465346535,0.010847329162061214
Exp4: Full CAMAD,PR,488,0.9940476190476191,0.16551040634291378,0.010907869786024094
Exp4: Full CAMAD,PR,489,0.9940476190476191,0.16567460317460317,0.010919271036982536
Exp4: Full CAMAD,PR,490,0.9940476190476191,0.16583912611717974,0.011073197238147259
Exp4: Full CAMAD,PR,491,0.9940476190476191,0.16600397614314116,0.011109561659395695
Exp4: Full CAMAD,PR,492,0.9940476190476191,0.16616915422885573,0.011218228377401829
Exp4: Full CAMAD,PR,493,0.9940476190476191,0.16633466135458166,0.011350528337061405
Exp4: Full CAMAD,PR,494,0.9940476190476191,0.16650049850448653,0.011356508359313011
Exp4: Full CAMAD,PR,495,0.9940476190476191,0.16666666666666666,0.011371039785444736
Exp4: Full CAMAD,PR,496,0.9940476190476191,0.16683316683316685,0.011397208087146282
Exp4: Full CAMAD,PR,497,0.9940476190476191,0.167,0.011398148722946644
Exp4: Full CAMAD,PR,498,0.9940476190476191,0.16716716716716717,0.011423126794397831
Exp4: Full CAMAD,PR,499,0.9940476190476191,0.16733466933867736,0.011533942073583603
Exp4: Full CAMAD,PR,500,0.9940476190476191,0.1675025075225677,0.011537839658558369
Exp4: Full CAMAD,PR,501,0.9940476190476191,0.1676706827309237,0.011666241101920605
Exp4: Full CAMAD,PR,502,0.9940476190476191,0.1678391959798995,0.011805699206888676
Exp4: Full CAMAD,PR,503,0.9940476190476191,0.16800804828973842,0.011809288524091244
Exp4: Full CAMAD,PR,504,0.9940476190476191,0.16817724068479356,0.011903400532901287
Exp4: Full CAMAD,PR,505,0.9940476190476191,0.16834677419354838,0.011904348619282246
Exp4: Full CAMAD,PR,506,0.9940476190476191,0.16851664984863773,0.011991877108812332
Exp4: Full CAMAD,PR,507,0.9940476190476191,0.1686868686868687,0.012160707265138626
Exp4: Full CAMAD,PR,508,0.9940476190476191,0.16885743174924167,0.012219060212373734
Exp4: Full CAMAD,PR,509,0.9940476190476191,0.16902834008097167,0.01223286334425211
Exp4: Full CAMAD,PR,510,0.9940476190476191,0.1691995947315096,0.012240635231137276
Exp4: Full CAMAD,PR,511,0.9940476190476191,0.16937119675456389,0.012341945432126522
Exp4: Full CAMAD,PR,512,0.9940476190476191,0.16954314720812183,0.012406622990965843
Exp4: Full CAMAD,PR,513,0.9940476190476191,0.16971544715447154,0.01255038846284151
Exp4: Full CAMAD,PR,514,0.9940476190476191,0.1698880976602238,0.01260917168110609
Exp4: Full CAMAD,PR,515,0.9940476190476191,0.17006109979633402,0.012638785876333714
Exp4: Full CAMAD,PR,516,0.9940476190476191,0.17023445463812437,0.01264906581491232
Exp4: Full CAMAD,PR,517,0.9940476190476191,0.1704081632653061,0.012678521685302258
Exp4: Full CAMAD,PR,518,0.9940476190476191,0.17058222676200205,0.012694692239165306
Exp4: Full CAMAD,PR,519,0.9940476190476191,0.17075664621676892,0.012725107371807098
Exp4: Full CAMAD,PR,520,0.9940476190476191,0.17093142272262027,0.012895544990897179
Exp4: Full CAMAD,PR,521,0.9940476190476191,0.1711065573770492,0.012917645275592804
Exp4: Full CAMAD,PR,522,0.9940476190476191,0.1712820512820513,0.013078123331069946
Exp4: Full CAMAD,PR,523,0.9940476190476191,0.17145790554414783,0.01317934226244688
Exp4: Full CAMAD,PR,524,0.9940476190476191,0.17163412127440905,0.013210969045758247
Exp4: Full CAMAD,PR,525,0.9940476190476191,0.17181069958847736,0.013383319601416588
Exp4: Full CAMAD,PR,526,0.9940476190476191,0.17198764160659114,0.013395749032497406
Exp4: Full CAMAD,PR,527,0.9940476190476191,0.17216494845360825,0.0134838642552495
Exp4: Full CAMAD,PR,528,0.9940476190476191,0.17234262125902994,0.013595438562333584
Exp4: Full CAMAD,PR,529,0.9940476190476191,0.1725206611570248,0.013688735663890839
Exp4: Full CAMAD,PR,530,0.9940476190476191,0.17269906928645296,0.01381051167845726
Exp4: Full CAMAD,PR,531,0.9940476190476191,0.17287784679089027,0.01404428482055664
Exp4: Full CAMAD,PR,532,0.9940476190476191,0.17305699481865286,0.014104101806879044
Exp4: Full CAMAD,PR,533,0.9940476190476191,0.17323651452282157,0.014117793180048466
Exp4: Full CAMAD,PR,534,0.9940476190476191,0.17341640706126688,0.014153772965073586
Exp4: Full CAMAD,PR,535,0.9940476190476191,0.1735966735966736,0.014307485893368721
Exp4: Full CAMAD,PR,536,0.9940476190476191,0.17377731529656607,0.014390307478606701
Exp4: Full CAMAD,PR,537,0.9940476190476191,0.17395833333333333,0.014410347677767277
Exp4: Full CAMAD,PR,538,0.9940476190476191,0.17413972888425444,0.014584505930542946
Exp4: Full CAMAD,PR,539,0.9940476190476191,0.174321503131524,0.014714423567056656
Exp4: Full CAMAD,PR,540,0.9940476190476191,0.17450365726227796,0.014727751724421978
Exp4: Full CAMAD,PR,541,0.9940476190476191,0.17468619246861924,0.014733511954545975
Exp4: Full CAMAD,PR,542,0.9940476190476191,0.17486910994764399,0.014844581484794617
Exp4: Full CAMAD,PR,543,0.9940476190476191,0.1750524109014675,0.01485665887594223
Exp4: Full CAMAD,PR,544,0.9940476190476191,0.17523609653725078,0.014927810989320278
Exp4: Full CAMAD,PR,545,0.9940476190476191,0.17542016806722688,0.01498740166425705
Exp4: Full CAMAD,PR,546,0.9940476190476191,0.17560462670872765,0.015240656211972237
Exp4: Full CAMAD,PR,547,0.9940476190476191,0.17578947368421052,0.015283145941793919
Exp4: Full CAMAD,PR,548,0.9940476190476191,0.17597471022128555,0.015297392383217812
Exp4: Full CAMAD,PR,549,0.9940476190476191,0.17616033755274263,0.015461854636669159
Exp4: Full CAMAD,PR,550,0.9940476190476191,0.17634635691657866,0.015488818287849426
Exp4: Full CAMAD,PR,551,0.9940476190476191,0.17653276955602537,0.015531236305832863
Exp4: Full CAMAD,PR,552,0.9940476190476191,0.17671957671957672,0.015591757372021675
Exp4: Full CAMAD,PR,553,0.9940476190476191,0.17690677966101695,0.015808051452040672
Exp4: Full CAMAD,PR,554,0.9940476190476191,0.17709437963944857,0.01586824841797352
Exp4: Full CAMAD,PR,555,0.9940476190476191,0.17728237791932058,0.015895739197731018
Exp4: Full CAMAD,PR,556,0.9940476190476191,0.17747077577045697,0.016021206974983215
Exp4: Full CAMAD,PR,557,0.9940476190476191,0.1776595744680851,0.01605113223195076
Exp4: Full CAMAD,PR,558,0.9940476190476191,0.17784877529286475,0.016427641734480858
Exp4: Full CAMAD,PR,559,0.9940476190476191,0.17803837953091683,0.016544152051210403
Exp4: Full CAMAD,PR,560,0.9940476190476191,0.17822838847385272,0.016553837805986404
Exp4: Full CAMAD,PR,561,0.9940476190476191,0.17841880341880342,0.01656799018383026
Exp4: Full CAMAD,PR,562,0.9940476190476191,0.1786096256684492,0.016601288691163063
Exp4: Full CAMAD,PR,563,0.9940476190476191,0.17880085653104924,0.016639022156596184
Exp4: Full CAMAD,PR,564,0.9940476190476191,0.1789924973204716,0.01694105751812458
Exp4: Full CAMAD,PR,565,0.9940476190476191,0.1791845493562232,0.0170148778706789
Exp4: Full CAMAD,PR,566,0.9940476190476191,0.17937701396348013,0.01707175001502037
Exp4: Full CAMAD,PR,567,0.9940476190476191,0.17956989247311828,0.01711314171552658
Exp4: Full CAMAD,PR,568,0.9940476190476191,0.1797631862217438,0.01721568964421749
Exp4: Full CAMAD,PR,569,0.9940476190476191,0.17995689655172414,0.017226869240403175
Exp4: Full CAMAD,PR,570,0.9940476190476191,0.18015102481121897,0.01766892708837986
Exp4: Full CAMAD,PR,571,0.9940476190476191,0.18034557235421167,0.017694620415568352
Exp4: Full CAMAD,PR,572,0.9940476190476191,0.18054054054054053,0.01769747957587242
Exp4: Full CAMAD,PR,573,0.9940476190476191,0.18073593073593072,0.017784101888537407
Exp4: Full CAMAD,PR,574,0.9940476190476191,0.180931744312026,0.017813948914408684
Exp4: Full CAMAD,PR,575,0.9940476190476191,0.18112798264642083,0.017858320847153664
Exp4: Full CAMAD,PR,576,0.9940476190476191,0.18132464712269272,0.018069976940751076
Exp4: Full CAMAD,PR,577,0.9940476190476191,0.1815217391304348,0.01825195550918579
Exp4: Full CAMAD,PR,578,0.9940476190476191,0.18171926006528835,0.018263373523950577
Exp4: Full CAMAD,PR,579,0.9940476190476191,0.18191721132897604,0.018292754888534546
Exp4: Full CAMAD,PR,580,0.9940476190476191,0.1821155943293348,0.01833259128034115
Exp4: Full CAMAD,PR,581,0.9940476190476191,0.18231441048034935,0.018367094919085503
Exp4: Full CAMAD,PR,582,0.9940476190476191,0.1825136612021858,0.018396912142634392
Exp4: Full CAMAD,PR,583,0.9940476190476191,0.18271334792122537,0.01859734207391739
Exp4: Full CAMAD,PR,584,0.9940476190476191,0.1829134720700986,0.01864682510495186
Exp4: Full CAMAD,PR,585,0.9940476190476191,0.18311403508771928,0.01871044933795929
Exp4: Full CAMAD,PR,586,0.9940476190476191,0.18331503841931943,0.018814079463481903
Exp4: Full CAMAD,PR,587,0.9940476190476191,0.1835164835164835,0.018883487209677696
Exp4: Full CAMAD,PR,588,0.9940476190476191,0.18371837183718373,0.01918783038854599
Exp4: Full CAMAD,PR,589,0.9940476190476191,0.183920704845815,0.019236119464039803
Exp4: Full CAMAD,PR,590,0.9940476190476191,0.18412348401323042,0.01936359703540802
Exp4: Full CAMAD,PR,591,0.9940476190476191,0.18432671081677704,0.019715305417776108
Exp4: Full CAMAD,PR,592,0.9940476190476191,0.18453038674033148,0.01977279782295227
Exp4: Full CAMAD,PR,593,0.9940476190476191,0.1847345132743363,0.019831590354442596
Exp4: Full CAMAD,PR,594,0.9940476190476191,0.1849390919158361,0.020050732418894768
Exp4: Full CAMAD,PR,595,0.9940476190476191,0.18514412416851442,0.020107146352529526
Exp4: Full CAMAD,PR,596,0.9940476190476191,0.1853496115427303,0.020169243216514587
Exp4: Full CAMAD,PR,597,0.9940476190476191,0.18555555555555556,0.020436272025108337
Exp4: Full CAMAD,PR,598,0.9940476190476191,0.185761957730812,0.02065739594399929
Exp4: Full CAMAD,PR,599,0.9940476190476191,0.18596881959910913,0.020940450951457024
Exp4: Full CAMAD,PR,600,0.9940476190476191,0.18617614269788182,0.020948048681020737
Exp4: Full CAMAD,PR,601,0.9940476190476191,0.18638392857142858,0.021095024421811104
Exp4: Full CAMAD,PR,602,0.9940476190476191,0.18659217877094972,0.02118615433573723
Exp4: Full CAMAD,PR,603,0.9940476190476191,0.18680089485458612,0.021441973745822906
Exp4: Full CAMAD,PR,604,0.9940476190476191,0.187010078387458,0.021441979333758354
Exp4: Full CAMAD,PR,605,0.9940476190476191,0.18721973094170405,0.021652398630976677
Exp4: Full CAMAD,PR,606,0.9940476190476191,0.18742985409652077,0.021766332909464836
Exp4: Full CAMAD,PR,607,0.9940476190476191,0.18764044943820224,0.022169599309563637
Exp4: Full CAMAD,PR,608,0.9940476190476191,0.18785151856017998,0.02220526710152626
Exp4: Full CAMAD,PR,609,0.9940476190476191,0.18806306306306306,0.022264938801527023
Exp4: Full CAMAD,PR,610,0.9940476190476191,0.1882750845546787,0.022337738424539566
Exp4: Full CAMAD,PR,611,0.9940476190476191,0.18848758465011287,0.022411944344639778
Exp4: Full CAMAD,PR,612,0.9940476190476191,0.18870056497175142,0.02243957668542862
Exp4: Full CAMAD,PR,613,0.9940476190476191,0.18891402714932126,0.02255639061331749
Exp4: Full CAMAD,PR,614,0.9940476190476191,0.18912797281993204,0.0226249098777771
Exp4: Full CAMAD,PR,615,0.9940476190476191,0.1893424036281179,0.022760052233934402
Exp4: Full CAMAD,PR,616,0.9940476190476191,0.18955732122587968,0.022824298590421677
Exp4: Full CAMAD,PR,617,0.9940476190476191,0.18977272727272726,0.023031707853078842
Exp4: Full CAMAD,PR,618,0.9940476190476191,0.1899886234357224,0.023068759590387344
Exp4: Full CAMAD,PR,619,0.9940476190476191,0.19020501138952164,0.023150084540247917
Exp4: Full CAMAD,PR,620,0.9940476190476191,0.1904218928164196,0.023280814290046692
Exp4: Full CAMAD,PR,621,0.9940476190476191,0.1906392694063927,0.023434719070792198
Exp4: Full CAMAD,PR,622,0.9940476190476191,0.19085714285714286,0.023545866832137108
Exp4: Full CAMAD,PR,623,0.9940476190476191,0.19107551487414187,0.023548772558569908
Exp4: Full CAMAD,PR,624,0.9940476190476191,0.19129438717067582,0.023629728704690933
Exp4: Full CAMAD,PR,625,0.9940476190476191,0.1915137614678899,0.023662475869059563
Exp4: Full CAMAD,PR,626,0.9940476190476191,0.19173363949483352,0.024057753384113312
Exp4: Full CAMAD,PR,627,0.9940476190476191,0.19195402298850575,0.024275915697216988
Exp4: Full CAMAD,PR,628,0.9940476190476191,0.19217491369390102,0.024293487891554832
Exp4: Full CAMAD,PR,629,0.9940476190476191,0.1923963133640553,0.024346062913537025
Exp4: Full CAMAD,PR,630,0.9940476190476191,0.19261822376009227,0.02457226999104023
Exp4: Full CAMAD,PR,631,0.9940476190476191,0.1928406466512702,0.02532363310456276
Exp4: Full CAMAD,PR,632,0.9940476190476191,0.1930635838150289,0.025568440556526184
Exp4: Full CAMAD,PR,633,0.9940476190476191,0.19328703703703703,0.025670716539025307
Exp4: Full CAMAD,PR,634,0.9940476190476191,0.19351100811123986,0.025675171986222267
Exp4: Full CAMAD,PR,635,0.9940476190476191,0.1937354988399072,0.025677455589175224
Exp4: Full CAMAD,PR,636,0.9940476190476191,0.19396051103368175,0.025706270709633827
Exp4: Full CAMAD,PR,637,0.9940476190476191,0.1941860465116279,0.026041299104690552
Exp4: Full CAMAD,PR,638,0.9940476190476191,0.19441210710128057,0.026251686736941338
Exp4: Full CAMAD,PR,639,0.9940476190476191,0.19463869463869463,0.026310602203011513
Exp4: Full CAMAD,PR,640,0.9940476190476191,0.19486581096849476,0.026456676423549652
Exp4: Full CAMAD,PR,641,0.9940476190476191,0.19509345794392524,0.026704145595431328
Exp4: Full CAMAD,PR,642,0.9940476190476191,0.1953216374269006,0.026769589632749557
Exp4: Full CAMAD,PR,643,0.9940476190476191,0.1955503512880562,0.02677510865032673
Exp4: Full CAMAD,PR,644,0.9880952380952381,0.19460726846424384,0.026947086676955223
Exp4: Full CAMAD,PR,645,0.9880952380952381,0.19483568075117372,0.02709910459816456
Exp4: Full CAMAD,PR,646,0.9880952380952381,0.19506462984723855,0.027135755866765976
Exp4: Full CAMAD,PR,647,0.9880952380952381,0.1952941176470588,0.02714403159916401
Exp4: Full CAMAD,PR,648,0.9880952380952381,0.1955241460541814,0.027419015765190125
Exp4: Full CAMAD,PR,649,0.9880952380952381,0.1957547169811321,0.027455898001790047
Exp4: Full CAMAD,PR,650,0.9880952380952381,0.1959858323494687,0.02760658785700798
Exp4: Full CAMAD,PR,651,0.9880952380952381,0.19621749408983452,0.02785973995923996
Exp4: Full CAMAD,PR,652,0.9880952380952381,0.19644970414201182,0.02799593284726143
Exp4: Full CAMAD,PR,653,0.9880952380952381,0.1966824644549763,0.02806796319782734
Exp4: Full CAMAD,PR,654,0.9880952380952381,0.19691577698695137,0.028230391442775726
Exp4: Full CAMAD,PR,655,0.9880952380952381,0.19714964370546317,0.028658147901296616
Exp4: Full CAMAD,PR,656,0.9880952380952381,0.19738406658739596,0.02869260311126709
Exp4: Full CAMAD,PR,657,0.9880952380952381,0.1976190476190476,0.028774337843060493
Exp4: Full CAMAD,PR,658,0.9880952380952381,0.19785458879618595,0.028777405619621277
Exp4: Full CAMAD,PR,659,0.9880952380952381,0.19809069212410502,0.02888370119035244
Exp4: Full CAMAD,PR,660,0.9880952380952381,0.1983273596176822,0.02896910160779953
Exp4: Full CAMAD,PR,661,0.9880952380952381,0.19856459330143542,0.029099605977535248
Exp4: Full CAMAD,PR,662,0.9880952380952381,0.19880239520958085,0.029199445620179176
Exp4: Full CAMAD,PR,663,0.9880952380952381,0.19904076738609114,0.0292852520942688
Exp4: Full CAMAD,PR,664,0.9880952380952381,0.1992797118847539,0.02939063124358654
Exp4: Full CAMAD,PR,665,0.9880952380952381,0.19951923076923078,0.02945708855986595
Exp4: Full CAMAD,PR,666,0.9880952380952381,0.19975932611311673,0.02949978969991207
Exp4: Full CAMAD,PR,667,0.9880952380952381,0.2,0.029529960826039314
Exp4: Full CAMAD,PR,668,0.9880952380952381,0.20024125452352232,0.029564302414655685
Exp4: Full CAMAD,PR,669,0.9880952380952381,0.20048309178743962,0.02960354834794998
Exp4: Full CAMAD,PR,670,0.9880952380952381,0.2007255139056832,0.029735106974840164
Exp4: Full CAMAD,PR,671,0.9880952380952381,0.2009685230024213,0.030033595860004425
Exp4: Full CAMAD,PR,672,0.9880952380952381,0.2012121212121212,0.030044106766581535
Exp4: Full CAMAD,PR,673,0.9880952380952381,0.20145631067961164,0.030402330681681633
Exp4: Full CAMAD,PR,674,0.9880952380952381,0.20170109356014582,0.030404722318053246
Exp4: Full CAMAD,PR,675,0.9821428571428571,0.20072992700729927,0.030429916456341743
Exp4: Full CAMAD,PR,676,0.9821428571428571,0.20097442143727162,0.03044448234140873
Exp4: Full CAMAD,PR,677,0.9821428571428571,0.20121951219512196,0.03063635155558586
Exp4: Full CAMAD,PR,678,0.9821428571428571,0.20146520146520147,0.030903218314051628
Exp4: Full CAMAD,PR,679,0.9821428571428571,0.2017114914425428,0.03130558505654335
Exp4: Full CAMAD,PR,680,0.9821428571428571,0.20195838433292534,0.03135203197598457
Exp4: Full CAMAD,PR,681,0.9821428571428571,0.20220588235294118,0.03140290454030037
Exp4: Full CAMAD,PR,682,0.9821428571428571,0.20245398773006135,0.031492672860622406
Exp4: Full CAMAD,PR,683,0.9821428571428571,0.20270270270270271,0.03149709850549698
Exp4: Full CAMAD,PR,684,0.9821428571428571,0.2029520295202952,0.031744565814733505
Exp4: Full CAMAD,PR,685,0.9821428571428571,0.20320197044334976,0.03189869597554207
Exp4: Full CAMAD,PR,686,0.9821428571428571,0.2034525277435265,0.03191915899515152
Exp4: Full CAMAD,PR,687,0.9821428571428571,0.2037037037037037,0.03221379965543747
Exp4: Full CAMAD,PR,688,0.9821428571428571,0.20395550061804696,0.03240876644849777
Exp4: Full CAMAD,PR,689,0.9821428571428571,0.2042079207920792,0.03272128105163574
Exp4: Full CAMAD,PR,690,0.9821428571428571,0.20446096654275092,0.03286990523338318
Exp4: Full CAMAD,PR,691,0.9821428571428571,0.20471464019851116,0.0331672802567482
Exp4: Full CAMAD,PR,692,0.9821428571428571,0.20496894409937888,0.034210097044706345
Exp4: Full CAMAD,PR,693,0.9821428571428571,0.20522388059701493,0.034225430339574814
Exp4: Full CAMAD,PR,694,0.9821428571428571,0.2054794520547945,0.034311387687921524
Exp4: Full CAMAD,PR,695,0.9821428571428571,0.2057356608478803,0.0343988873064518
Exp4: Full CAMAD,PR,696,0.9821428571428571,0.20599250936329588,0.03446752578020096
Exp4: Full CAMAD,PR,697,0.9821428571428571,0.20625,0.03465176373720169
Exp4: Full CAMAD,PR,698,0.9821428571428571,0.2065081351689612,0.034839339554309845
Exp4: Full CAMAD,PR,699,0.9821428571428571,0.20676691729323307,0.03511460870504379
Exp4: Full CAMAD,PR,700,0.9821428571428571,0.20702634880803011,0.03517545387148857
Exp4: Full CAMAD,PR,701,0.9821428571428571,0.20728643216080403,0.03550509363412857
Exp4: Full CAMAD,PR,702,0.9821428571428571,0.20754716981132076,0.03565703332424164
Exp4: Full CAMAD,PR,703,0.9821428571428571,0.20780856423173805,0.03569106385111809
Exp4: Full CAMAD,PR,704,0.9821428571428571,0.2080706179066835,0.03576629236340523
Exp4: Full CAMAD,PR,705,0.9821428571428571,0.20833333333333334,0.0358559750020504
Exp4: Full CAMAD,PR,706,0.9821428571428571,0.20859671302149177,0.03600839152932167
Exp4: Full CAMAD,PR,707,0.9821428571428571,0.2088607594936709,0.03632491081953049
Exp4: Full CAMAD,PR,708,0.9821428571428571,0.20912547528517111,0.03643665462732315
Exp4: Full CAMAD,PR,709,0.9821428571428571,0.20939086294416243,0.03661699593067169
Exp4: Full CAMAD,PR,710,0.9821428571428571,0.2096569250317662,0.03663141652941704
Exp4: Full CAMAD,PR,711,0.9821428571428571,0.2099236641221374,0.03708892688155174
Exp4: Full CAMAD,PR,712,0.9821428571428571,0.21019108280254778,0.03744307905435562
Exp4: Full CAMAD,PR,713,0.9821428571428571,0.21045918367346939,0.037582822144031525
Exp4: Full CAMAD,PR,714,0.9821428571428571,0.210727969348659,0.03778067231178284
Exp4: Full CAMAD,PR,715,0.9821428571428571,0.21099744245524296,0.037784088402986526
Exp4: Full CAMAD,PR,716,0.9821428571428571,0.2112676056338028,0.03778975456953049
Exp4: Full CAMAD,PR,717,0.9761904761904762,0.21025641025641026,0.03879227861762047
Exp4: Full CAMAD,PR,718,0.9761904761904762,0.21052631578947367,0.038816239684820175
Exp4: Full CAMAD,PR,719,0.9761904761904762,0.21079691516709512,0.0388207770884037
Exp4: Full CAMAD,PR,720,0.9761904761904762,0.21106821106821108,0.03909366950392723
Exp4: Full CAMAD,PR,721,0.9761904761904762,0.211340206185567,0.03911038115620613
Exp4: Full CAMAD,PR,722,0.9761904761904762,0.21161290322580645,0.03973190858960152
Exp4: Full CAMAD,PR,723,0.9761904761904762,0.21188630490956073,0.040004417300224304
Exp4: Full CAMAD,PR,724,0.9761904761904762,0.21216041397153945,0.04026785492897034
Exp4: Full CAMAD,PR,725,0.9761904761904762,0.21243523316062177,0.040352996438741684
Exp4: Full CAMAD,PR,726,0.9761904761904762,0.2127107652399481,0.04036301001906395
Exp4: Full CAMAD,PR,727,0.9761904761904762,0.21298701298701297,0.040583595633506775
Exp4: Full CAMAD,PR,728,0.9761904761904762,0.21326397919375814,0.04210938140749931
Exp4: Full CAMAD,PR,729,0.9761904761904762,0.21354166666666666,0.04213353246450424
Exp4: Full CAMAD,PR,730,0.9761904761904762,0.2138200782268579,0.04225226864218712
Exp4: Full CAMAD,PR,731,0.9761904761904762,0.21409921671018275,0.04245230555534363
Exp4: Full CAMAD,PR,732,0.9761904761904762,0.21437908496732025,0.04290523752570152
Exp4: Full CAMAD,PR,733,0.9761904761904762,0.21465968586387435,0.04294074699282646
Exp4: Full CAMAD,PR,734,0.9761904761904762,0.21494102228047182,0.04317396879196167
Exp4: Full CAMAD,PR,735,0.9761904761904762,0.2152230971128609,0.043308693915605545
Exp4: Full CAMAD,PR,736,0.9761904761904762,0.21550591327201052,0.043673671782016754
Exp4: Full CAMAD,PR,737,0.9761904761904762,0.21578947368421053,0.043861616402864456
Exp4: Full CAMAD,PR,738,0.9761904761904762,0.2160737812911726,0.04408024623990059
Exp4: Full CAMAD,PR,739,0.9761904761904762,0.21635883905013192,0.0441313274204731
Exp4: Full CAMAD,PR,740,0.9761904761904762,0.2166446499339498,0.04419191926717758
Exp4: Full CAMAD,PR,741,0.9761904761904762,0.21693121693121692,0.04430884122848511
Exp4: Full CAMAD,PR,742,0.9761904761904762,0.21721854304635763,0.04481275752186775
Exp4: Full CAMAD,PR,743,0.9761904761904762,0.21750663129973474,0.0451529435813427
Exp4: Full CAMAD,PR,744,0.9761904761904762,0.21779548472775564,0.04527232050895691
Exp4: Full CAMAD,PR,745,0.9761904761904762,0.21808510638297873,0.04540400952100754
Exp4: Full CAMAD,PR,746,0.9761904761904762,0.21837549933422104,0.0456378236413002
Exp4: Full CAMAD,PR,747,0.9761904761904762,0.21866666666666668,0.045703284442424774
Exp4: Full CAMAD,PR,748,0.9761904761904762,0.21895861148197596,0.04586273804306984
Exp4: Full CAMAD,PR,749,0.9761904761904762,0.2192513368983957,0.04589105769991875
Exp4: Full CAMAD,PR,750,0.9761904761904762,0.21954484605087016,0.04604743793606758
Exp4: Full CAMAD,PR,751,0.9761904761904762,0.21983914209115282,0.04654490947723389
Exp4: Full CAMAD,PR,752,0.9761904761904762,0.22013422818791947,0.046661775559186935
Exp4: Full CAMAD,PR,753,0.9761904761904762,0.22043010752688172,0.047482121735811234
Exp4: Full CAMAD,PR,754,0.9761904761904762,0.22072678331090176,0.04763520136475563
Exp4: Full CAMAD,PR,755,0.9761904761904762,0.2210242587601078,0.047649722546339035
Exp4: Full CAMAD,PR,756,0.9761904761904762,0.2213225371120108,0.04783284291625023
Exp4: Full CAMAD,PR,757,0.9761904761904762,0.22162162162162163,0.048078011721372604
Exp4: Full CAMAD,PR,758,0.9761904761904762,0.2219215155615697,0.048558637499809265
Exp4: Full CAMAD,PR,759,0.9761904761904762,0.2222222222222222,0.048598513007164
Exp4: Full CAMAD,PR,760,0.9761904761904762,0.2225237449118046,0.04879090189933777
Exp4: Full CAMAD,PR,761,0.9761904761904762,0.22282608695652173,0.0488734096288681
Exp4: Full CAMAD,PR,762,0.9761904761904762,0.22312925170068026,0.04940047115087509
Exp4: Full CAMAD,PR,763,0.9761904761904762,0.22343324250681199,0.04950406029820442
Exp4: Full CAMAD,PR,764,0.9761904761904762,0.22373806275579808,0.049670495092868805
Exp4: Full CAMAD,PR,765,0.9761904761904762,0.22404371584699453,0.04974016174674034
Exp4: Full CAMAD,PR,766,0.9761904761904762,0.2243502051983584,0.049761220812797546
Exp4: Full CAMAD,PR,767,0.9761904761904762,0.22465753424657534,0.04980015754699707
Exp4: Full CAMAD,PR,768,0.9761904761904762,0.22496570644718794,0.050120845437049866
Exp4: Full CAMAD,PR,769,0.9761904761904762,0.22527472527472528,0.050620365887880325
Exp4: Full CAMAD,PR,770,0.9761904761904762,0.22558459422283356,0.051172494888305664
Exp4: Full CAMAD,PR,771,0.9702380952380952,0.22451790633608815,0.051277775317430496
Exp4: Full CAMAD,PR,772,0.9702380952380952,0.22482758620689655,0.051353566348552704
Exp4: Full CAMAD,PR,773,0.9702380952380952,0.22513812154696133,0.05135546252131462
Exp4: Full CAMAD,PR,774,0.9702380952380952,0.22544951590594745,0.05157934129238129
Exp4: Full CAMAD,PR,775,0.9702380952380952,0.2257617728531856,0.051864705979824066
Exp4: Full CAMAD,PR,776,0.9702380952380952,0.2260748959778086,0.05203370749950409
Exp4: Full CAMAD,PR,777,0.9702380952380952,0.2263888888888889,0.05204123258590698
Exp4: Full CAMAD,PR,778,0.9702380952380952,0.2267037552155772,0.05220149829983711
Exp4: Full CAMAD,PR,779,0.9702380952380952,0.22701949860724233,0.052262913435697556
Exp4: Full CAMAD,PR,780,0.9702380952380952,0.22733612273361228,0.052270758897066116
Exp4: Full CAMAD,PR,781,0.9702380952380952,0.2276536312849162,0.052458591759204865
Exp4: Full CAMAD,PR,782,0.9702380952380952,0.22797202797202798,0.052471112459897995
Exp4: Full CAMAD,PR,783,0.9702380952380952,0.22829131652661064,0.05265265330672264
Exp4: Full CAMAD,PR,784,0.9702380952380952,0.22861150070126227,0.0531180314719677
Exp4: Full CAMAD,PR,785,0.9702380952380952,0.22893258426966293,0.053414132446050644
Exp4: Full CAMAD,PR,786,0.9702380952380952,0.22925457102672292,0.053695861250162125
Exp4: Full CAMAD,PR,787,0.9702380952380952,0.2295774647887324,0.053941402584314346
Exp4: Full CAMAD,PR,788,0.9702380952380952,0.229901269393512,0.054359130561351776
Exp4: Full CAMAD,PR,789,0.9702380952380952,0.23022598870056496,0.05448545888066292
Exp4: Full CAMAD,PR,790,0.9702380952380952,0.23055162659123055,0.05489609017968178
Exp4: Full CAMAD,PR,791,0.9702380952380952,0.23087818696883852,0.055035173892974854
Exp4: Full CAMAD,PR,792,0.9702380952380952,0.23120567375886525,0.055547915399074554
Exp4: Full CAMAD,PR,793,0.9642857142857143,0.23011363636363635,0.055589474737644196
Exp4: Full CAMAD,PR,794,0.9642857142857143,0.23044096728307253,0.05592837929725647
Exp4: Full CAMAD,PR,795,0.9642857142857143,0.23076923076923078,0.056745778769254684
Exp4: Full CAMAD,PR,796,0.9642857142857143,0.23109843081312412,0.05731711536645889
Exp4: Full CAMAD,PR,797,0.9642857142857143,0.23142857142857143,0.05736790969967842
Exp4: Full CAMAD,PR,798,0.9642857142857143,0.2317596566523605,0.05750609189271927
Exp4: Full CAMAD,PR,799,0.9642857142857143,0.23209169054441262,0.05777828022837639
Exp4: Full CAMAD,PR,800,0.9642857142857143,0.23242467718794835,0.05824882537126541
Exp4: Full CAMAD,PR,801,0.9642857142857143,0.23275862068965517,0.05833813175559044
Exp4: Full CAMAD,PR,802,0.9642857142857143,0.23309352517985613,0.05901030823588371
Exp4: Full CAMAD,PR,803,0.9642857142857143,0.2334293948126801,0.059643443673849106
Exp4: Full CAMAD,PR,804,0.9642857142857143,0.23376623376623376,0.060103267431259155
Exp4: Full CAMAD,PR,805,0.9642857142857143,0.23410404624277456,0.06103229150176048
Exp4: Full CAMAD,PR,806,0.9642857142857143,0.23444283646888567,0.06148318573832512
Exp4: Full CAMAD,PR,807,0.9642857142857143,0.23478260869565218,0.06161278486251831
Exp4: Full CAMAD,PR,808,0.9642857142857143,0.2351233671988389,0.06161578744649887
Exp4: Full CAMAD,PR,809,0.9642857142857143,0.23546511627906977,0.0616215355694294
Exp4: Full CAMAD,PR,810,0.9642857142857143,0.23580786026200873,0.06194587051868439
Exp4: Full CAMAD,PR,811,0.9642857142857143,0.23615160349854228,0.06196780502796173
Exp4: Full CAMAD,PR,812,0.9583333333333334,0.23503649635036497,0.06206362321972847
Exp4: Full CAMAD,PR,813,0.9583333333333334,0.23538011695906433,0.062348149716854095
Exp4: Full CAMAD,PR,814,0.9583333333333334,0.23572474377745242,0.06284194439649582
Exp4: Full CAMAD,PR,815,0.9583333333333334,0.23607038123167157,0.0628710687160492
Exp4: Full CAMAD,PR,816,0.9583333333333334,0.23641703377386197,0.063295379281044
Exp4: Full CAMAD,PR,817,0.9583333333333334,0.23676470588235293,0.0633026733994484
Exp4: Full CAMAD,PR,818,0.9583333333333334,0.23711340206185566,0.06331080198287964
Exp4: Full CAMAD,PR,819,0.9583333333333334,0.2374631268436578,0.06372089684009552
Exp4: Full CAMAD,PR,820,0.9583333333333334,0.2378138847858198,0.06406388431787491
Exp4: Full CAMAD,PR,821,0.9583333333333334,0.23816568047337278,0.06419133394956589
Exp4: Full CAMAD,PR,822,0.9583333333333334,0.23851851851851852,0.06434191018342972
Exp4: Full CAMAD,PR,823,0.9583333333333334,0.23887240356083086,0.06450402736663818
Exp4: Full CAMAD,PR,824,0.9583333333333334,0.23922734026745915,0.06471233814954758
Exp4: Full CAMAD,PR,825,0.9583333333333334,0.23958333333333334,0.0649150088429451
Exp4: Full CAMAD,PR,826,0.9583333333333334,0.2399403874813711,0.0665067806839943
Exp4: Full CAMAD,PR,827,0.9583333333333334,0.24029850746268658,0.06671978533267975
Exp4: Full CAMAD,PR,828,0.9583333333333334,0.2406576980568012,0.06684121489524841
Exp4: Full CAMAD,PR,829,0.9583333333333334,0.2410179640718563,0.06685902923345566
Exp4: Full CAMAD,PR,830,0.9583333333333334,0.2413793103448276,0.06741803139448166
Exp4: Full CAMAD,PR,831,0.9583333333333334,0.24174174174174173,0.06745123863220215
Exp4: Full CAMAD,PR,832,0.9583333333333334,0.24210526315789474,0.06767011433839798
Exp4: Full CAMAD,PR,833,0.9583333333333334,0.24246987951807228,0.06768235564231873
Exp4: Full CAMAD,PR,834,0.9583333333333334,0.24283559577677225,0.06846800446510315
Exp4: Full CAMAD,PR,835,0.9583333333333334,0.243202416918429,0.06865611672401428
Exp4: Full CAMAD,PR,836,0.9583333333333334,0.24357034795763993,0.06893964856863022
Exp4: Full CAMAD,PR,837,0.9583333333333334,0.24393939393939393,0.06898094713687897
Exp4: Full CAMAD,PR,838,0.9583333333333334,0.24430955993930198,0.06918532401323318
Exp4: Full CAMAD,PR,839,0.9583333333333334,0.24468085106382978,0.0693868100643158
Exp4: Full CAMAD,PR,840,0.9583333333333334,0.2450532724505327,0.0694776326417923
Exp4: Full CAMAD,PR,841,0.9583333333333334,0.24542682926829268,0.06985877454280853
Exp4: Full CAMAD,PR,842,0.9583333333333334,0.24580152671755726,0.07000860571861267
Exp4: Full CAMAD,PR,843,0.9583333333333334,0.24617737003058104,0.07016979157924652
Exp4: Full CAMAD,PR,844,0.9583333333333334,0.24655436447166923,0.07030871510505676
Exp4: Full CAMAD,PR,845,0.9583333333333334,0.2469325153374233,0.07064744085073471
Exp4: Full CAMAD,PR,846,0.9583333333333334,0.24731182795698925,0.07069873064756393
Exp4: Full CAMAD,PR,847,0.9583333333333334,0.24769230769230768,0.0715894103050232
Exp4: Full CAMAD,PR,848,0.9583333333333334,0.24807395993836673,0.0727069154381752
Exp4: Full CAMAD,PR,849,0.9583333333333334,0.24845679012345678,0.07272686064243317
Exp4: Full CAMAD,PR,850,0.9523809523809523,0.2472952086553323,0.07403261214494705
Exp4: Full CAMAD,PR,851,0.9523809523809523,0.2476780185758514,0.07409355789422989
Exp4: Full CAMAD,PR,852,0.9523809523809523,0.24806201550387597,0.07419023662805557
Exp4: Full CAMAD,PR,853,0.9523809523809523,0.24883359253499224,0.07444631308317184
Exp4: Full CAMAD,PR,854,0.9523809523809523,0.24922118380062305,0.074854776263237
Exp4: Full CAMAD,PR,855,0.9523809523809523,0.24960998439937598,0.07487909495830536
Exp4: Full CAMAD,PR,856,0.9523809523809523,0.25,0.07488707453012466
Exp4: Full CAMAD,PR,857,0.9523809523809523,0.25039123630672927,0.07571078091859818
Exp4: Full CAMAD,PR,858,0.9523809523809523,0.2507836990595611,0.07576565444469452
Exp4: Full CAMAD,PR,859,0.9523809523809523,0.25117739403453687,0.07589244842529297
Exp4: Full CAMAD,PR,860,0.9523809523809523,0.25157232704402516,0.07705226540565491
Exp4: Full CAMAD,PR,861,0.9523809523809523,0.25196850393700787,0.07710663974285126
Exp4: Full CAMAD,PR,862,0.9523809523809523,0.25236593059936907,0.07730598002672195
Exp4: Full CAMAD,PR,863,0.9523809523809523,0.2527646129541864,0.07733194530010223
Exp4: Full CAMAD,PR,864,0.9523809523809523,0.25316455696202533,0.07785749435424805
Exp4: Full CAMAD,PR,865,0.9523809523809523,0.25356576862123614,0.07795872539281845
Exp4: Full CAMAD,PR,866,0.9523809523809523,0.25396825396825395,0.07797320932149887
Exp4: Full CAMAD,PR,867,0.9523809523809523,0.2543720190779014,0.0780634805560112
Exp4: Full CAMAD,PR,868,0.9523809523809523,0.25477707006369427,0.07825616002082825
Exp4: Full CAMAD,PR,869,0.9523809523809523,0.2551834130781499,0.0783931314945221
Exp4: Full CAMAD,PR,870,0.9523809523809523,0.25559105431309903,0.07844013720750809
Exp4: Full CAMAD,PR,871,0.9523809523809523,0.256,0.0787644162774086
Exp4: Full CAMAD,PR,872,0.9523809523809523,0.2564102564102564,0.0793023556470871
Exp4: Full CAMAD,PR,873,0.9523809523809523,0.2568218298555377,0.0793166235089302
Exp4: Full CAMAD,PR,874,0.9523809523809523,0.2572347266881029,0.07943768799304962
Exp4: Full CAMAD,PR,875,0.9523809523809523,0.2576489533011272,0.07946255058050156
Exp4: Full CAMAD,PR,876,0.9523809523809523,0.25806451612903225,0.0795716866850853
Exp4: Full CAMAD,PR,877,0.9523809523809523,0.25848142164781907,0.08021131157875061
Exp4: Full CAMAD,PR,878,0.9523809523809523,0.2588996763754045,0.08029744029045105
Exp4: Full CAMAD,PR,879,0.9523809523809523,0.2593192868719611,0.0803925022482872
Exp4: Full CAMAD,PR,880,0.9523809523809523,0.2597402597402597,0.08094769716262817
Exp4: Full CAMAD,PR,881,0.9523809523809523,0.2601626016260163,0.0812559574842453
Exp4: Full CAMAD,PR,882,0.9523809523809523,0.26058631921824105,0.08153732866048813
Exp4: Full CAMAD,PR,883,0.9523809523809523,0.26101141924959215,0.08253606408834457
Exp4: Full CAMAD,PR,884,0.9523809523809523,0.26143790849673204,0.08291281759738922
Exp4: Full CAMAD,PR,885,0.9523809523809523,0.2618657937806874,0.08296210318803787
Exp4: Full CAMAD,PR,886,0.9523809523809523,0.26229508196721313,0.08306171745061874
Exp4: Full CAMAD,PR,887,0.9523809523809523,0.2627257799671593,0.08307990431785583
Exp4: Full CAMAD,PR,888,0.9523809523809523,0.2631578947368421,0.08332084864377975
Exp4: Full CAMAD,PR,889,0.9523809523809523,0.26359143327841844,0.0852014422416687
Exp4: Full CAMAD,PR,890,0.9523809523809523,0.264026402640264,0.08560225367546082
Exp4: Full CAMAD,PR,891,0.9523809523809523,0.2644628099173554,0.08638573437929153
Exp4: Full CAMAD,PR,892,0.9523809523809523,0.26490066225165565,0.08679036051034927
Exp4: Full CAMAD,PR,893,0.9523809523809523,0.26533996683250416,0.08779758214950562
Exp4: Full CAMAD,PR,894,0.9523809523809523,0.26578073089701,0.08786531537771225
Exp4: Full CAMAD,PR,895,0.9523809523809523,0.26622296173044924,0.08832396566867828
Exp4: Full CAMAD,PR,896,0.9523809523809523,0.26666666666666666,0.08849585056304932
Exp4: Full CAMAD,PR,897,0.9523809523809523,0.2671118530884808,0.08886194229125977
Exp4: Full CAMAD,PR,898,0.9523809523809523,0.26755852842809363,0.08887206017971039
Exp4: Full CAMAD,PR,899,0.9464285714285714,0.2663316582914573,0.0889253169298172
Exp4: Full CAMAD,PR,900,0.9404761904761905,0.2651006711409396,0.09039416164159775
Exp4: Full CAMAD,PR,901,0.9404761904761905,0.26554621848739496,0.09053978323936462
Exp4: Full CAMAD,PR,902,0.9404761904761905,0.265993265993266,0.09075272083282471
Exp4: Full CAMAD,PR,903,0.9404761904761905,0.26644182124789206,0.09194252640008926
Exp4: Full CAMAD,PR,904,0.9404761904761905,0.2668918918918919,0.09223828464746475
Exp4: Full CAMAD,PR,905,0.9404761904761905,0.2673434856175973,0.09246282279491425
Exp4: Full CAMAD,PR,906,0.9404761904761905,0.2677966101694915,0.09263341128826141
Exp4: Full CAMAD,PR,907,0.9404761904761905,0.26825127334465193,0.0929967612028122
Exp4: Full CAMAD,PR,908,0.9404761904761905,0.2687074829931973,0.0930449441075325
Exp4: Full CAMAD,PR,909,0.9404761904761905,0.26916524701873934,0.09326821565628052
Exp4: Full CAMAD,PR,910,0.9404761904761905,0.2696245733788396,0.09358887374401093
Exp4: Full CAMAD,PR,911,0.9404761904761905,0.27008547008547007,0.09425229579210281
Exp4: Full CAMAD,PR,912,0.9404761904761905,0.2705479452054795,0.0943991020321846
Exp4: Full CAMAD,PR,913,0.9404761904761905,0.27101200686106347,0.09461473673582077
Exp4: Full CAMAD,PR,914,0.9404761904761905,0.27147766323024053,0.09470067918300629
Exp4: Full CAMAD,PR,915,0.9404761904761905,0.2719449225473322,0.0949089303612709
Exp4: Full CAMAD,PR,916,0.9404761904761905,0.27241379310344827,0.0949837863445282
Exp4: Full CAMAD,PR,917,0.9404761904761905,0.27288428324697755,0.09600145369768143
Exp4: Full CAMAD,PR,918,0.9345238095238095,0.27162629757785467,0.09641547501087189
Exp4: Full CAMAD,PR,919,0.9345238095238095,0.2720970537261698,0.09689401835203171
Exp4: Full CAMAD,PR,920,0.9345238095238095,0.2725694444444444,0.09793271869421005
Exp4: Full CAMAD,PR,921,0.9345238095238095,0.27304347826086955,0.09867807477712631
Exp4: Full CAMAD,PR,922,0.9345238095238095,0.2735191637630662,0.09948594868183136
Exp4: Full CAMAD,PR,923,0.9345238095238095,0.27399650959860383,0.1003165990114212
Exp4: Full CAMAD,PR,924,0.9345238095238095,0.2744755244755245,0.10042126476764679
Exp4: Full CAMAD,PR,925,0.9345238095238095,0.27495621716287216,0.1009708046913147
Exp4: Full CAMAD,PR,926,0.9345238095238095,0.2754385964912281,0.10114680975675583
Exp4: Full CAMAD,PR,927,0.9345238095238095,0.2759226713532513,0.10139179974794388
Exp4: Full CAMAD,PR,928,0.9345238095238095,0.2764084507042254,0.10159624367952347
Exp4: Full CAMAD,PR,929,0.9345238095238095,0.2768959435626102,0.10212311148643494
Exp4: Full CAMAD,PR,930,0.9345238095238095,0.2773851590106007,0.10255036503076553
Exp4: Full CAMAD,PR,931,0.9345238095238095,0.2778761061946903,0.10279421508312225
Exp4: Full CAMAD,PR,932,0.9345238095238095,0.2783687943262411,0.10309112817049026
Exp4: Full CAMAD,PR,933,0.9345238095238095,0.27886323268206037,0.10311225056648254
Exp4: Full CAMAD,PR,934,0.9345238095238095,0.2793594306049822,0.1035209372639656
Exp4: Full CAMAD,PR,935,0.9345238095238095,0.2798573975044563,0.10363316535949707
Exp4: Full CAMAD,PR,936,0.9345238095238095,0.28035714285714286,0.1036679744720459
Exp4: Full CAMAD,PR,937,0.9345238095238095,0.2808586762075134,0.1049652248620987
Exp4: Full CAMAD,PR,938,0.9345238095238095,0.28136200716845877,0.10511547327041626
Exp4: Full CAMAD,PR,939,0.9345238095238095,0.28186714542190305,0.10515742748975754
Exp4: Full CAMAD,PR,940,0.9345238095238095,0.2823741007194245,0.10567989200353622
Exp4: Full CAMAD,PR,941,0.9285714285714286,0.2810810810810811,0.10616273432970047
Exp4: Full CAMAD,PR,942,0.9285714285714286,0.2815884476534296,0.10621073096990585
Exp4: Full CAMAD,PR,943,0.9285714285714286,0.2820976491862568,0.10739219188690186
Exp4: Full CAMAD,PR,944,0.9285714285714286,0.2826086956521739,0.10740209370851517
Exp4: Full CAMAD,PR,945,0.9285714285714286,0.2831215970961887,0.10750231891870499
Exp4: Full CAMAD,PR,946,0.9285714285714286,0.28363636363636363,0.10772579908370972
Exp4: Full CAMAD,PR,947,0.9285714285714286,0.28415300546448086,0.10844364017248154
Exp4: Full CAMAD,PR,948,0.9285714285714286,0.2846715328467153,0.10991818457841873
Exp4: Full CAMAD,PR,949,0.9285714285714286,0.2851919561243144,0.11058133095502853
Exp4: Full CAMAD,PR,950,0.9285714285714286,0.2857142857142857,0.110602967441082
Exp4: Full CAMAD,PR,951,0.9285714285714286,0.28623853211009176,0.1114247739315033
Exp4: Full CAMAD,PR,952,0.9285714285714286,0.2867647058823529,0.11153505742549896
Exp4: Full CAMAD,PR,953,0.9226190476190477,0.285451197053407,0.11163365840911865
Exp4: Full CAMAD,PR,954,0.9226190476190477,0.2859778597785978,0.11238733679056168
Exp4: Full CAMAD,PR,955,0.9226190476190477,0.28650646950092423,0.11242128163576126
Exp4: Full CAMAD,PR,956,0.9226190476190477,0.28703703703703703,0.11249928176403046
Exp4: Full CAMAD,PR,957,0.9226190476190477,0.287569573283859,0.11251651495695114
Exp4: Full CAMAD,PR,958,0.9226190476190477,0.28810408921933084,0.11309148371219635
Exp4: Full CAMAD,PR,959,0.9226190476190477,0.2886405959031657,0.11358172446489334
Exp4: Full CAMAD,PR,960,0.9226190476190477,0.2891791044776119,0.11449427902698517
Exp4: Full CAMAD,PR,961,0.9226190476190477,0.2897196261682243,0.11604013293981552
Exp4: Full CAMAD,PR,962,0.9226190476190477,0.2902621722846442,0.1162901371717453
Exp4: Full CAMAD,PR,963,0.9226190476190477,0.29080675422138835,0.1163681149482727
Exp4: Full CAMAD,PR,964,0.9226190476190477,0.29135338345864664,0.11699685454368591
Exp4: Full CAMAD,PR,965,0.9226190476190477,0.2919020715630885,0.11702479422092438
Exp4: Full CAMAD,PR,966,0.9226190476190477,0.29245283018867924,0.11738961189985275
Exp4: Full CAMAD,PR,967,0.9226190476190477,0.29300567107750475,0.1182870864868164
Exp4: Full CAMAD,PR,968,0.9226190476190477,0.2935606060606061,0.11917933821678162
Exp4: Full CAMAD,PR,969,0.9226190476190477,0.29411764705882354,0.12007638067007065
Exp4: Full CAMAD,PR,970,0.9226190476190477,0.2946768060836502,0.12029425799846649
Exp4: Full CAMAD,PR,971,0.9226190476190477,0.29523809523809524,0.12054385244846344
Exp4: Full CAMAD,PR,972,0.9226190476190477,0.2958015267175573,0.12083788961172104
Exp4: Full CAMAD,PR,973,0.9226190476190477,0.29636711281070743,0.12084681540727615
Exp4: Full CAMAD,PR,974,0.9226190476190477,0.29693486590038315,0.12134364247322083
Exp4: Full CAMAD,PR,975,0.9226190476190477,0.29750479846449135,0.1214618980884552
Exp4: Full CAMAD,PR,976,0.9226190476190477,0.2980769230769231,0.1215130016207695
Exp4: Full CAMAD,PR,977,0.9226190476190477,0.29865125240847784,0.12351355701684952
Exp4: Full CAMAD,PR,978,0.9226190476190477,0.29922779922779924,0.12353429198265076
Exp4: Full CAMAD,PR,979,0.9226190476190477,0.29980657640232106,0.12393146753311157
Exp4: Full CAMAD,PR,980,0.9226190476190477,0.3003875968992248,0.12446364015340805
Exp4: Full CAMAD,PR,981,0.9226190476190477,0.30097087378640774,0.12476879358291626
Exp4: Full CAMAD,PR,982,0.9226190476190477,0.301556420233463,0.12484162300825119
Exp4: Full CAMAD,PR,983,0.9226190476190477,0.30214424951267055,0.12487798184156418
Exp4: Full CAMAD,PR,984,0.9166666666666666,0.30078125,0.12501007318496704
Exp4: Full CAMAD,PR,985,0.9166666666666666,0.3013698630136986,0.12619513273239136
Exp4: Full CAMAD,PR,986,0.9166666666666666,0.30196078431372547,0.12684546411037445
Exp4: Full CAMAD,PR,987,0.9166666666666666,0.3025540275049116,0.1269126683473587
Exp4: Full CAMAD,PR,988,0.9166666666666666,0.3031496062992126,0.12708231806755066
Exp4: Full CAMAD,PR,989,0.9166666666666666,0.3037475345167653,0.12712259590625763
Exp4: Full CAMAD,PR,990,0.9166666666666666,0.30434782608695654,0.12718524038791656
Exp4: Full CAMAD,PR,991,0.9166666666666666,0.30495049504950494,0.12898525595664978
Exp4: Full CAMAD,PR,992,0.9166666666666666,0.3055555555555556,0.1290474832057953
Exp4: Full CAMAD,PR,993,0.9166666666666666,0.3061630218687873,0.1293167620897293
Exp4: Full CAMAD,PR,994,0.9166666666666666,0.30677290836653387,0.13021636009216309
Exp4: Full CAMAD,PR,995,0.9166666666666666,0.3073852295409182,0.13075070083141327
Exp4: Full CAMAD,PR,996,0.9166666666666666,0.308,0.13093926012516022
Exp4: Full CAMAD,PR,997,0.9166666666666666,0.30861723446893785,0.1313115358352661
Exp4: Full CAMAD,PR,998,0.9166666666666666,0.3092369477911647,0.13147111237049103
Exp4: Full CAMAD,PR,999,0.9166666666666666,0.30985915492957744,0.1317339986562729
Exp4: Full CAMAD,PR,1000,0.9166666666666666,0.31048387096774194,0.13239635527133942
Exp4: Full CAMAD,PR,1001,0.9166666666666666,0.3111111111111111,0.1324826329946518
Exp4: Full CAMAD,PR,1002,0.9166666666666666,0.3117408906882591,0.13441897928714752
Exp4: Full CAMAD,PR,1003,0.9166666666666666,0.31237322515212984,0.1353188306093216
Exp4: Full CAMAD,PR,1004,0.9166666666666666,0.3130081300813008,0.13563846051692963
Exp4: Full CAMAD,PR,1005,0.9166666666666666,0.3136456211812627,0.13649794459342957
Exp4: Full CAMAD,PR,1006,0.9166666666666666,0.3142857142857143,0.13713547587394714
Exp4: Full CAMAD,PR,1007,0.9166666666666666,0.3149284253578732,0.13739724457263947
Exp4: Full CAMAD,PR,1008,0.9166666666666666,0.3155737704918033,0.1383133977651596
Exp4: Full CAMAD,PR,1009,0.9166666666666666,0.3162217659137577,0.13884349167346954
Exp4: Full CAMAD,PR,1010,0.9166666666666666,0.3168724279835391,0.13943025469779968
Exp4: Full CAMAD,PR,1011,0.9166666666666666,0.31752577319587627,0.13966502249240875
Exp4: Full CAMAD,PR,1012,0.9166666666666666,0.3181818181818182,0.140738382935524
Exp4: Full CAMAD,PR,1013,0.9107142857142857,0.3167701863354037,0.14080588519573212
Exp4: Full CAMAD,PR,1014,0.9107142857142857,0.31742738589211617,0.14143423736095428
Exp4: Full CAMAD,PR,1015,0.9107142857142857,0.3180873180873181,0.1419476419687271
Exp4: Full CAMAD,PR,1016,0.9107142857142857,0.31875,0.14210835099220276
Exp4: Full CAMAD,PR,1017,0.9047619047619048,0.3173277661795407,0.14248600602149963
Exp4: Full CAMAD,PR,1018,0.8988095238095238,0.3158995815899582,0.14253689348697662
Exp4: Full CAMAD,PR,1019,0.8988095238095238,0.3165618448637317,0.14285026490688324
Exp4: Full CAMAD,PR,1020,0.8988095238095238,0.3172268907563025,0.14318566024303436
Exp4: Full CAMAD,PR,1021,0.8988095238095238,0.3178947368421053,0.1437448114156723
Exp4: Full CAMAD,PR,1022,0.8988095238095238,0.31856540084388185,0.1439715474843979
Exp4: Full CAMAD,PR,1023,0.8988095238095238,0.3192389006342495,0.14473505318164825
Exp4: Full CAMAD,PR,1024,0.8988095238095238,0.3199152542372881,0.14490672945976257
Exp4: Full CAMAD,PR,1025,0.8988095238095238,0.3205944798301486,0.14531739056110382
Exp4: Full CAMAD,PR,1026,0.8988095238095238,0.32127659574468087,0.1458778977394104
Exp4: Full CAMAD,PR,1027,0.8988095238095238,0.32196162046908317,0.14600364863872528
Exp4: Full CAMAD,PR,1028,0.8988095238095238,0.32264957264957267,0.14633552730083466
Exp4: Full CAMAD,PR,1029,0.8988095238095238,0.3233404710920771,0.1480426788330078
Exp4: Full CAMAD,PR,1030,0.8988095238095238,0.3240343347639485,0.15093602240085602
Exp4: Full CAMAD,PR,1031,0.8988095238095238,0.3247311827956989,0.151498943567276
Exp4: Full CAMAD,PR,1032,0.8928571428571429,0.3232758620689655,0.1517076939344406
Exp4: Full CAMAD,PR,1033,0.8928571428571429,0.32397408207343414,0.1526535153388977
Exp4: Full CAMAD,PR,1034,0.8928571428571429,0.3246753246753247,0.15389128029346466
Exp4: Full CAMAD,PR,1035,0.8928571428571429,0.32537960954446854,0.1544579267501831
Exp4: Full CAMAD,PR,1036,0.8928571428571429,0.32608695652173914,0.15528346598148346
Exp4: Full CAMAD,PR,1037,0.8928571428571429,0.32679738562091504,0.15720738470554352
Exp4: Full CAMAD,PR,1038,0.8928571428571429,0.32751091703056767,0.15747736394405365
Exp4: Full CAMAD,PR,1039,0.8928571428571429,0.3282275711159737,0.15938317775726318
Exp4: Full CAMAD,PR,1040,0.8928571428571429,0.32894736842105265,0.16012293100357056
Exp4: Full CAMAD,PR,1041,0.8928571428571429,0.32967032967032966,0.16086970269680023
Exp4: Full CAMAD,PR,1042,0.8928571428571429,0.3303964757709251,0.16092097759246826
Exp4: Full CAMAD,PR,1043,0.8928571428571429,0.33112582781456956,0.1609891653060913
Exp4: Full CAMAD,PR,1044,0.8928571428571429,0.33185840707964603,0.1611453890800476
Exp4: Full CAMAD,PR,1045,0.8928571428571429,0.3325942350332594,0.1621185541152954
Exp4: Full CAMAD,PR,1046,0.8928571428571429,0.3333333333333333,0.16222748160362244
Exp4: Full CAMAD,PR,1047,0.8928571428571429,0.33407572383073497,0.16237123310565948
Exp4: Full CAMAD,PR,1048,0.8928571428571429,0.33482142857142855,0.1642971932888031
Exp4: Full CAMAD,PR,1049,0.8928571428571429,0.33557046979865773,0.16500641405582428
Exp4: Full CAMAD,PR,1050,0.8869047619047619,0.33408071748878926,0.1653413623571396
Exp4: Full CAMAD,PR,1051,0.8869047619047619,0.3348314606741573,0.16622523963451385
Exp4: Full CAMAD,PR,1052,0.8869047619047619,0.3355855855855856,0.16657346487045288
Exp4: Full CAMAD,PR,1053,0.8869047619047619,0.3363431151241535,0.16844002902507782
Exp4: Full CAMAD,PR,1054,0.8869047619047619,0.33710407239819007,0.1684778481721878
Exp4: Full CAMAD,PR,1055,0.8869047619047619,0.3378684807256236,0.1710781306028366
Exp4: Full CAMAD,PR,1056,0.8869047619047619,0.3386363636363636,0.1720391809940338
Exp4: Full CAMAD,PR,1057,0.8809523809523809,0.33712984054669703,0.17303965985774994
Exp4: Full CAMAD,PR,1058,0.8809523809523809,0.3378995433789954,0.17326734960079193
Exp4: Full CAMAD,PR,1059,0.8809523809523809,0.33867276887871856,0.17368996143341064
Exp4: Full CAMAD,PR,1060,0.8809523809523809,0.3394495412844037,0.17412950098514557
Exp4: Full CAMAD,PR,1061,0.8809523809523809,0.34022988505747126,0.1746079921722412
Exp4: Full CAMAD,PR,1062,0.875,0.3387096774193548,0.17482618987560272
Exp4: Full CAMAD,PR,1063,0.8690476190476191,0.3371824480369515,0.17629681527614594
Exp4: Full CAMAD,PR,1064,0.8690476190476191,0.33796296296296297,0.17675195634365082
Exp4: Full CAMAD,PR,1065,0.8630952380952381,0.33642691415313225,0.17769652605056763
Exp4: Full CAMAD,PR,1066,0.8630952380952381,0.3372093023255814,0.17781610786914825
Exp4: Full CAMAD,PR,1067,0.8630952380952381,0.337995337995338,0.17879077792167664
Exp4: Full CAMAD,PR,1068,0.8630952380952381,0.338785046728972,0.17908574640750885
Exp4: Full CAMAD,PR,1069,0.8630952380952381,0.3395784543325527,0.1798674464225769
Exp4: Full CAMAD,PR,1070,0.8630952380952381,0.3403755868544601,0.18139944970607758
Exp4: Full CAMAD,PR,1071,0.8630952380952381,0.3411764705882353,0.18205638229846954
Exp4: Full CAMAD,PR,1072,0.8630952380952381,0.3419811320754717,0.18406641483306885
Exp4: Full CAMAD,PR,1073,0.8630952380952381,0.34278959810874704,0.1853024959564209
Exp4: Full CAMAD,PR,1074,0.8630952380952381,0.34360189573459715,0.18599463999271393
Exp4: Full CAMAD,PR,1075,0.8630952380952381,0.34441805225653205,0.18742193281650543
Exp4: Full CAMAD,PR,1076,0.8630952380952381,0.34523809523809523,0.18786931037902832
Exp4: Full CAMAD,PR,1077,0.8630952380952381,0.3460620525059666,0.1878950297832489
Exp4: Full CAMAD,PR,1078,0.8630952380952381,0.34688995215311,0.18813465535640717
Exp4: Full CAMAD,PR,1079,0.8630952380952381,0.34772182254196643,0.18939538300037384
Exp4: Full CAMAD,PR,1080,0.8630952380952381,0.3485576923076923,0.19085372984409332
Exp4: Full CAMAD,PR,1081,0.8630952380952381,0.3493975903614458,0.19216792285442352
Exp4: Full CAMAD,PR,1082,0.8630952380952381,0.3502415458937198,0.19261957705020905
Exp4: Full CAMAD,PR,1083,0.8630952380952381,0.35108958837772397,0.19332730770111084
Exp4: Full CAMAD,PR,1084,0.8630952380952381,0.35194174757281554,0.19545958936214447
Exp4: Full CAMAD,PR,1085,0.8630952380952381,0.35279805352798055,0.1956036388874054
Exp4: Full CAMAD,PR,1086,0.8630952380952381,0.35365853658536583,0.1968192160129547
Exp4: Full CAMAD,PR,1087,0.8630952380952381,0.3545232273838631,0.19762243330478668
Exp4: Full CAMAD,PR,1088,0.8630952380952381,0.3553921568627451,0.19767074286937714
Exp4: Full CAMAD,PR,1089,0.8630952380952381,0.35626535626535627,0.1993471086025238
Exp4: Full CAMAD,PR,1090,0.8630952380952381,0.35714285714285715,0.20045003294944763
Exp4: Full CAMAD,PR,1091,0.8630952380952381,0.35802469135802467,0.20263485610485077
Exp4: Full CAMAD,PR,1092,0.8630952380952381,0.3589108910891089,0.20264707505702972
Exp4: Full CAMAD,PR,1093,0.8630952380952381,0.3598014888337469,0.2030995637178421
Exp4: Full CAMAD,PR,1094,0.8630952380952381,0.36069651741293535,0.2033514380455017
Exp4: Full CAMAD,PR,1095,0.8630952380952381,0.36159600997506236,0.2039998173713684
Exp4: Full CAMAD,PR,1096,0.8630952380952381,0.3625,0.20627544820308685
Exp4: Full CAMAD,PR,1097,0.8630952380952381,0.3634085213032581,0.20753026008605957
Exp4: Full CAMAD,PR,1098,0.8630952380952381,0.36432160804020103,0.2075890749692917
Exp4: Full CAMAD,PR,1099,0.8571428571428571,0.36272040302267,0.20813441276550293
Exp4: Full CAMAD,PR,1100,0.8571428571428571,0.36363636363636365,0.2087002396583557
Exp4: Full CAMAD,PR,1101,0.8571428571428571,0.36455696202531646,0.20870381593704224
Exp4: Full CAMAD,PR,1102,0.8571428571428571,0.36548223350253806,0.20895081758499146
Exp4: Full CAMAD,PR,1103,0.8571428571428571,0.366412213740458,0.21048995852470398
Exp4: Full CAMAD,PR,1104,0.8511904761904762,0.3647959183673469,0.21050362288951874
Exp4: Full CAMAD,PR,1105,0.8511904761904762,0.3657289002557545,0.21095241606235504
Exp4: Full CAMAD,PR,1106,0.8511904761904762,0.36666666666666664,0.21220965683460236
Exp4: Full CAMAD,PR,1107,0.8511904761904762,0.3676092544987147,0.21238826215267181
Exp4: Full CAMAD,PR,1108,0.8511904761904762,0.36855670103092786,0.2131630927324295
Exp4: Full CAMAD,PR,1109,0.8511904761904762,0.3695090439276486,0.2132270783185959
Exp4: Full CAMAD,PR,1110,0.8511904761904762,0.3704663212435233,0.21391434967517853
Exp4: Full CAMAD,PR,1111,0.8511904761904762,0.37142857142857144,0.21453309059143066
Exp4: Full CAMAD,PR,1112,0.8511904761904762,0.3723958333333333,0.21463941037654877
Exp4: Full CAMAD,PR,1113,0.8452380952380952,0.370757180156658,0.21475592255592346
Exp4: Full CAMAD,PR,1114,0.8452380952380952,0.3717277486910995,0.21480792760849
Exp4: Full CAMAD,PR,1115,0.8452380952380952,0.37270341207349084,0.21540459990501404
Exp4: Full CAMAD,PR,1116,0.8452380952380952,0.3736842105263158,0.21738474071025848
Exp4: Full CAMAD,PR,1117,0.8452380952380952,0.37467018469656993,0.21954484283924103
Exp4: Full CAMAD,PR,1118,0.8452380952380952,0.37566137566137564,0.22011558711528778
Exp4: Full CAMAD,PR,1119,0.8452380952380952,0.376657824933687,0.22018015384674072
Exp4: Full CAMAD,PR,1120,0.8452380952380952,0.3776595744680851,0.22026310861110687
Exp4: Full CAMAD,PR,1121,0.8452380952380952,0.37866666666666665,0.2208835631608963
Exp4: Full CAMAD,PR,1122,0.8452380952380952,0.37967914438502676,0.2210671454668045
Exp4: Full CAMAD,PR,1123,0.8452380952380952,0.3806970509383378,0.22241608798503876
Exp4: Full CAMAD,PR,1124,0.8452380952380952,0.3817204301075269,0.22592492401599884
Exp4: Full CAMAD,PR,1125,0.8392857142857143,0.38005390835579517,0.22698061168193817
Exp4: Full CAMAD,PR,1126,0.8392857142857143,0.3810810810810811,0.22792573273181915
Exp4: Full CAMAD,PR,1127,0.8392857142857143,0.3821138211382114,0.22877652943134308
Exp4: Full CAMAD,PR,1128,0.8392857142857143,0.38315217391304346,0.22898568212985992
Exp4: Full CAMAD,PR,1129,0.8392857142857143,0.38419618528610355,0.22930608689785004
Exp4: Full CAMAD,PR,1130,0.8392857142857143,0.38524590163934425,0.23229025304317474
Exp4: Full CAMAD,PR,1131,0.8392857142857143,0.3863013698630137,0.23370960354804993
Exp4: Full CAMAD,PR,1132,0.8392857142857143,0.3873626373626374,0.23480547964572906
Exp4: Full CAMAD,PR,1133,0.8392857142857143,0.3884297520661157,0.23495329916477203
Exp4: Full CAMAD,PR,1134,0.8392857142857143,0.38950276243093923,0.2351263463497162
Exp4: Full CAMAD,PR,1135,0.8392857142857143,0.39058171745152354,0.23521049320697784
Exp4: Full CAMAD,PR,1136,0.8392857142857143,0.39166666666666666,0.23924878239631653
Exp4: Full CAMAD,PR,1137,0.8392857142857143,0.39275766016713093,0.24103547632694244
Exp4: Full CAMAD,PR,1138,0.8392857142857143,0.39385474860335196,0.24172794818878174
Exp4: Full CAMAD,PR,1139,0.8392857142857143,0.3949579831932773,0.24568703770637512
Exp4: Full CAMAD,PR,1140,0.8392857142857143,0.3960674157303371,0.24569134414196014
Exp4: Full CAMAD,PR,1141,0.8333333333333334,0.39436619718309857,0.24601063132286072
Exp4: Full CAMAD,PR,1142,0.8333333333333334,0.3954802259887006,0.24639810621738434
Exp4: Full CAMAD,PR,1143,0.8333333333333334,0.39660056657223797,0.24795767664909363
Exp4: Full CAMAD,PR,1144,0.8333333333333334,0.3977272727272727,0.248928502202034
Exp4: Full CAMAD,PR,1145,0.8273809523809523,0.396011396011396,0.24933293461799622
Exp4: Full CAMAD,PR,1146,0.8273809523809523,0.39714285714285713,0.24959371984004974
Exp4: Full CAMAD,PR,1147,0.8273809523809523,0.3982808022922636,0.2498723268508911
Exp4: Full CAMAD,PR,1148,0.8273809523809523,0.3994252873563218,0.2526307702064514
Exp4: Full CAMAD,PR,1149,0.8273809523809523,0.40057636887608067,0.25266116857528687
Exp4: Full CAMAD,PR,1150,0.8273809523809523,0.40173410404624277,0.254707008600235
Exp4: Full CAMAD,PR,1151,0.8273809523809523,0.4028985507246377,0.2548942565917969
Exp4: Full CAMAD,PR,1152,0.8214285714285714,0.4011627906976744,0.2556442618370056
Exp4: Full CAMAD,PR,1153,0.8214285714285714,0.40233236151603496,0.25679340958595276
Exp4: Full CAMAD,PR,1154,0.8214285714285714,0.40350877192982454,0.25711238384246826
Exp4: Full CAMAD,PR,1155,0.8154761904761905,0.40175953079178883,0.25748106837272644
Exp4: Full CAMAD,PR,1156,0.8154761904761905,0.40294117647058825,0.25848427414894104
Exp4: Full CAMAD,PR,1157,0.8154761904761905,0.40412979351032446,0.25852856040000916
Exp4: Full CAMAD,PR,1158,0.8154761904761905,0.40532544378698226,0.2593748867511749
Exp4: Full CAMAD,PR,1159,0.8154761904761905,0.4065281899109792,0.25979483127593994
Exp4: Full CAMAD,PR,1160,0.8154761904761905,0.40773809523809523,0.25995537638664246
Exp4: Full CAMAD,PR,1161,0.8154761904761905,0.408955223880597,0.26101672649383545
Exp4: Full CAMAD,PR,1162,0.8154761904761905,0.4101796407185629,0.2615828514099121
Exp4: Full CAMAD,PR,1163,0.8154761904761905,0.4114114114114114,0.2616867125034332
Exp4: Full CAMAD,PR,1164,0.8154761904761905,0.4126506024096386,0.26304319500923157
Exp4: Full CAMAD,PR,1165,0.8154761904761905,0.41389728096676737,0.26307740807533264
Exp4: Full CAMAD,PR,1166,0.8154761904761905,0.41515151515151516,0.2633483409881592
Exp4: Full CAMAD,PR,1167,0.8154761904761905,0.41641337386018235,0.26340293884277344
Exp4: Full CAMAD,PR,1168,0.8154761904761905,0.4176829268292683,0.2639436423778534
Exp4: Full CAMAD,PR,1169,0.8154761904761905,0.41896024464831805,0.2646009922027588
Exp4: Full CAMAD,PR,1170,0.8154761904761905,0.42024539877300615,0.26554614305496216
Exp4: Full CAMAD,PR,1171,0.8154761904761905,0.42153846153846153,0.2662442624568939
Exp4: Full CAMAD,PR,1172,0.8154761904761905,0.4228395061728395,0.26835209131240845
Exp4: Full CAMAD,PR,1173,0.8154761904761905,0.4241486068111455,0.2685217261314392
Exp4: Full CAMAD,PR,1174,0.8154761904761905,0.4254658385093168,0.2695353329181671
Exp4: Full CAMAD,PR,1175,0.8154761904761905,0.42679127725856697,0.26991212368011475
Exp4: Full CAMAD,PR,1176,0.8154761904761905,0.428125,0.27034127712249756
Exp4: Full CAMAD,PR,1177,0.8154761904761905,0.42946708463949845,0.2705009877681732
Exp4: Full CAMAD,PR,1178,0.8154761904761905,0.4308176100628931,0.2707703411579132
Exp4: Full CAMAD,PR,1179,0.8154761904761905,0.43217665615141954,0.271260529756546
Exp4: Full CAMAD,PR,1180,0.8095238095238095,0.43037974683544306,0.27211007475852966
Exp4: Full CAMAD,PR,1181,0.8035714285714286,0.42857142857142855,0.27225568890571594
Exp4: Full CAMAD,PR,1182,0.8035714285714286,0.4299363057324841,0.2725123167037964
Exp4: Full CAMAD,PR,1183,0.8035714285714286,0.43130990415335463,0.2731199562549591
Exp4: Full CAMAD,PR,1184,0.8035714285714286,0.4326923076923077,0.27534541487693787
Exp4: Full CAMAD,PR,1185,0.8035714285714286,0.4340836012861736,0.28048136830329895
Exp4: Full CAMAD,PR,1186,0.8035714285714286,0.43548387096774194,0.2809812128543854
Exp4: Full CAMAD,PR,1187,0.7976190476190477,0.4336569579288026,0.28226402401924133
Exp4: Full CAMAD,PR,1188,0.7976190476190477,0.43506493506493504,0.28378695249557495
Exp4: Full CAMAD,PR,1189,0.7976190476190477,0.4364820846905538,0.2838819921016693
Exp4: Full CAMAD,PR,1190,0.7976190476190477,0.43790849673202614,0.2841660976409912
Exp4: Full CAMAD,PR,1191,0.7976190476190477,0.43934426229508194,0.28417161107063293
Exp4: Full CAMAD,PR,1192,0.7976190476190477,0.4407894736842105,0.2864674925804138
Exp4: Full CAMAD,PR,1193,0.7976190476190477,0.44224422442244227,0.28654617071151733
Exp4: Full CAMAD,PR,1194,0.7976190476190477,0.44370860927152317,0.2883428931236267
Exp4: Full CAMAD,PR,1195,0.7916666666666666,0.4418604651162791,0.2892332077026367
Exp4: Full CAMAD,PR,1196,0.7916666666666666,0.44333333333333336,0.29038888216018677
Exp4: Full CAMAD,PR,1197,0.7916666666666666,0.44481605351170567,0.29165831208229065
Exp4: Full CAMAD,PR,1198,0.7916666666666666,0.4463087248322148,0.2922103703022003
Exp4: Full CAMAD,PR,1199,0.7916666666666666,0.4478114478114478,0.29337078332901
Exp4: Full CAMAD,PR,1200,0.7916666666666666,0.44932432432432434,0.2935730814933777
Exp4: Full CAMAD,PR,1201,0.7916666666666666,0.45084745762711864,0.2936444580554962
Exp4: Full CAMAD,PR,1202,0.7916666666666666,0.4523809523809524,0.29389268159866333
Exp4: Full CAMAD,PR,1203,0.7916666666666666,0.4539249146757679,0.29490897059440613
Exp4: Full CAMAD,PR,1204,0.7916666666666666,0.4554794520547945,0.2955239415168762
Exp4: Full CAMAD,PR,1205,0.7916666666666666,0.4570446735395189,0.2971785068511963
Exp4: Full CAMAD,PR,1206,0.7857142857142857,0.45517241379310347,0.2983470857143402
Exp4: Full CAMAD,PR,1207,0.7857142857142857,0.45674740484429066,0.30059897899627686
Exp4: Full CAMAD,PR,1208,0.7797619047619048,0.4548611111111111,0.3016508221626282
Exp4: Full CAMAD,PR,1209,0.7797619047619048,0.4564459930313589,0.30427971482276917
Exp4: Full CAMAD,PR,1210,0.7797619047619048,0.458041958041958,0.30510038137435913
Exp4: Full CAMAD,PR,1211,0.7738095238095238,0.45614035087719296,0.30512535572052
Exp4: Full CAMAD,PR,1212,0.7738095238095238,0.45774647887323944,0.30653101205825806
Exp4: Full CAMAD,PR,1213,0.7738095238095238,0.45936395759717313,0.3066438138484955
Exp4: Full CAMAD,PR,1214,0.7738095238095238,0.46099290780141844,0.3073110580444336
Exp4: Full CAMAD,PR,1215,0.7738095238095238,0.4626334519572954,0.3080419898033142
Exp4: Full CAMAD,PR,1216,0.7738095238095238,0.4642857142857143,0.30813321471214294
Exp4: Full CAMAD,PR,1217,0.7738095238095238,0.4659498207885305,0.3082996904850006
Exp4: Full CAMAD,PR,1218,0.7738095238095238,0.4676258992805755,0.31037840247154236
Exp4: Full CAMAD,PR,1219,0.7678571428571429,0.4657039711191336,0.3119337558746338
Exp4: Full CAMAD,PR,1220,0.7678571428571429,0.4673913043478261,0.3122093677520752
Exp4: Full CAMAD,PR,1221,0.7619047619047619,0.46545454545454545,0.3134424686431885
Exp4: Full CAMAD,PR,1222,0.7619047619047619,0.46715328467153283,0.3170962929725647
Exp4: Full CAMAD,PR,1223,0.7619047619047619,0.46886446886446886,0.3173041045665741
Exp4: Full CAMAD,PR,1224,0.7619047619047619,0.47058823529411764,0.3201780319213867
Exp4: Full CAMAD,PR,1225,0.7619047619047619,0.47232472324723246,0.32032978534698486
Exp4: Full CAMAD,PR,1226,0.7619047619047619,0.4740740740740741,0.32047343254089355
Exp4: Full CAMAD,PR,1227,0.7619047619047619,0.4758364312267658,0.3205346167087555
Exp4: Full CAMAD,PR,1228,0.7619047619047619,0.47761194029850745,0.32194310426712036
Exp4: Full CAMAD,PR,1229,0.7619047619047619,0.4794007490636704,0.3219926059246063
Exp4: Full CAMAD,PR,1230,0.7619047619047619,0.48120300751879697,0.3224410116672516
Exp4: Full CAMAD,PR,1231,0.7559523809523809,0.47924528301886793,0.3236251771450043
Exp4: Full CAMAD,PR,1232,0.7559523809523809,0.4810606060606061,0.3247085213661194
Exp4: Full CAMAD,PR,1233,0.7559523809523809,0.4828897338403042,0.3262174129486084
Exp4: Full CAMAD,PR,1234,0.75,0.48091603053435117,0.32633310556411743
Exp4: Full CAMAD,PR,1235,0.75,0.4827586206896552,0.32730385661125183
Exp4: Full CAMAD,PR,1236,0.75,0.4846153846153846,0.3285070061683655
Exp4: Full CAMAD,PR,1237,0.75,0.4864864864864865,0.3287677764892578
Exp4: Full CAMAD,PR,1238,0.75,0.4883720930232558,0.3297148644924164
Exp4: Full CAMAD,PR,1239,0.75,0.490272373540856,0.32988861203193665
Exp4: Full CAMAD,PR,1240,0.75,0.4921875,0.3315880000591278
Exp4: Full CAMAD,PR,1241,0.75,0.49411764705882355,0.3320810794830322
Exp4: Full CAMAD,PR,1242,0.75,0.49606299212598426,0.33303314447402954
Exp4: Full CAMAD,PR,1243,0.75,0.4980237154150198,0.3331606090068817
Exp4: Full CAMAD,PR,1244,0.7440476190476191,0.49603174603174605,0.33375078439712524
Exp4: Full CAMAD,PR,1245,0.7440476190476191,0.49800796812749004,0.3339814841747284
Exp4: Full CAMAD,PR,1246,0.7440476190476191,0.5,0.33436280488967896
Exp4: Full CAMAD,PR,1247,0.7380952380952381,0.4979919678714859,0.3356176018714905
Exp4: Full CAMAD,PR,1248,0.7380952380952381,0.5,0.336812824010849
Exp4: Full CAMAD,PR,1249,0.7380952380952381,0.5020242914979757,0.33729657530784607
Exp4: Full CAMAD,PR,1250,0.7380952380952381,0.5040650406504065,0.3398025929927826
Exp4: Full CAMAD,PR,1251,0.7380952380952381,0.5061224489795918,0.34042561054229736
Exp4: Full CAMAD,PR,1252,0.7380952380952381,0.5081967213114754,0.3409271836280823
Exp4: Full CAMAD,PR,1253,0.7380952380952381,0.5102880658436214,0.34096580743789673
Exp4: Full CAMAD,PR,1254,0.7380952380952381,0.512396694214876,0.34169793128967285
Exp4: Full CAMAD,PR,1255,0.7321428571428571,0.5103734439834025,0.34208929538726807
Exp4: Full CAMAD,PR,1256,0.7321428571428571,0.5125,0.34455645084381104
Exp4: Full CAMAD,PR,1257,0.7261904761904762,0.5104602510460251,0.344918429851532
Exp4: Full CAMAD,PR,1258,0.7261904761904762,0.5126050420168067,0.3449644446372986
Exp4: Full CAMAD,PR,1259,0.7261904761904762,0.5147679324894515,0.34529268741607666
Exp4: Full CAMAD,PR,1260,0.7202380952380952,0.5127118644067796,0.34561142325401306
Exp4: Full CAMAD,PR,1261,0.7202380952380952,0.5148936170212766,0.3471367359161377
Exp4: Full CAMAD,PR,1262,0.7202380952380952,0.5170940170940171,0.3473961055278778
Exp4: Full CAMAD,PR,1263,0.7202380952380952,0.51931330472103,0.34892261028289795
Exp4: Full CAMAD,PR,1264,0.7202380952380952,0.521551724137931,0.34954434633255005
Exp4: Full CAMAD,PR,1265,0.7202380952380952,0.5238095238095238,0.35041090846061707
Exp4: Full CAMAD,PR,1266,0.7202380952380952,0.5260869565217391,0.3512841761112213
Exp4: Full CAMAD,PR,1267,0.7202380952380952,0.5283842794759825,0.35129889845848083
Exp4: Full CAMAD,PR,1268,0.7202380952380952,0.5307017543859649,0.3513745367527008
Exp4: Full CAMAD,PR,1269,0.7142857142857143,0.5286343612334802,0.35204389691352844
Exp4: Full CAMAD,PR,1270,0.7083333333333334,0.5265486725663717,0.354671448469162
Exp4: Full CAMAD,PR,1271,0.7083333333333334,0.5288888888888889,0.35655468702316284
Exp4: Full CAMAD,PR,1272,0.7083333333333334,0.53125,0.3582570254802704
Exp4: Full CAMAD,PR,1273,0.7023809523809523,0.5291479820627802,0.35849252343177795
Exp4: Full CAMAD,PR,1274,0.7023809523809523,0.5315315315315315,0.3590588867664337
Exp4: Full CAMAD,PR,1275,0.7023809523809523,0.5339366515837104,0.3596864342689514
Exp4: Full CAMAD,PR,1276,0.7023809523809523,0.5363636363636364,0.35993003845214844
Exp4: Full CAMAD,PR,1277,0.7023809523809523,0.5388127853881278,0.36111369729042053
Exp4: Full CAMAD,PR,1278,0.7023809523809523,0.5412844036697247,0.361641526222229
Exp4: Full CAMAD,PR,1279,0.6964285714285714,0.5391705069124424,0.36237233877182007
Exp4: Full CAMAD,PR,1280,0.6964285714285714,0.5416666666666666,0.36586275696754456
Exp4: Full CAMAD,PR,1281,0.6904761904761905,0.5395348837209303,0.36628103256225586
Exp4: Full CAMAD,PR,1282,0.6845238095238095,0.5373831775700935,0.36644378304481506
Exp4: Full CAMAD,PR,1283,0.6845238095238095,0.539906103286385,0.36928224563598633
Exp4: Full CAMAD,PR,1284,0.6785714285714286,0.5377358490566038,0.37051624059677124
Exp4: Full CAMAD,PR,1285,0.6785714285714286,0.5402843601895735,0.3720230758190155
Exp4: Full CAMAD,PR,1286,0.6785714285714286,0.5428571428571428,0.37556222081184387
Exp4: Full CAMAD,PR,1287,0.6785714285714286,0.5454545454545454,0.37641894817352295
Exp4: Full CAMAD,PR,1288,0.6785714285714286,0.5480769230769231,0.3770098388195038
Exp4: Full CAMAD,PR,1289,0.6726190476190477,0.5458937198067633,0.37727585434913635
Exp4: Full CAMAD,PR,1290,0.6726190476190477,0.5485436893203883,0.37753137946128845
Exp4: Full CAMAD,PR,1291,0.6726190476190477,0.551219512195122,0.37877967953681946
Exp4: Full CAMAD,PR,1292,0.6666666666666666,0.5490196078431373,0.3803379237651825
Exp4: Full CAMAD,PR,1293,0.6666666666666666,0.5517241379310345,0.3807348906993866
Exp4: Full CAMAD,PR,1294,0.6666666666666666,0.5544554455445545,0.383060485124588
Exp4: Full CAMAD,PR,1295,0.6666666666666666,0.5572139303482587,0.38433656096458435
Exp4: Full CAMAD,PR,1296,0.6607142857142857,0.555,0.38637834787368774
Exp4: Full CAMAD,PR,1297,0.6607142857142857,0.5577889447236181,0.38821184635162354
Exp4: Full CAMAD,PR,1298,0.6607142857142857,0.5606060606060606,0.3893018364906311
Exp4: Full CAMAD,PR,1299,0.6607142857142857,0.5634517766497462,0.3898887038230896
Exp4: Full CAMAD,PR,1300,0.6607142857142857,0.5663265306122449,0.3914172351360321
Exp4: Full CAMAD,PR,1301,0.6607142857142857,0.5692307692307692,0.3926486670970917
Exp4: Full CAMAD,PR,1302,0.6547619047619048,0.5670103092783505,0.39324507117271423
Exp4: Full CAMAD,PR,1303,0.6547619047619048,0.5699481865284974,0.39386653900146484
Exp4: Full CAMAD,PR,1304,0.6547619047619048,0.5729166666666666,0.3940383791923523
Exp4: Full CAMAD,PR,1305,0.6547619047619048,0.5759162303664922,0.3967536985874176
Exp4: Full CAMAD,PR,1306,0.6547619047619048,0.5789473684210527,0.39701876044273376
Exp4: Full CAMAD,PR,1307,0.6547619047619048,0.582010582010582,0.3992510139942169
Exp4: Full CAMAD,PR,1308,0.6547619047619048,0.5851063829787234,0.4021766483783722
Exp4: Full CAMAD,PR,1309,0.6547619047619048,0.5882352941176471,0.4024990499019623
Exp4: Full CAMAD,PR,1310,0.6488095238095238,0.5860215053763441,0.40330392122268677
Exp4: Full CAMAD,PR,1311,0.6488095238095238,0.5891891891891892,0.4075767397880554
Exp4: Full CAMAD,PR,1312,0.6488095238095238,0.592391304347826,0.40794914960861206
Exp4: Full CAMAD,PR,1313,0.6428571428571429,0.5901639344262295,0.4096234142780304
Exp4: Full CAMAD,PR,1314,0.6369047619047619,0.5879120879120879,0.40962475538253784
Exp4: Full CAMAD,PR,1315,0.6369047619047619,0.5911602209944752,0.4182938039302826
Exp4: Full CAMAD,PR,1316,0.6369047619047619,0.5944444444444444,0.42003166675567627
Exp4: Full CAMAD,PR,1317,0.6369047619047619,0.5977653631284916,0.4200713634490967
Exp4: Full CAMAD,PR,1318,0.6369047619047619,0.601123595505618,0.4223689138889313
Exp4: Full CAMAD,PR,1319,0.6369047619047619,0.6045197740112994,0.42259299755096436
Exp4: Full CAMAD,PR,1320,0.6309523809523809,0.6022727272727273,0.422598272562027
Exp4: Full CAMAD,PR,1321,0.6309523809523809,0.6057142857142858,0.4226820468902588
Exp4: Full CAMAD,PR,1322,0.625,0.603448275862069,0.42274823784828186
Exp4: Full CAMAD,PR,1323,0.625,0.6069364161849711,0.42910587787628174
Exp4: Full CAMAD,PR,1324,0.6190476190476191,0.6046511627906976,0.431302547454834
Exp4: Full CAMAD,PR,1325,0.6190476190476191,0.6081871345029239,0.43216657638549805
Exp4: Full CAMAD,PR,1326,0.6190476190476191,0.611764705882353,0.43533435463905334
Exp4: Full CAMAD,PR,1327,0.6190476190476191,0.6153846153846154,0.4363245368003845
Exp4: Full CAMAD,PR,1328,0.6130952380952381,0.6130952380952381,0.4372033178806305
Exp4: Full CAMAD,PR,1329,0.6130952380952381,0.6167664670658682,0.4395088851451874
Exp4: Full CAMAD,PR,1330,0.6130952380952381,0.6204819277108434,0.4400915503501892
Exp4: Full CAMAD,PR,1331,0.6130952380952381,0.6242424242424243,0.4404047429561615
Exp4: Full CAMAD,PR,1332,0.6130952380952381,0.6280487804878049,0.4405581057071686
Exp4: Full CAMAD,PR,1333,0.6130952380952381,0.6319018404907976,0.44339296221733093
Exp4: Full CAMAD,PR,1334,0.6130952380952381,0.6358024691358025,0.4435863196849823
Exp4: Full CAMAD,PR,1335,0.6130952380952381,0.639751552795031,0.4492534101009369
Exp4: Full CAMAD,PR,1336,0.6071428571428571,0.6375,0.45005330443382263
Exp4: Full CAMAD,PR,1337,0.6071428571428571,0.6415094339622641,0.45128536224365234
Exp4: Full CAMAD,PR,1338,0.6071428571428571,0.6455696202531646,0.45831599831581116
Exp4: Full CAMAD,PR,1339,0.6011904761904762,0.643312101910828,0.4583452045917511
Exp4: Full CAMAD,PR,1340,0.6011904761904762,0.6474358974358975,0.45890724658966064
Exp4: Full CAMAD,PR,1341,0.6011904761904762,0.6516129032258065,0.4594193398952484
Exp4: Full CAMAD,PR,1342,0.6011904761904762,0.6558441558441559,0.46262288093566895
Exp4: Full CAMAD,PR,1343,0.5952380952380952,0.6535947712418301,0.46557608246803284
Exp4: Full CAMAD,PR,1344,0.5952380952380952,0.6578947368421053,0.46617650985717773
Exp4: Full CAMAD,PR,1345,0.5892857142857143,0.6556291390728477,0.46685922145843506
Exp4: Full CAMAD,PR,1346,0.5892857142857143,0.66,0.46770307421684265
Exp4: Full CAMAD,PR,1347,0.5833333333333334,0.6577181208053692,0.467893123626709
Exp4: Full CAMAD,PR,1348,0.5833333333333334,0.6621621621621622,0.4679996073246002
Exp4: Full CAMAD,PR,1349,0.5833333333333334,0.6666666666666666,0.46867313981056213
Exp4: Full CAMAD,PR,1350,0.5773809523809523,0.6643835616438356,0.4706512987613678
Exp4: Full CAMAD,PR,1351,0.5773809523809523,0.6689655172413793,0.4743826389312744
Exp4: Full CAMAD,PR,1352,0.5773809523809523,0.6736111111111112,0.4761541485786438
Exp4: Full CAMAD,PR,1353,0.5773809523809523,0.6783216783216783,0.47708410024642944
Exp4: Full CAMAD,PR,1354,0.5714285714285714,0.676056338028169,0.47839224338531494
Exp4: Full CAMAD,PR,1355,0.5714285714285714,0.6808510638297872,0.4796188473701477
Exp4: Full CAMAD,PR,1356,0.5654761904761905,0.6785714285714286,0.49056529998779297
Exp4: Full CAMAD,PR,1357,0.5654761904761905,0.6834532374100719,0.4913084805011749
Exp4: Full CAMAD,PR,1358,0.5654761904761905,0.6884057971014492,0.49191975593566895
Exp4: Full CAMAD,PR,1359,0.5654761904761905,0.6934306569343066,0.49474310874938965
Exp4: Full CAMAD,PR,1360,0.5654761904761905,0.6985294117647058,0.49574947357177734
Exp4: Full CAMAD,PR,1361,0.5595238095238095,0.6962962962962963,0.49632614850997925
Exp4: Full CAMAD,PR,1362,0.5595238095238095,0.7014925373134329,0.4979073703289032
Exp4: Full CAMAD,PR,1363,0.5535714285714286,0.6992481203007519,0.5039893984794617
Exp4: Full CAMAD,PR,1364,0.5535714285714286,0.7045454545454546,0.5061116218566895
Exp4: Full CAMAD,PR,1365,0.5535714285714286,0.7099236641221374,0.5091196298599243
Exp4: Full CAMAD,PR,1366,0.5476190476190477,0.7076923076923077,0.5113023519515991
Exp4: Full CAMAD,PR,1367,0.5416666666666666,0.7054263565891473,0.5123423337936401
Exp4: Full CAMAD,PR,1368,0.5357142857142857,0.703125,0.5126469135284424
Exp4: Full CAMAD,PR,1369,0.5297619047619048,0.7007874015748031,0.5127488374710083
Exp4: Full CAMAD,PR,1370,0.5297619047619048,0.7063492063492064,0.5135557651519775
Exp4: Full CAMAD,PR,1371,0.5297619047619048,0.712,0.5196477174758911
Exp4: Full CAMAD,PR,1372,0.5297619047619048,0.717741935483871,0.5221879482269287
Exp4: Full CAMAD,PR,1373,0.5297619047619048,0.7235772357723578,0.5238375663757324
Exp4: Full CAMAD,PR,1374,0.5238095238095238,0.7213114754098361,0.5252012610435486
Exp4: Full CAMAD,PR,1375,0.5238095238095238,0.7272727272727273,0.5328047275543213
Exp4: Full CAMAD,PR,1376,0.5178571428571429,0.725,0.5328328609466553
Exp4: Full CAMAD,PR,1377,0.5119047619047619,0.7226890756302521,0.5371454954147339
Exp4: Full CAMAD,PR,1378,0.5059523809523809,0.7203389830508474,0.5377614498138428
Exp4: Full CAMAD,PR,1379,0.5,0.717948717948718,0.5390881896018982
Exp4: Full CAMAD,PR,1380,0.5,0.7241379310344828,0.5417004823684692
Exp4: Full CAMAD,PR,1381,0.5,0.7304347826086957,0.5438129305839539
Exp4: Full CAMAD,PR,1382,0.5,0.7368421052631579,0.547335684299469
Exp4: Full CAMAD,PR,1383,0.49404761904761907,0.7345132743362832,0.5491034388542175
Exp4: Full CAMAD,PR,1384,0.4880952380952381,0.7321428571428571,0.5517850518226624
Exp4: Full CAMAD,PR,1385,0.4880952380952381,0.7387387387387387,0.5539983510971069
Exp4: Full CAMAD,PR,1386,0.48214285714285715,0.7363636363636363,0.5565014481544495
Exp4: Full CAMAD,PR,1387,0.48214285714285715,0.7431192660550459,0.5595187544822693
Exp4: Full CAMAD,PR,1388,0.47619047619047616,0.7407407407407407,0.5596856474876404
Exp4: Full CAMAD,PR,1389,0.47619047619047616,0.7476635514018691,0.5618515610694885
Exp4: Full CAMAD,PR,1390,0.47023809523809523,0.7452830188679245,0.5619887709617615
Exp4: Full CAMAD,PR,1391,0.47023809523809523,0.7523809523809524,0.5694886445999146
Exp4: Full CAMAD,PR,1392,0.47023809523809523,0.7596153846153846,0.5720236301422119
Exp4: Full CAMAD,PR,1393,0.4642857142857143,0.7572815533980582,0.5735459327697754
Exp4: Full CAMAD,PR,1394,0.4583333333333333,0.7549019607843137,0.5815582871437073
Exp4: Full CAMAD,PR,1395,0.4523809523809524,0.7524752475247525,0.5996159315109253
Exp4: Full CAMAD,PR,1396,0.44642857142857145,0.75,0.5998003482818604
Exp4: Full CAMAD,PR,1397,0.44047619047619047,0.7474747474747475,0.5999890565872192
Exp4: Full CAMAD,PR,1398,0.43452380952380953,0.7448979591836735,0.6001805067062378
Exp4: Full CAMAD,PR,1399,0.43452380952380953,0.7525773195876289,0.6045415997505188
Exp4: Full CAMAD,PR,1400,0.42857142857142855,0.75,0.6055346131324768
Exp4: Full CAMAD,PR,1401,0.4226190476190476,0.7473684210526316,0.6066206097602844
Exp4: Full CAMAD,PR,1402,0.4226190476190476,0.7553191489361702,0.6113054156303406
Exp4: Full CAMAD,PR,1403,0.4166666666666667,0.7526881720430108,0.6123781800270081
Exp4: Full CAMAD,PR,1404,0.4166666666666667,0.7608695652173914,0.6167973279953003
Exp4: Full CAMAD,PR,1405,0.4107142857142857,0.7582417582417582,0.6220337152481079
Exp4: Full CAMAD,PR,1406,0.40476190476190477,0.7555555555555555,0.622323751449585
Exp4: Full CAMAD,PR,1407,0.39880952380952384,0.7528089887640449,0.6229760050773621
Exp4: Full CAMAD,PR,1408,0.39285714285714285,0.75,0.6231586933135986
Exp4: Full CAMAD,PR,1409,0.3869047619047619,0.7471264367816092,0.6258324980735779
Exp4: Full CAMAD,PR,1410,0.38095238095238093,0.7441860465116279,0.6276307106018066
Exp4: Full CAMAD,PR,1411,0.375,0.7411764705882353,0.6377013325691223
Exp4: Full CAMAD,PR,1412,0.36904761904761907,0.7380952380952381,0.6466946005821228
Exp4: Full CAMAD,PR,1413,0.3630952380952381,0.7349397590361446,0.6488876938819885
Exp4: Full CAMAD,PR,1414,0.35714285714285715,0.7317073170731707,0.6513165235519409
Exp4: Full CAMAD,PR,1415,0.35119047619047616,0.7283950617283951,0.6535911560058594
Exp4: Full CAMAD,PR,1416,0.34523809523809523,0.725,0.6544448733329773
Exp4: Full CAMAD,PR,1417,0.3392857142857143,0.7215189873417721,0.6563228368759155
Exp4: Full CAMAD,PR,1418,0.3333333333333333,0.717948717948718,0.6588992476463318
Exp4: Full CAMAD,PR,1419,0.3273809523809524,0.7142857142857143,0.659725546836853
Exp4: Full CAMAD,PR,1420,0.3273809523809524,0.7236842105263158,0.6644489169120789
Exp4: Full CAMAD,PR,1421,0.3273809523809524,0.7333333333333333,0.6669174432754517
Exp4: Full CAMAD,PR,1422,0.3273809523809524,0.7432432432432432,0.6669517159461975
Exp4: Full CAMAD,PR,1423,0.32142857142857145,0.7397260273972602,0.675972580909729
Exp4: Full CAMAD,PR,1424,0.31547619047619047,0.7361111111111112,0.6778961420059204
Exp4: Full CAMAD,PR,1425,0.31547619047619047,0.7464788732394366,0.6792904138565063
Exp4: Full CAMAD,PR,1426,0.30952380952380953,0.7428571428571429,0.6816564798355103
Exp4: Full CAMAD,PR,1427,0.30357142857142855,0.7391304347826086,0.6890996098518372
Exp4: Full CAMAD,PR,1428,0.30357142857142855,0.75,0.6943227052688599
Exp4: Full CAMAD,PR,1429,0.2976190476190476,0.746268656716418,0.6989313960075378
Exp4: Full CAMAD,PR,1430,0.2916666666666667,0.7424242424242424,0.7011431455612183
Exp4: Full CAMAD,PR,1431,0.2916666666666667,0.7538461538461538,0.701362669467926
Exp4: Full CAMAD,PR,1432,0.2916666666666667,0.765625,0.7024105787277222
Exp4: Full CAMAD,PR,1433,0.2857142857142857,0.7619047619047619,0.703974723815918
Exp4: Full CAMAD,PR,1434,0.27976190476190477,0.7580645161290323,0.7051773071289062
Exp4: Full CAMAD,PR,1435,0.27380952380952384,0.7540983606557377,0.706138551235199
Exp4: Full CAMAD,PR,1436,0.26785714285714285,0.75,0.7067967653274536
Exp4: Full CAMAD,PR,1437,0.2619047619047619,0.7457627118644068,0.7068583369255066
Exp4: Full CAMAD,PR,1438,0.2619047619047619,0.7586206896551724,0.707866370677948
Exp4: Full CAMAD,PR,1439,0.2619047619047619,0.7719298245614035,0.7098106741905212
Exp4: Full CAMAD,PR,1440,0.25595238095238093,0.7678571428571429,0.7122873663902283
Exp4: Full CAMAD,PR,1441,0.25,0.7636363636363637,0.7145450115203857
Exp4: Full CAMAD,PR,1442,0.24404761904761904,0.7592592592592593,0.7197850346565247
Exp4: Full CAMAD,PR,1443,0.24404761904761904,0.7735849056603774,0.7238009572029114
Exp4: Full CAMAD,PR,1444,0.23809523809523808,0.7692307692307693,0.7243450880050659
Exp4: Full CAMAD,PR,1445,0.23214285714285715,0.7647058823529411,0.7264631390571594
Exp4: Full CAMAD,PR,1446,0.23214285714285715,0.78,0.7269516587257385
Exp4: Full CAMAD,PR,1447,0.2261904761904762,0.7755102040816326,0.728967010974884
Exp4: Full CAMAD,PR,1448,0.22023809523809523,0.7708333333333334,0.7334899306297302
Exp4: Full CAMAD,PR,1449,0.22023809523809523,0.7872340425531915,0.7421999573707581
Exp4: Full CAMAD,PR,1450,0.22023809523809523,0.8043478260869565,0.7448142170906067
Exp4: Full CAMAD,PR,1451,0.21428571428571427,0.8,0.7480312585830688
Exp4: Full CAMAD,PR,1452,0.21428571428571427,0.8181818181818182,0.7590835690498352
Exp4: Full CAMAD,PR,1453,0.20833333333333334,0.813953488372093,0.7628893852233887
Exp4: Full CAMAD,PR,1454,0.20238095238095238,0.8095238095238095,0.7640352845191956
Exp4: Full CAMAD,PR,1455,0.19642857142857142,0.8048780487804879,0.7654884457588196
Exp4: Full CAMAD,PR,1456,0.19047619047619047,0.8,0.7699365615844727
Exp4: Full CAMAD,PR,1457,0.18452380952380953,0.7948717948717948,0.7746560573577881
Exp4: Full CAMAD,PR,1458,0.17857142857142858,0.7894736842105263,0.780402421951294
Exp4: Full CAMAD,PR,1459,0.17261904761904762,0.7837837837837838,0.781920850276947
Exp4: Full CAMAD,PR,1460,0.16666666666666666,0.7777777777777778,0.7834793925285339
Exp4: Full CAMAD,PR,1461,0.16071428571428573,0.7714285714285715,0.785062849521637
Exp4: Full CAMAD,PR,1462,0.15476190476190477,0.7647058823529411,0.7870240211486816
Exp4: Full CAMAD,PR,1463,0.15476190476190477,0.7878787878787878,0.7894636392593384
Exp4: Full CAMAD,PR,1464,0.1488095238095238,0.78125,0.7922719717025757
Exp4: Full CAMAD,PR,1465,0.1488095238095238,0.8064516129032258,0.7934432625770569
Exp4: Full CAMAD,PR,1466,0.1488095238095238,0.8333333333333334,0.7939677834510803
Exp4: Full CAMAD,PR,1467,0.14285714285714285,0.8275862068965517,0.7978413105010986
Exp4: Full CAMAD,PR,1468,0.13690476190476192,0.8214285714285714,0.8032003045082092
Exp4: Full CAMAD,PR,1469,0.13690476190476192,0.8518518518518519,0.8151319026947021
Exp4: Full CAMAD,PR,1470,0.13095238095238096,0.8461538461538461,0.8194321990013123
Exp4: Full CAMAD,PR,1471,0.125,0.84,0.8198716640472412
Exp4: Full CAMAD,PR,1472,0.11904761904761904,0.8333333333333334,0.825782060623169
Exp4: Full CAMAD,PR,1473,0.1130952380952381,0.8260869565217391,0.8329080939292908
Exp4: Full CAMAD,PR,1474,0.10714285714285714,0.8181818181818182,0.8351894021034241
Exp4: Full CAMAD,PR,1475,0.10714285714285714,0.8571428571428571,0.8450495004653931
Exp4: Full CAMAD,PR,1476,0.10119047619047619,0.85,0.8477871417999268
Exp4: Full CAMAD,PR,1477,0.09523809523809523,0.8421052631578947,0.8485772013664246
Exp4: Full CAMAD,PR,1478,0.08928571428571429,0.8333333333333334,0.8525260090827942
Exp4: Full CAMAD,PR,1479,0.08333333333333333,0.8235294117647058,0.8528793454170227
Exp4: Full CAMAD,PR,1480,0.08333333333333333,0.875,0.857028067111969
Exp4: Full CAMAD,PR,1481,0.07738095238095238,0.8666666666666667,0.8571218848228455
Exp4: Full CAMAD,PR,1482,0.07142857142857142,0.8571428571428571,0.859130859375
Exp4: Full CAMAD,PR,1483,0.06547619047619048,0.8461538461538461,0.864880383014679
Exp4: Full CAMAD,PR,1484,0.05952380952380952,0.8333333333333334,0.8765237927436829
Exp4: Full CAMAD,PR,1485,0.05357142857142857,0.8181818181818182,0.8846303224563599
Exp4: Full CAMAD,PR,1486,0.047619047619047616,0.8,0.8864002823829651
Exp4: Full CAMAD,PR,1487,0.041666666666666664,0.7777777777777778,0.8930532336235046
Exp4: Full CAMAD,PR,1488,0.03571428571428571,0.75,0.8934703469276428
Exp4: Full CAMAD,PR,1489,0.03571428571428571,0.8571428571428571,0.8996919393539429
Exp4: Full CAMAD,PR,1490,0.03571428571428571,1.0,0.91423100233078
Exp4: Full CAMAD,PR,1491,0.02976190476190476,1.0,0.9326772093772888
Exp4: Full CAMAD,PR,1492,0.023809523809523808,1.0,0.937458336353302
Exp4: Full CAMAD,PR,1493,0.017857142857142856,1.0,0.9778313636779785
Exp4: Full CAMAD,PR,1494,0.011904761904761904,1.0,0.9838465452194214
Exp4: Full CAMAD,PR,1495,0.005952380952380952,1.0,0.9949415326118469
Exp4: Full CAMAD,PR,1496,0.0,1.0,1.0
External: EfficientNet-B0,ROC,0,0.0,0.0,inf
External: EfficientNet-B0,ROC,1,0.0,0.005952380952380952,0.9636233448982239
External: EfficientNet-B0,ROC,2,0.0,0.06547619047619048,0.9134793877601624
External: EfficientNet-B0,ROC,3,0.0007524454477050414,0.06547619047619048,0.9087395071983337
External: EfficientNet-B0,ROC,4,0.0007524454477050414,0.16666666666666666,0.8234618306159973
External: EfficientNet-B0,ROC,5,0.0015048908954100827,0.16666666666666666,0.8144486546516418
External: EfficientNet-B0,ROC,6,0.0015048908954100827,0.20833333333333334,0.7947188019752502
External: EfficientNet-B0,ROC,7,0.002257336343115124,0.20833333333333334,0.7936528921127319
External: EfficientNet-B0,ROC,8,0.002257336343115124,0.24404761904761904,0.7499991059303284
External: EfficientNet-B0,ROC,9,0.0030097817908201654,0.24404761904761904,0.7482848167419434
External: EfficientNet-B0,ROC,10,0.0030097817908201654,0.25,0.7399277091026306
External: EfficientNet-B0,ROC,11,0.005267118133935289,0.25,0.7331823706626892
External: EfficientNet-B0,ROC,12,0.005267118133935289,0.26785714285714285,0.7280129194259644
External: EfficientNet-B0,ROC,13,0.006019563581640331,0.26785714285714285,0.7279766798019409
External: EfficientNet-B0,ROC,14,0.006019563581640331,0.27976190476190477,0.7162737846374512
External: EfficientNet-B0,ROC,15,0.006772009029345372,0.27976190476190477,0.7122501730918884
External: EfficientNet-B0,ROC,16,0.006772009029345372,0.2857142857142857,0.7108877301216125
External: EfficientNet-B0,ROC,17,0.007524454477050414,0.2857142857142857,0.7075406908988953
External: EfficientNet-B0,ROC,18,0.007524454477050414,0.30357142857142855,0.7016457319259644
External: EfficientNet-B0,ROC,19,0.009029345372460496,0.30357142857142855,0.6957627534866333
External: EfficientNet-B0,ROC,20,0.009029345372460496,0.36904761904761907,0.666300892829895
External: EfficientNet-B0,ROC,21,0.009781790820165538,0.36904761904761907,0.6659166812896729
External: EfficientNet-B0,ROC,22,0.009781790820165538,0.38095238095238093,0.6504029631614685
External: EfficientNet-B0,ROC,23,0.010534236267870579,0.38095238095238093,0.6445506811141968
External: EfficientNet-B0,ROC,24,0.010534236267870579,0.3869047619047619,0.643772304058075
External: EfficientNet-B0,ROC,25,0.011286681715575621,0.3869047619047619,0.6413552761077881
External: EfficientNet-B0,ROC,26,0.011286681715575621,0.40476190476190477,0.6361465454101562
External: EfficientNet-B0,ROC,27,0.013544018058690745,0.40476190476190477,0.6207544803619385
External: EfficientNet-B0,ROC,28,0.013544018058690745,0.4166666666666667,0.6098719239234924
External: EfficientNet-B0,ROC,29,0.015048908954100828,0.4166666666666667,0.6069175004959106
External: EfficientNet-B0,ROC,30,0.015048908954100828,0.4226190476190476,0.6028878092765808
External: EfficientNet-B0,ROC,31,0.01580135440180587,0.4226190476190476,0.5940564274787903
External: EfficientNet-B0,ROC,32,0.01580135440180587,0.42857142857142855,0.5932756662368774
External: EfficientNet-B0,ROC,33,0.01655379984951091,0.42857142857142855,0.5856947302818298
External: EfficientNet-B0,ROC,34,0.01655379984951091,0.44642857142857145,0.5790278315544128
External: EfficientNet-B0,ROC,35,0.01730624529721595,0.44642857142857145,0.5764627456665039
External: EfficientNet-B0,ROC,36,0.01730624529721595,0.4583333333333333,0.5683444738388062
External: EfficientNet-B0,ROC,37,0.019563581640331076,0.4583333333333333,0.5644633769989014
External: EfficientNet-B0,ROC,38,0.019563581640331076,0.4642857142857143,0.5641593337059021
External: EfficientNet-B0,ROC,39,0.020316027088036117,0.4642857142857143,0.5499295592308044
External: EfficientNet-B0,ROC,40,0.020316027088036117,0.47023809523809523,0.5494865775108337
External: EfficientNet-B0,ROC,41,0.021068472535741158,0.47023809523809523,0.541609525680542
External: EfficientNet-B0,ROC,42,0.021068472535741158,0.47619047619047616,0.5405760407447815
External: EfficientNet-B0,ROC,43,0.0218209179834462,0.47619047619047616,0.5394018888473511
External: EfficientNet-B0,ROC,44,0.0218209179834462,0.48214285714285715,0.5347728729248047
External: EfficientNet-B0,ROC,45,0.023325808878856283,0.48214285714285715,0.5306694507598877
External: EfficientNet-B0,ROC,46,0.023325808878856283,0.5059523809523809,0.5174715518951416
External: EfficientNet-B0,ROC,47,0.02708803611738149,0.5059523809523809,0.5079935789108276
External: EfficientNet-B0,ROC,48,0.02708803611738149,0.5119047619047619,0.5077270269393921
External: EfficientNet-B0,ROC,49,0.029345372460496615,0.5119047619047619,0.5034496784210205
External: EfficientNet-B0,ROC,50,0.029345372460496615,0.5178571428571429,0.5033234357833862
External: EfficientNet-B0,ROC,51,0.030097817908201655,0.5178571428571429,0.5006037354469299
External: EfficientNet-B0,ROC,52,0.030097817908201655,0.5238095238095238,0.49885985255241394
External: EfficientNet-B0,ROC,53,0.030850263355906696,0.5238095238095238,0.49315550923347473
External: EfficientNet-B0,ROC,54,0.030850263355906696,0.5357142857142857,0.4891122579574585
External: EfficientNet-B0,ROC,55,0.03160270880361174,0.5357142857142857,0.48896822333335876
External: EfficientNet-B0,ROC,56,0.03160270880361174,0.5416666666666666,0.4880352318286896
External: EfficientNet-B0,ROC,57,0.03686982693754703,0.5416666666666666,0.4758423864841461
External: EfficientNet-B0,ROC,58,0.03686982693754703,0.5476190476190477,0.4757244288921356
External: EfficientNet-B0,ROC,59,0.03837471783295711,0.5476190476190477,0.471330851316452
External: EfficientNet-B0,ROC,60,0.03837471783295711,0.5535714285714286,0.4687419533729553
External: EfficientNet-B0,ROC,61,0.04288939051918736,0.5535714285714286,0.4607090950012207
External: EfficientNet-B0,ROC,62,0.04288939051918736,0.5654761904761905,0.4589586853981018
External: EfficientNet-B0,ROC,63,0.0436418359668924,0.5654761904761905,0.45217978954315186
External: EfficientNet-B0,ROC,64,0.0436418359668924,0.5773809523809523,0.4478766620159149
External: EfficientNet-B0,ROC,65,0.04439428141459744,0.5773809523809523,0.4443930685520172
External: EfficientNet-B0,ROC,66,0.04439428141459744,0.5833333333333334,0.4424717128276825
External: EfficientNet-B0,ROC,67,0.04589917231000752,0.5833333333333334,0.43919819593429565
External: EfficientNet-B0,ROC,68,0.04589917231000752,0.5892857142857143,0.43407225608825684
External: EfficientNet-B0,ROC,69,0.04815650865312265,0.5892857142857143,0.4265926480293274
External: EfficientNet-B0,ROC,70,0.04815650865312265,0.6011904761904762,0.42138463258743286
External: EfficientNet-B0,ROC,71,0.051166290443942816,0.6011904761904762,0.41629084944725037
External: EfficientNet-B0,ROC,72,0.051166290443942816,0.6190476190476191,0.4129394292831421
External: EfficientNet-B0,ROC,73,0.05191873589164785,0.6190476190476191,0.4096963405609131
External: EfficientNet-B0,ROC,74,0.05191873589164785,0.6309523809523809,0.40422844886779785
External: EfficientNet-B0,ROC,75,0.05417607223476298,0.6309523809523809,0.40264424681663513
External: EfficientNet-B0,ROC,76,0.05417607223476298,0.6369047619047619,0.4021398723125458
External: EfficientNet-B0,ROC,77,0.05492851768246802,0.6369047619047619,0.39765989780426025
External: EfficientNet-B0,ROC,78,0.05492851768246802,0.6428571428571429,0.3908410668373108
External: EfficientNet-B0,ROC,79,0.05718585402558315,0.6428571428571429,0.3837970793247223
External: EfficientNet-B0,ROC,80,0.05718585402558315,0.6488095238095238,0.38275471329689026
External: EfficientNet-B0,ROC,81,0.062452972159518436,0.6488095238095238,0.3629557192325592
External: EfficientNet-B0,ROC,82,0.062452972159518436,0.6547619047619048,0.35819554328918457
External: EfficientNet-B0,ROC,83,0.0744920993227991,0.6547619047619048,0.33594852685928345
External: EfficientNet-B0,ROC,84,0.0744920993227991,0.6666666666666666,0.3301178812980652
External: EfficientNet-B0,ROC,85,0.08201655379984951,0.6666666666666666,0.31621313095092773
External: EfficientNet-B0,ROC,86,0.08201655379984951,0.6726190476190477,0.31457534432411194
External: EfficientNet-B0,ROC,87,0.08577878103837472,0.6726190476190477,0.3061169385910034
External: EfficientNet-B0,ROC,88,0.08577878103837472,0.6785714285714286,0.30464261770248413
External: EfficientNet-B0,ROC,89,0.0872836719337848,0.6785714285714286,0.3023741841316223
External: EfficientNet-B0,ROC,90,0.0872836719337848,0.6964285714285714,0.29472315311431885
External: EfficientNet-B0,ROC,91,0.09104589917231001,0.6964285714285714,0.2874852418899536
External: EfficientNet-B0,ROC,92,0.09104589917231001,0.7023809523809523,0.2866344451904297
External: EfficientNet-B0,ROC,93,0.09330323551542513,0.7023809523809523,0.28062063455581665
External: EfficientNet-B0,ROC,94,0.09330323551542513,0.7083333333333334,0.2804221212863922
External: EfficientNet-B0,ROC,95,0.09405568096313018,0.7083333333333334,0.27982819080352783
External: EfficientNet-B0,ROC,96,0.09405568096313018,0.7142857142857143,0.27960044145584106
External: EfficientNet-B0,ROC,97,0.0963130173062453,0.7142857142857143,0.27731040120124817
External: EfficientNet-B0,ROC,98,0.0963130173062453,0.7202380952380952,0.2756556272506714
External: EfficientNet-B0,ROC,99,0.09932279909706546,0.7202380952380952,0.27119705080986023
External: EfficientNet-B0,ROC,100,0.09932279909706546,0.7380952380952381,0.26662641763687134
External: EfficientNet-B0,ROC,101,0.10158013544018059,0.7380952380952381,0.2638503313064575
External: EfficientNet-B0,ROC,102,0.10158013544018059,0.7440476190476191,0.2623942196369171
External: EfficientNet-B0,ROC,103,0.10759969902182091,0.7440476190476191,0.2475530058145523
External: EfficientNet-B0,ROC,104,0.10759969902182091,0.75,0.24719740450382233
External: EfficientNet-B0,ROC,105,0.10985703536493605,0.75,0.24318134784698486
External: EfficientNet-B0,ROC,106,0.10985703536493605,0.7619047619047619,0.2415965497493744
External: EfficientNet-B0,ROC,107,0.11286681715575621,0.7619047619047619,0.2336856573820114
External: EfficientNet-B0,ROC,108,0.11286681715575621,0.7678571428571429,0.2335577756166458
External: EfficientNet-B0,ROC,109,0.11512415349887133,0.7678571428571429,0.23243214190006256
External: EfficientNet-B0,ROC,110,0.11512415349887133,0.7738095238095238,0.2317085862159729
External: EfficientNet-B0,ROC,111,0.12866817155756208,0.7738095238095238,0.22021478414535522
External: EfficientNet-B0,ROC,112,0.12866817155756208,0.7857142857142857,0.21616505086421967
External: EfficientNet-B0,ROC,113,0.1294206170052671,0.7857142857142857,0.21492108702659607
External: EfficientNet-B0,ROC,114,0.1294206170052671,0.7916666666666666,0.21414697170257568
External: EfficientNet-B0,ROC,115,0.1384499623777276,0.7916666666666666,0.2022557407617569
External: EfficientNet-B0,ROC,116,0.1384499623777276,0.7976190476190477,0.201344296336174
External: EfficientNet-B0,ROC,117,0.14221218961625282,0.7976190476190477,0.19375351071357727
External: EfficientNet-B0,ROC,118,0.14221218961625282,0.8035714285714286,0.19015054404735565
External: EfficientNet-B0,ROC,119,0.1474793077501881,0.8035714285714286,0.1872914582490921
External: EfficientNet-B0,ROC,120,0.1474793077501881,0.8095238095238095,0.18694083392620087
External: EfficientNet-B0,ROC,121,0.14823175319789314,0.8095238095238095,0.18602429330348969
External: EfficientNet-B0,ROC,122,0.14823175319789314,0.8214285714285714,0.1858092099428177
External: EfficientNet-B0,ROC,123,0.1542513167795335,0.8214285714285714,0.18026402592658997
External: EfficientNet-B0,ROC,124,0.15575620767494355,0.8214285714285714,0.17996683716773987
External: EfficientNet-B0,ROC,125,0.16252821670428894,0.8214285714285714,0.17248359322547913
External: EfficientNet-B0,ROC,126,0.16252821670428894,0.8273809523809523,0.17213410139083862
External: EfficientNet-B0,ROC,127,0.1655379984951091,0.8273809523809523,0.16893529891967773
External: EfficientNet-B0,ROC,128,0.1655379984951091,0.8333333333333334,0.16732342541217804
External: EfficientNet-B0,ROC,129,0.17231000752445447,0.8333333333333334,0.16401050984859467
External: EfficientNet-B0,ROC,130,0.17231000752445447,0.8392857142857143,0.16290827095508575
External: EfficientNet-B0,ROC,131,0.17757712565838976,0.8392857142857143,0.15633037686347961
External: EfficientNet-B0,ROC,132,0.17757712565838976,0.8452380952380952,0.1560763716697693
External: EfficientNet-B0,ROC,133,0.17832957110609482,0.8452380952380952,0.15462441742420197
External: EfficientNet-B0,ROC,134,0.17832957110609482,0.8511904761904762,0.1544889658689499
External: EfficientNet-B0,ROC,135,0.18058690744920994,0.8511904761904762,0.14952874183654785
External: EfficientNet-B0,ROC,136,0.18058690744920994,0.8571428571428571,0.14892110228538513
External: EfficientNet-B0,ROC,137,0.19939804364183597,0.8571428571428571,0.13565470278263092
External: EfficientNet-B0,ROC,138,0.19939804364183597,0.8630952380952381,0.134678453207016
External: EfficientNet-B0,ROC,139,0.20316027088036118,0.8630952380952381,0.1323874145746231
External: EfficientNet-B0,ROC,140,0.20316027088036118,0.8690476190476191,0.1314813196659088
External: EfficientNet-B0,ROC,141,0.20466516177577126,0.8690476190476191,0.13020870089530945
External: EfficientNet-B0,ROC,142,0.20466516177577126,0.875,0.12948034703731537
External: EfficientNet-B0,ROC,143,0.23401053423626786,0.875,0.10687129944562912
External: EfficientNet-B0,ROC,144,0.23401053423626786,0.8809523809523809,0.10658431053161621
External: EfficientNet-B0,ROC,145,0.24755455229495862,0.8809523809523809,0.09717857837677002
External: EfficientNet-B0,ROC,146,0.24755455229495862,0.8869047619047619,0.09622415900230408
External: EfficientNet-B0,ROC,147,0.2505643340857788,0.8869047619047619,0.09535335004329681
External: EfficientNet-B0,ROC,148,0.2505643340857788,0.8928571428571429,0.09454460442066193
External: EfficientNet-B0,ROC,149,0.28517682468021066,0.8928571428571429,0.07660483568906784
External: EfficientNet-B0,ROC,150,0.28517682468021066,0.8988095238095238,0.07631023973226547
External: EfficientNet-B0,ROC,151,0.29721595184349137,0.8988095238095238,0.06841754168272018
External: EfficientNet-B0,ROC,152,0.29721595184349137,0.9047619047619048,0.06835553050041199
External: EfficientNet-B0,ROC,153,0.3054928517682468,0.9047619047619048,0.06494668126106262
External: EfficientNet-B0,ROC,154,0.3054928517682468,0.9107142857142857,0.06402579694986343
External: EfficientNet-B0,ROC,155,0.30699774266365687,0.9107142857142857,0.06336385756731033
External: EfficientNet-B0,ROC,156,0.30699774266365687,0.9166666666666666,0.06325796991586685
External: EfficientNet-B0,ROC,157,0.3182844243792325,0.9166666666666666,0.056064214557409286
External: EfficientNet-B0,ROC,158,0.3182844243792325,0.9226190476190477,0.05594852939248085
External: EfficientNet-B0,ROC,159,0.3333333333333333,0.9226190476190477,0.050849929451942444
External: EfficientNet-B0,ROC,160,0.3333333333333333,0.9285714285714286,0.04984527453780174
External: EfficientNet-B0,ROC,161,0.3416102332580888,0.9285714285714286,0.04673273488879204
External: EfficientNet-B0,ROC,162,0.3416102332580888,0.9345238095238095,0.04592878744006157
External: EfficientNet-B0,ROC,163,0.3686982693754703,0.9345238095238095,0.03568936139345169
External: EfficientNet-B0,ROC,164,0.3686982693754703,0.9404761904761905,0.035650208592414856
External: EfficientNet-B0,ROC,165,0.4018058690744921,0.9404761904761905,0.029644886031746864
External: EfficientNet-B0,ROC,166,0.4018058690744921,0.9464285714285714,0.029216570779681206
External: EfficientNet-B0,ROC,167,0.42287434161023324,0.9464285714285714,0.02305775322020054
External: EfficientNet-B0,ROC,168,0.42287434161023324,0.9523809523809523,0.022903023287653923
External: EfficientNet-B0,ROC,169,0.4251316779533484,0.9523809523809523,0.021914521232247353
External: EfficientNet-B0,ROC,170,0.4251316779533484,0.9583333333333334,0.02154027484357357
External: EfficientNet-B0,ROC,171,0.4492099322799097,0.9583333333333334,0.0184573233127594
External: EfficientNet-B0,ROC,172,0.4492099322799097,0.9642857142857143,0.018368566408753395
External: EfficientNet-B0,ROC,173,0.49510910458991725,0.9642857142857143,0.01247159019112587
External: EfficientNet-B0,ROC,174,0.49510910458991725,0.9702380952380952,0.012363500893115997
External: EfficientNet-B0,ROC,175,0.5079006772009029,0.9702380952380952,0.01163501851260662
External: EfficientNet-B0,ROC,176,0.5079006772009029,0.9761904761904762,0.011599740944802761
External: EfficientNet-B0,ROC,177,0.5793829947328819,0.9761904761904762,0.005763615015894175
External: EfficientNet-B0,ROC,178,0.5793829947328819,0.9821428571428571,0.005752245895564556
External: EfficientNet-B0,ROC,179,0.6508653122648608,0.9821428571428571,0.0029031941667199135
External: EfficientNet-B0,ROC,180,0.6508653122648608,0.9880952380952381,0.0028953158762305975
External: EfficientNet-B0,ROC,181,0.6606471030850264,0.9880952380952381,0.0026325478684157133
External: EfficientNet-B0,ROC,182,0.6606471030850264,0.9940476190476191,0.002624612068757415
External: EfficientNet-B0,ROC,183,0.7629796839729119,0.9940476190476191,0.0007796159479767084
External: EfficientNet-B0,ROC,184,0.7629796839729119,1.0,0.0007772969547659159
External: EfficientNet-B0,ROC,185,1.0,1.0,5.855811195942806e-07
External: EfficientNet-B0,PR,0,1.0,0.11222444889779559,5.855811195942806e-07
External: EfficientNet-B0,PR,1,1.0,0.11229946524064172,6.871685513942793e-07
External: EfficientNet-B0,PR,2,1.0,0.11237458193979934,8.836496476760658e-07
External: EfficientNet-B0,PR,3,1.0,0.11244979919678715,1.92978177437908e-06
External: EfficientNet-B0,PR,4,1.0,0.11252511721366376,2.14850274460332e-06
External: EfficientNet-B0,PR,5,1.0,0.1126005361930295,2.149754436686635e-06
External: EfficientNet-B0,PR,6,1.0,0.11267605633802817,2.3033735487842932e-06
External: EfficientNet-B0,PR,7,1.0,0.11275167785234899,2.4406717784586363e-06
External: EfficientNet-B0,PR,8,1.0,0.11282740094022835,2.784834578051232e-06
External: EfficientNet-B0,PR,9,1.0,0.11290322580645161,2.8534759621834382e-06
External: EfficientNet-B0,PR,10,1.0,0.11297915265635508,3.6070746318728197e-06
External: EfficientNet-B0,PR,11,1.0,0.11305518169582772,4.195062501821667e-06
External: EfficientNet-B0,PR,12,1.0,0.11313131313131314,4.9378186304238625e-06
External: EfficientNet-B0,PR,13,1.0,0.11320754716981132,5.008120297134155e-06
External: EfficientNet-B0,PR,14,1.0,0.11328388401888065,5.090534159535309e-06
External: EfficientNet-B0,PR,15,1.0,0.11336032388663968,5.093729214422638e-06
External: EfficientNet-B0,PR,16,1.0,0.11343686698176908,5.128043994773179e-06
External: EfficientNet-B0,PR,17,1.0,0.11351351351351352,5.736636467190692e-06
External: EfficientNet-B0,PR,18,1.0,0.11359026369168357,6.236670742509887e-06
External: EfficientNet-B0,PR,19,1.0,0.11366711772665765,6.460510121542029e-06
External: EfficientNet-B0,PR,20,1.0,0.11374407582938388,6.725795628881315e-06
External: EfficientNet-B0,PR,21,1.0,0.11382113821138211,7.3407013587711845e-06
External: EfficientNet-B0,PR,22,1.0,0.11389830508474576,8.024437192943878e-06
External: EfficientNet-B0,PR,23,1.0,0.11397557666214382,8.757103387324605e-06
External: EfficientNet-B0,PR,24,1.0,0.11405295315682282,8.847036042425316e-06
External: EfficientNet-B0,PR,25,1.0,0.11413043478260869,9.766959010448772e-06
External: EfficientNet-B0,PR,26,1.0,0.1142080217539089,1.0306075637345202e-05
External: EfficientNet-B0,PR,27,1.0,0.11428571428571428,1.0481950994289946e-05
External: EfficientNet-B0,PR,28,1.0,0.11436351259360109,1.1111774256278295e-05
External: EfficientNet-B0,PR,29,1.0,0.11444141689373297,1.1208701835130341e-05
External: EfficientNet-B0,PR,30,1.0,0.11451942740286299,1.1430993254180066e-05
External: EfficientNet-B0,PR,31,1.0,0.1145975443383356,1.2433142728696112e-05
External: EfficientNet-B0,PR,32,1.0,0.11467576791808874,1.3246503840491641e-05
External: EfficientNet-B0,PR,33,1.0,0.11475409836065574,1.4258785085985437e-05
External: EfficientNet-B0,PR,34,1.0,0.11483253588516747,1.5005173736426514e-05
External: EfficientNet-B0,PR,35,1.0,0.11491108071135431,1.5260999134625308e-05
External: EfficientNet-B0,PR,36,1.0,0.11498973305954825,1.546867861179635e-05
External: EfficientNet-B0,PR,37,1.0,0.11506849315068493,1.6525647879461758e-05
External: EfficientNet-B0,PR,38,1.0,0.11514736120630568,1.680060631770175e-05
External: EfficientNet-B0,PR,39,1.0,0.11522633744855967,1.700138636806514e-05
External: EfficientNet-B0,PR,40,1.0,0.1153054221002059,1.7132102584582753e-05
External: EfficientNet-B0,PR,41,1.0,0.11538461538461539,1.7411000953870825e-05
External: EfficientNet-B0,PR,42,1.0,0.1154639175257732,1.750643968989607e-05
External: EfficientNet-B0,PR,43,1.0,0.1155433287482806,1.7908698282553814e-05
External: EfficientNet-B0,PR,44,1.0,0.11562284927735719,1.8971622921526432e-05
External: EfficientNet-B0,PR,45,1.0,0.11570247933884298,1.9268352843937464e-05
External: EfficientNet-B0,PR,46,1.0,0.11578221915920055,2.0476030840654857e-05
External: EfficientNet-B0,PR,47,1.0,0.11586206896551725,2.050721195701044e-05
External: EfficientNet-B0,PR,48,1.0,0.11594202898550725,2.052967465715483e-05
External: EfficientNet-B0,PR,49,1.0,0.11602209944751381,2.0855459297308698e-05
External: EfficientNet-B0,PR,50,1.0,0.1161022805805114,2.1119216398801655e-05
External: EfficientNet-B0,PR,51,1.0,0.11618257261410789,2.3381164282909594e-05
External: EfficientNet-B0,PR,52,1.0,0.11626297577854672,2.4527260393369943e-05
External: EfficientNet-B0,PR,53,1.0,0.11634349030470914,2.5544171876390465e-05
External: EfficientNet-B0,PR,54,1.0,0.11642411642411643,2.5644143534009345e-05
External: EfficientNet-B0,PR,55,1.0,0.11650485436893204,2.5806290068430826e-05
External: EfficientNet-B0,PR,56,1.0,0.11658570437196392,2.5820581868174486e-05
External: EfficientNet-B0,PR,57,1.0,0.11666666666666667,2.653959018061869e-05
External: EfficientNet-B0,PR,58,1.0,0.11674774148714386,2.7011999918613583e-05
External: EfficientNet-B0,PR,59,1.0,0.1168289290681502,2.717192910495214e-05
External: EfficientNet-B0,PR,60,1.0,0.11691022964509394,2.734368717938196e-05
External: EfficientNet-B0,PR,61,1.0,0.116991643454039,2.98656705126632e-05
External: EfficientNet-B0,PR,62,1.0,0.11707317073170732,3.0380893804249354e-05
External: EfficientNet-B0,PR,63,1.0,0.11715481171548117,3.5348602978046983e-05
External: EfficientNet-B0,PR,64,1.0,0.11723656664340544,3.854900933220051e-05
External: EfficientNet-B0,PR,65,1.0,0.11731843575418995,4.024865120300092e-05
External: EfficientNet-B0,PR,66,1.0,0.11740041928721175,4.590886237565428e-05
External: EfficientNet-B0,PR,67,1.0,0.11748251748251748,4.661011917050928e-05
External: EfficientNet-B0,PR,68,1.0,0.11756473058082575,4.689086927101016e-05
External: EfficientNet-B0,PR,69,1.0,0.11764705882352941,4.752187305712141e-05
External: EfficientNet-B0,PR,70,1.0,0.11772950245269796,4.834201172343455e-05
External: EfficientNet-B0,PR,71,1.0,0.11781206171107994,4.895401434623636e-05
External: EfficientNet-B0,PR,72,1.0,0.11789473684210526,4.9382619181415066e-05
External: EfficientNet-B0,PR,73,1.0,0.11797752808988764,5.161485023563728e-05
External: EfficientNet-B0,PR,74,1.0,0.11806043569922699,5.171570956008509e-05
External: EfficientNet-B0,PR,75,1.0,0.11814345991561181,5.1779334171442315e-05
External: EfficientNet-B0,PR,76,1.0,0.11822660098522167,5.269237226457335e-05
External: EfficientNet-B0,PR,77,1.0,0.11830985915492957,5.308284380589612e-05
External: EfficientNet-B0,PR,78,1.0,0.11839323467230443,5.5213640735019e-05
External: EfficientNet-B0,PR,79,1.0,0.11847672778561354,5.632583997794427e-05
External: EfficientNet-B0,PR,80,1.0,0.11856033874382499,5.687393786502071e-05
External: EfficientNet-B0,PR,81,1.0,0.11864406779661017,5.856621282873675e-05
External: EfficientNet-B0,PR,82,1.0,0.11872791519434629,5.900777978240512e-05
External: EfficientNet-B0,PR,83,1.0,0.1188118811881188,6.158042378956452e-05
External: EfficientNet-B0,PR,84,1.0,0.11889596602972399,6.204822420841083e-05
External: EfficientNet-B0,PR,85,1.0,0.11898016997167139,6.262293027248234e-05
External: EfficientNet-B0,PR,86,1.0,0.11906449326718639,6.30414579063654e-05
External: EfficientNet-B0,PR,87,1.0,0.11914893617021277,6.438331183744594e-05
External: EfficientNet-B0,PR,88,1.0,0.11923349893541518,6.5374028054066e-05
External: EfficientNet-B0,PR,89,1.0,0.11931818181818182,6.615521851927042e-05
External: EfficientNet-B0,PR,90,1.0,0.11940298507462686,6.685013795504346e-05
External: EfficientNet-B0,PR,91,1.0,0.11948790896159317,6.784097058698535e-05
External: EfficientNet-B0,PR,92,1.0,0.1195729537366548,6.920824671396986e-05
External: EfficientNet-B0,PR,93,1.0,0.11965811965811966,6.929276423761621e-05
External: EfficientNet-B0,PR,94,1.0,0.11974340698503208,7.023972284514457e-05
External: EfficientNet-B0,PR,95,1.0,0.11982881597717546,7.182166882557794e-05
External: EfficientNet-B0,PR,96,1.0,0.11991434689507495,7.184863352449611e-05
External: EfficientNet-B0,PR,97,1.0,0.12,7.187213486758992e-05
External: EfficientNet-B0,PR,98,1.0,0.12008577555396711,7.206483860500157e-05
External: EfficientNet-B0,PR,99,1.0,0.12017167381974249,7.273270603036508e-05
External: EfficientNet-B0,PR,100,1.0,0.12025769506084466,7.292512600542977e-05
External: EfficientNet-B0,PR,101,1.0,0.12034383954154727,7.298981654457748e-05
External: EfficientNet-B0,PR,102,1.0,0.12043010752688173,7.667736645089462e-05
External: EfficientNet-B0,PR,103,1.0,0.12051649928263988,7.673208165215328e-05
External: EfficientNet-B0,PR,104,1.0,0.12060301507537688,7.947406993480399e-05
External: EfficientNet-B0,PR,105,1.0,0.1206896551724138,8.006889402167872e-05
External: EfficientNet-B0,PR,106,1.0,0.1207764198418404,8.021492249099538e-05
External: EfficientNet-B0,PR,107,1.0,0.12086330935251799,8.145464380504563e-05
External: EfficientNet-B0,PR,108,1.0,0.12095032397408208,8.197007264243439e-05
External: EfficientNet-B0,PR,109,1.0,0.12103746397694524,8.570683712605387e-05
External: EfficientNet-B0,PR,110,1.0,0.12112472963229992,8.649786468595266e-05
External: EfficientNet-B0,PR,111,1.0,0.12121212121212122,8.721710037207231e-05
External: EfficientNet-B0,PR,112,1.0,0.12129963898916968,8.976598473964259e-05
External: EfficientNet-B0,PR,113,1.0,0.12138728323699421,9.268902067560703e-05
External: EfficientNet-B0,PR,114,1.0,0.12147505422993492,9.442812006454915e-05
External: EfficientNet-B0,PR,115,1.0,0.12156295224312591,9.853368101175874e-05
External: EfficientNet-B0,PR,116,1.0,0.1216509775524982,0.00010136092168977484
External: EfficientNet-B0,PR,117,1.0,0.12173913043478261,0.00010227195889456198
External: EfficientNet-B0,PR,118,1.0,0.1218274111675127,0.00010285603639204055
External: EfficientNet-B0,PR,119,1.0,0.12191582002902758,0.00010341986489947885
External: EfficientNet-B0,PR,120,1.0,0.12200435729847495,0.00010365221532993019
External: EfficientNet-B0,PR,121,1.0,0.12209302325581395,0.00010526801634114236
External: EfficientNet-B0,PR,122,1.0,0.12218181818181818,0.00010611351171974093
External: EfficientNet-B0,PR,123,1.0,0.1222707423580786,0.00010613018821459264
External: EfficientNet-B0,PR,124,1.0,0.12235979606700656,0.0001090891964850016
External: EfficientNet-B0,PR,125,1.0,0.12244897959183673,0.0001107959687942639
External: EfficientNet-B0,PR,126,1.0,0.12253829321663019,0.00011094973888248205
External: EfficientNet-B0,PR,127,1.0,0.12262773722627737,0.00011452606122475117
External: EfficientNet-B0,PR,128,1.0,0.12271731190650109,0.00011648445797618479
External: EfficientNet-B0,PR,129,1.0,0.12280701754385964,0.00011896280921064317
External: EfficientNet-B0,PR,130,1.0,0.12289685442574981,0.00011899022501893342
External: EfficientNet-B0,PR,131,1.0,0.12298682284040996,0.00012221465294715017
External: EfficientNet-B0,PR,132,1.0,0.12307692307692308,0.0001251559442607686
External: EfficientNet-B0,PR,133,1.0,0.12316715542521994,0.00012578449968714267
External: EfficientNet-B0,PR,134,1.0,0.12325752017608217,0.0001288375788135454
External: EfficientNet-B0,PR,135,1.0,0.12334801762114538,0.00013049964036326855
External: EfficientNet-B0,PR,136,1.0,0.12343864805290228,0.0001307234779233113
External: EfficientNet-B0,PR,137,1.0,0.12352941176470589,0.00013414175191428512
External: EfficientNet-B0,PR,138,1.0,0.12362030905077263,0.0001371207763440907
External: EfficientNet-B0,PR,139,1.0,0.12371134020618557,0.00013754288374911994
External: EfficientNet-B0,PR,140,1.0,0.12380250552689757,0.00013922658399678767
External: EfficientNet-B0,PR,141,1.0,0.12389380530973451,0.00014262409240473062
External: EfficientNet-B0,PR,142,1.0,0.12398523985239852,0.00014416067278943956
External: EfficientNet-B0,PR,143,1.0,0.1240768094534712,0.00014541579002980143
External: EfficientNet-B0,PR,144,1.0,0.12416851441241686,0.00014622180606238544
External: EfficientNet-B0,PR,145,1.0,0.1242603550295858,0.00014671511598862708
External: EfficientNet-B0,PR,146,1.0,0.12435233160621761,0.0001486865512561053
External: EfficientNet-B0,PR,147,1.0,0.12444444444444444,0.0001514649047749117
External: EfficientNet-B0,PR,148,1.0,0.1245366938472943,0.00015197417815215886
External: EfficientNet-B0,PR,149,1.0,0.12462908011869436,0.00015338649973273277
External: EfficientNet-B0,PR,150,1.0,0.12472160356347439,0.00015414331573992968
External: EfficientNet-B0,PR,151,1.0,0.12481426448736999,0.00015470180369447917
External: EfficientNet-B0,PR,152,1.0,0.12490706319702602,0.00015555269783362746
External: EfficientNet-B0,PR,153,1.0,0.125,0.000156094174599275
External: EfficientNet-B0,PR,154,1.0,0.12509307520476545,0.0001564999984111637
External: EfficientNet-B0,PR,155,1.0,0.12518628912071536,0.00015795235231053084
External: EfficientNet-B0,PR,156,1.0,0.12527964205816555,0.0001634034124435857
External: EfficientNet-B0,PR,157,1.0,0.1253731343283582,0.0001648247562116012
External: EfficientNet-B0,PR,158,1.0,0.12546676624346528,0.00016680519911460578
External: EfficientNet-B0,PR,159,1.0,0.12556053811659193,0.00017033812764566392
External: EfficientNet-B0,PR,160,1.0,0.1256544502617801,0.00017042612307704985
External: EfficientNet-B0,PR,161,1.0,0.12574850299401197,0.00017620569269638509
External: EfficientNet-B0,PR,162,1.0,0.1258426966292135,0.00017840742657426745
External: EfficientNet-B0,PR,163,1.0,0.12593703148425786,0.0001786991342669353
External: EfficientNet-B0,PR,164,1.0,0.12603150787696923,0.0001790280657587573
External: EfficientNet-B0,PR,165,1.0,0.12612612612612611,0.00018406333401799202
External: EfficientNet-B0,PR,166,1.0,0.12622088655146507,0.00018534019181970507
External: EfficientNet-B0,PR,167,1.0,0.12631578947368421,0.00019185050041414797
External: EfficientNet-B0,PR,168,1.0,0.12641083521444696,0.00019243588030803949
External: EfficientNet-B0,PR,169,1.0,0.12650602409638553,0.00020441199012566358
External: EfficientNet-B0,PR,170,1.0,0.12660135644310475,0.0002047261077677831
External: EfficientNet-B0,PR,171,1.0,0.12669683257918551,0.00020567109459079802
External: EfficientNet-B0,PR,172,1.0,0.12679245283018867,0.00020826364925596863
External: EfficientNet-B0,PR,173,1.0,0.1268882175226586,0.000208853671210818
External: EfficientNet-B0,PR,174,1.0,0.12698412698412698,0.00021001166896894574
External: EfficientNet-B0,PR,175,1.0,0.12708018154311648,0.0002124710736097768
External: EfficientNet-B0,PR,176,1.0,0.1271763815291446,0.00021362060215324163
External: EfficientNet-B0,PR,177,1.0,0.12727272727272726,0.00021567328076343983
External: EfficientNet-B0,PR,178,1.0,0.12736921910538287,0.00022520098718814552
External: EfficientNet-B0,PR,179,1.0,0.1274658573596358,0.00022607138089369982
External: EfficientNet-B0,PR,180,1.0,0.1275626423690205,0.00022907629318069667
External: EfficientNet-B0,PR,181,1.0,0.1276595744680851,0.00023029801377560943
External: EfficientNet-B0,PR,182,1.0,0.12775665399239544,0.000232096339459531
External: EfficientNet-B0,PR,183,1.0,0.1278538812785388,0.0002331905416212976
External: EfficientNet-B0,PR,184,1.0,0.12795125666412796,0.0002353931631660089
External: EfficientNet-B0,PR,185,1.0,0.12804878048780488,0.0002381406957283616
External: EfficientNet-B0,PR,186,1.0,0.12814645308924486,0.00024087778001558036
External: EfficientNet-B0,PR,187,1.0,0.1282442748091603,0.0002421913668513298
External: EfficientNet-B0,PR,188,1.0,0.12834224598930483,0.00024515073164366186
External: EfficientNet-B0,PR,189,1.0,0.12844036697247707,0.00024750406737439334
External: EfficientNet-B0,PR,190,1.0,0.12853863810252486,0.0002480646362528205
External: EfficientNet-B0,PR,191,1.0,0.12863705972434916,0.0002544257731642574
External: EfficientNet-B0,PR,192,1.0,0.12873563218390804,0.0002560954017098993
External: EfficientNet-B0,PR,193,1.0,0.12883435582822086,0.00025650093448348343
External: EfficientNet-B0,PR,194,1.0,0.1289332310053722,0.00026000928482972085
External: EfficientNet-B0,PR,195,1.0,0.12903225806451613,0.00026004391838796437
External: EfficientNet-B0,PR,196,1.0,0.1291314373558801,0.00026106060249730945
External: EfficientNet-B0,PR,197,1.0,0.12923076923076923,0.0002612664538901299
External: EfficientNet-B0,PR,198,1.0,0.12933025404157045,0.00026207114569842815
External: EfficientNet-B0,PR,199,1.0,0.12942989214175654,0.00027134738047607243
External: EfficientNet-B0,PR,200,1.0,0.1295296838858905,0.00027340432279743254
External: EfficientNet-B0,PR,201,1.0,0.12962962962962962,0.0002752889122348279
External: EfficientNet-B0,PR,202,1.0,0.12972972972972974,0.00027838890673592687
External: EfficientNet-B0,PR,203,1.0,0.12982998454404945,0.0002821890520863235
External: EfficientNet-B0,PR,204,1.0,0.12993039443155452,0.00028304150328040123
External: EfficientNet-B0,PR,205,1.0,0.13003095975232198,0.0002902272390201688
External: EfficientNet-B0,PR,206,1.0,0.13013168086754454,0.0002922643907368183
External: EfficientNet-B0,PR,207,1.0,0.13023255813953488,0.00029338872991502285
External: EfficientNet-B0,PR,208,1.0,0.13033359193173003,0.0002996977709699422
External: EfficientNet-B0,PR,209,1.0,0.13043478260869565,0.00030211088596843183
External: EfficientNet-B0,PR,210,1.0,0.13053613053613053,0.0003059316659346223
External: EfficientNet-B0,PR,211,1.0,0.13063763608087092,0.0003138039028272033
External: EfficientNet-B0,PR,212,1.0,0.13073929961089495,0.00031690162722952664
External: EfficientNet-B0,PR,213,1.0,0.1308411214953271,0.0003175852179992944
External: EfficientNet-B0,PR,214,1.0,0.1309431021044427,0.00031927399686537683
External: EfficientNet-B0,PR,215,1.0,0.1310452418096724,0.0003220659273210913
External: EfficientNet-B0,PR,216,1.0,0.13114754098360656,0.00032353453570976853
External: EfficientNet-B0,PR,217,1.0,0.13125,0.0003306858125142753
External: EfficientNet-B0,PR,218,1.0,0.1313526192337764,0.0003355202206876129
External: EfficientNet-B0,PR,219,1.0,0.13145539906103287,0.00033794864430092275
External: EfficientNet-B0,PR,220,1.0,0.13155833985904464,0.00033890808117575943
External: EfficientNet-B0,PR,221,1.0,0.13166144200626959,0.0003389116609469056
External: EfficientNet-B0,PR,222,1.0,0.13176470588235295,0.0003453174140304327
External: EfficientNet-B0,PR,223,1.0,0.13186813186813187,0.00034574608434922993
External: EfficientNet-B0,PR,224,1.0,0.13197172034564023,0.0003503231273498386
External: EfficientNet-B0,PR,225,1.0,0.1320754716981132,0.0003504571504890919
External: EfficientNet-B0,PR,226,1.0,0.13217938630999213,0.0003508908848743886
External: EfficientNet-B0,PR,227,1.0,0.13228346456692913,0.00035584522993303835
External: EfficientNet-B0,PR,228,1.0,0.13238770685579196,0.00036056360113434494
External: EfficientNet-B0,PR,229,1.0,0.13249211356466878,0.00037293744389899075
External: EfficientNet-B0,PR,230,1.0,0.13259668508287292,0.00037615332985296845
External: EfficientNet-B0,PR,231,1.0,0.13270142180094788,0.00037982885260134935
External: EfficientNet-B0,PR,232,1.0,0.13280632411067195,0.00038362835766747594
External: EfficientNet-B0,PR,233,1.0,0.13291139240506328,0.00038628283073194325
External: EfficientNet-B0,PR,234,1.0,0.1330166270783848,0.00039704705704934895
External: EfficientNet-B0,PR,235,1.0,0.13312202852614896,0.00040055735735222697
External: EfficientNet-B0,PR,236,1.0,0.13322759714512292,0.0004041821521241218
External: EfficientNet-B0,PR,237,1.0,0.13333333333333333,0.0004046411777380854
External: EfficientNet-B0,PR,238,1.0,0.13343923749007147,0.00040717064985074103
External: EfficientNet-B0,PR,239,1.0,0.13354531001589826,0.00040744367288425565
External: EfficientNet-B0,PR,240,1.0,0.13365155131264916,0.00040850669029168785
External: EfficientNet-B0,PR,241,1.0,0.1337579617834395,0.0004144156991969794
External: EfficientNet-B0,PR,242,1.0,0.13386454183266933,0.0004154232738073915
External: EfficientNet-B0,PR,243,1.0,0.1339712918660287,0.00041655940003693104
External: EfficientNet-B0,PR,244,1.0,0.1340782122905028,0.0004252553917467594
External: EfficientNet-B0,PR,245,1.0,0.134185303514377,0.0004265106108505279
External: EfficientNet-B0,PR,246,1.0,0.1342925659472422,0.0004268652410246432
External: EfficientNet-B0,PR,247,1.0,0.1344,0.0004336414858698845
External: EfficientNet-B0,PR,248,1.0,0.1345076060848679,0.0004367247165646404
External: EfficientNet-B0,PR,249,1.0,0.1346153846153846,0.0004377804580144584
External: EfficientNet-B0,PR,250,1.0,0.1347233360064154,0.00044539134250953794
External: EfficientNet-B0,PR,251,1.0,0.1348314606741573,0.0004467512480914593
External: EfficientNet-B0,PR,252,1.0,0.13493975903614458,0.00045465052244253457
External: EfficientNet-B0,PR,253,1.0,0.13504823151125403,0.00046855423715896904
External: EfficientNet-B0,PR,254,1.0,0.13515687851971037,0.0004686958563979715
External: EfficientNet-B0,PR,255,1.0,0.13526570048309178,0.000471493840450421
External: EfficientNet-B0,PR,256,1.0,0.13537469782433523,0.0004737821873277426
External: EfficientNet-B0,PR,257,1.0,0.13548387096774195,0.0004754289402626455
External: EfficientNet-B0,PR,258,1.0,0.13559322033898305,0.00048359966604039073
External: EfficientNet-B0,PR,259,1.0,0.13570274636510501,0.000488718447741121
External: EfficientNet-B0,PR,260,1.0,0.13581244947453516,0.000498782959766686
External: EfficientNet-B0,PR,261,1.0,0.13592233009708737,0.0005030137836001813
External: EfficientNet-B0,PR,262,1.0,0.1360323886639676,0.0005035217618569732
External: EfficientNet-B0,PR,263,1.0,0.13614262560777957,0.0005125648458488286
External: EfficientNet-B0,PR,264,1.0,0.1362530413625304,0.0005148848285898566
External: EfficientNet-B0,PR,265,1.0,0.13636363636363635,0.0005170410149730742
External: EfficientNet-B0,PR,266,1.0,0.1364744110479285,0.0005354634486138821
External: EfficientNet-B0,PR,267,1.0,0.13658536585365855,0.0005421724054031074
External: EfficientNet-B0,PR,268,1.0,0.13669650122050447,0.0005431149620562792
External: EfficientNet-B0,PR,269,1.0,0.13680781758957655,0.0005431814934127033
External: EfficientNet-B0,PR,270,1.0,0.13691931540342298,0.0005472716875374317
External: EfficientNet-B0,PR,271,1.0,0.1370309951060359,0.0005476228543557227
External: EfficientNet-B0,PR,272,1.0,0.13714285714285715,0.0005515755037777126
External: EfficientNet-B0,PR,273,1.0,0.13725490196078433,0.0005553502705879509
External: EfficientNet-B0,PR,274,1.0,0.1373671300081766,0.0005574740935117006
External: EfficientNet-B0,PR,275,1.0,0.13747954173486088,0.0005608079372905195
External: EfficientNet-B0,PR,276,1.0,0.1375921375921376,0.000569526047911495
External: EfficientNet-B0,PR,277,1.0,0.1377049180327869,0.0005710729747079313
External: EfficientNet-B0,PR,278,1.0,0.13781788351107466,0.0005923650460317731
External: EfficientNet-B0,PR,279,1.0,0.13793103448275862,0.0005925461300648749
External: EfficientNet-B0,PR,280,1.0,0.13804437140509448,0.0005926478188484907
External: EfficientNet-B0,PR,281,1.0,0.13815789473684212,0.0005931741907261312
External: EfficientNet-B0,PR,282,1.0,0.1382716049382716,0.0006015304243192077
External: EfficientNet-B0,PR,283,1.0,0.13838550247116968,0.000606691581197083
External: EfficientNet-B0,PR,284,1.0,0.13849958779884583,0.0006112972041592002
External: EfficientNet-B0,PR,285,1.0,0.13861386138613863,0.0006114590214565396
External: EfficientNet-B0,PR,286,1.0,0.13872832369942195,0.0006127040833234787
External: EfficientNet-B0,PR,287,1.0,0.13884297520661157,0.0006223277887329459
External: EfficientNet-B0,PR,288,1.0,0.13895781637717122,0.0006300650420598686
External: EfficientNet-B0,PR,289,1.0,0.1390728476821192,0.0006343582062982023
External: EfficientNet-B0,PR,290,1.0,0.1391880695940348,0.0006371706258505583
External: EfficientNet-B0,PR,291,1.0,0.13930348258706468,0.0006377537501975894
External: EfficientNet-B0,PR,292,1.0,0.13941908713692946,0.0006387484609149396
External: EfficientNet-B0,PR,293,1.0,0.13953488372093023,0.0006404677405953407
External: EfficientNet-B0,PR,294,1.0,0.1396508728179551,0.0006425550091080368
External: EfficientNet-B0,PR,295,1.0,0.13976705490848584,0.000646378321107477
External: EfficientNet-B0,PR,296,1.0,0.1398834304746045,0.0006486116326414049
External: EfficientNet-B0,PR,297,1.0,0.14,0.0006531319813802838
External: EfficientNet-B0,PR,298,1.0,0.14011676396997497,0.0006594203878194094
External: EfficientNet-B0,PR,299,1.0,0.14023372287145242,0.0006699991063214839
External: EfficientNet-B0,PR,300,1.0,0.14035087719298245,0.0006797975511290133
External: EfficientNet-B0,PR,301,1.0,0.14046822742474915,0.0006811392377130687
External: EfficientNet-B0,PR,302,1.0,0.14058577405857742,0.0006957227597013116
External: EfficientNet-B0,PR,303,1.0,0.1407035175879397,0.0006959365564398468
External: EfficientNet-B0,PR,304,1.0,0.14082145850796313,0.0006966764922253788
External: EfficientNet-B0,PR,305,1.0,0.14093959731543623,0.000707626692019403
External: EfficientNet-B0,PR,306,1.0,0.14105793450881612,0.0007119655492715538
External: EfficientNet-B0,PR,307,1.0,0.1411764705882353,0.0007148802978917956
External: EfficientNet-B0,PR,308,1.0,0.14129520605550883,0.0007160755922086537
External: EfficientNet-B0,PR,309,1.0,0.1414141414141414,0.0007269810303114355
External: EfficientNet-B0,PR,310,1.0,0.14153327716933445,0.000738072267267853
External: EfficientNet-B0,PR,311,1.0,0.14165261382799327,0.0007529804715886712
External: EfficientNet-B0,PR,312,1.0,0.14177215189873418,0.0007572853937745094
External: EfficientNet-B0,PR,313,1.0,0.14189189189189189,0.0007632718188688159
External: EfficientNet-B0,PR,314,1.0,0.14201183431952663,0.0007767300703562796
External: EfficientNet-B0,PR,315,1.0,0.14213197969543148,0.0007772969547659159
External: EfficientNet-B0,PR,316,0.9940476190476191,0.14140558848433532,0.0007796159479767084
External: EfficientNet-B0,PR,317,0.9940476190476191,0.14152542372881355,0.0007814929122105241
External: EfficientNet-B0,PR,318,0.9940476190476191,0.14164546225614927,0.0007933295564725995
External: EfficientNet-B0,PR,319,0.9940476190476191,0.14176570458404075,0.0007971943123266101
External: EfficientNet-B0,PR,320,0.9940476190476191,0.14188615123194562,0.0008012540638446808
External: EfficientNet-B0,PR,321,0.9940476190476191,0.14200680272108843,0.0008152135415002704
External: EfficientNet-B0,PR,322,0.9940476190476191,0.14212765957446807,0.0008154312963597476
External: EfficientNet-B0,PR,323,0.9940476190476191,0.14224872231686542,0.0008187872008420527
External: EfficientNet-B0,PR,324,0.9940476190476191,0.1423699914748508,0.0008317671017721295
External: EfficientNet-B0,PR,325,0.9940476190476191,0.14249146757679182,0.0008346270187757909
External: EfficientNet-B0,PR,326,0.9940476190476191,0.1426131511528608,0.0008402635576203465
External: EfficientNet-B0,PR,327,0.9940476190476191,0.14273504273504273,0.0008411224116571248
External: EfficientNet-B0,PR,328,0.9940476190476191,0.14285714285714285,0.0008494181674905121
External: EfficientNet-B0,PR,329,0.9940476190476191,0.1429794520547945,0.0008615725091658533
External: EfficientNet-B0,PR,330,0.9940476190476191,0.143101970865467,0.0008647915674373507
External: EfficientNet-B0,PR,331,0.9940476190476191,0.1432246998284734,0.0008839304791763425
External: EfficientNet-B0,PR,332,0.9940476190476191,0.14334763948497853,0.0008847617427818477
External: EfficientNet-B0,PR,333,0.9940476190476191,0.14347079037800686,0.0008871823083609343
External: EfficientNet-B0,PR,334,0.9940476190476191,0.14359415305245055,0.0008945344598032534
External: EfficientNet-B0,PR,335,0.9940476190476191,0.14371772805507746,0.0009108268423005939
External: EfficientNet-B0,PR,336,0.9940476190476191,0.1438415159345392,0.0009295131312683225
External: EfficientNet-B0,PR,337,0.9940476190476191,0.14396551724137932,0.0009596899035386741
External: EfficientNet-B0,PR,338,0.9940476190476191,0.14408973252804141,0.0009683449752628803
External: EfficientNet-B0,PR,339,0.9940476190476191,0.14421416234887738,0.0009696305496618152
External: EfficientNet-B0,PR,340,0.9940476190476191,0.14433880726015558,0.000975101487711072
External: EfficientNet-B0,PR,341,0.9940476190476191,0.1444636678200692,0.0009938015136867762
External: EfficientNet-B0,PR,342,0.9940476190476191,0.1445887445887446,0.0010014896979555488
External: EfficientNet-B0,PR,343,0.9940476190476191,0.14471403812824957,0.0010130179580301046
External: EfficientNet-B0,PR,344,0.9940476190476191,0.1448395490026019,0.0010149944573640823
External: EfficientNet-B0,PR,345,0.9940476190476191,0.1449652777777778,0.0010166559368371964
External: EfficientNet-B0,PR,346,0.9940476190476191,0.14509122502172025,0.001022768672555685
External: EfficientNet-B0,PR,347,0.9940476190476191,0.14521739130434783,0.0010281577706336975
External: EfficientNet-B0,PR,348,0.9940476190476191,0.1453437771975631,0.0010336644481867552
External: EfficientNet-B0,PR,349,0.9940476190476191,0.14547038327526132,0.001046935562044382
External: EfficientNet-B0,PR,350,0.9940476190476191,0.14559721011333915,0.0010517151094973087
External: EfficientNet-B0,PR,351,0.9940476190476191,0.1457242582897033,0.0010599931702017784
External: EfficientNet-B0,PR,352,0.9940476190476191,0.14585152838427948,0.0010622774716466665
External: EfficientNet-B0,PR,353,0.9940476190476191,0.145979020979021,0.001066073658876121
External: EfficientNet-B0,PR,354,0.9940476190476191,0.14610673665791776,0.0010882890783250332
External: EfficientNet-B0,PR,355,0.9940476190476191,0.14623467600700527,0.0010911703575402498
External: EfficientNet-B0,PR,356,0.9940476190476191,0.14636283961437335,0.0010943147353827953
External: EfficientNet-B0,PR,357,0.9940476190476191,0.14649122807017545,0.0011056495131924748
External: EfficientNet-B0,PR,358,0.9940476190476191,0.1466198419666374,0.0011079168180003762
External: EfficientNet-B0,PR,359,0.9940476190476191,0.14674868189806678,0.0011098718969151378
External: EfficientNet-B0,PR,360,0.9940476190476191,0.1468777484608619,0.0011229153024032712
External: EfficientNet-B0,PR,361,0.9940476190476191,0.14700704225352113,0.001133130630478263
External: EfficientNet-B0,PR,362,0.9940476190476191,0.14713656387665197,0.0011332269059494138
External: EfficientNet-B0,PR,363,0.9940476190476191,0.1472663139329806,0.0011473826598376036
External: EfficientNet-B0,PR,364,0.9940476190476191,0.147396293027361,0.0011475339997559786
External: EfficientNet-B0,PR,365,0.9940476190476191,0.14752650176678445,0.0011660321615636349
External: EfficientNet-B0,PR,366,0.9940476190476191,0.14765694076038904,0.0011708548991009593
External: EfficientNet-B0,PR,367,0.9940476190476191,0.14778761061946902,0.0011769974371418357
External: EfficientNet-B0,PR,368,0.9940476190476191,0.1479185119574845,0.0012008020421490073
External: EfficientNet-B0,PR,369,0.9940476190476191,0.14804964539007093,0.0012161799240857363
External: EfficientNet-B0,PR,370,0.9940476190476191,0.1481810115350488,0.0012265812838450074
External: EfficientNet-B0,PR,371,0.9940476190476191,0.1483126110124334,0.0012325883144512773
External: EfficientNet-B0,PR,372,0.9940476190476191,0.14844444444444443,0.0012489039218053222
External: EfficientNet-B0,PR,373,0.9940476190476191,0.148576512455516,0.0012494261609390378
External: EfficientNet-B0,PR,374,0.9940476190476191,0.14870881567230632,0.0012584379874169827
External: EfficientNet-B0,PR,375,0.9940476190476191,0.14884135472370766,0.0012615832965821028
External: EfficientNet-B0,PR,376,0.9940476190476191,0.14897413024085637,0.0012690991861745715
External: EfficientNet-B0,PR,377,0.9940476190476191,0.14910714285714285,0.0012913206592202187
External: EfficientNet-B0,PR,378,0.9940476190476191,0.14924039320822163,0.0013414997374638915
External: EfficientNet-B0,PR,379,0.9940476190476191,0.14937388193202147,0.0013462380738928914
External: EfficientNet-B0,PR,380,0.9940476190476191,0.1495076096687556,0.0013466639211401343
External: EfficientNet-B0,PR,381,0.9940476190476191,0.1496415770609319,0.001355914631858468
External: EfficientNet-B0,PR,382,0.9940476190476191,0.14977578475336323,0.001371007994748652
External: EfficientNet-B0,PR,383,0.9940476190476191,0.14991023339317774,0.001382663962431252
External: EfficientNet-B0,PR,384,0.9940476190476191,0.1500449236298293,0.001402864116244018
External: EfficientNet-B0,PR,385,0.9940476190476191,0.15017985611510792,0.0014118331018835306
External: EfficientNet-B0,PR,386,0.9940476190476191,0.15031503150315031,0.001428720890544355
External: EfficientNet-B0,PR,387,0.9940476190476191,0.15045045045045044,0.0014436714118346572
External: EfficientNet-B0,PR,388,0.9940476190476191,0.15058611361587015,0.0014679661253467202
External: EfficientNet-B0,PR,389,0.9940476190476191,0.15072202166064982,0.0014760170597583055
External: EfficientNet-B0,PR,390,0.9940476190476191,0.15085817524841916,0.0014772488502785563
External: EfficientNet-B0,PR,391,0.9940476190476191,0.15099457504520797,0.0014917684020474553
External: EfficientNet-B0,PR,392,0.9940476190476191,0.151131221719457,0.0015336875803768635
External: EfficientNet-B0,PR,393,0.9940476190476191,0.151268115942029,0.00153541995678097
External: EfficientNet-B0,PR,394,0.9940476190476191,0.1514052583862194,0.0015652499860152602
External: EfficientNet-B0,PR,395,0.9940476190476191,0.1515426497277677,0.0015713259344920516
External: EfficientNet-B0,PR,396,0.9940476190476191,0.1516802906448683,0.001578791649080813
External: EfficientNet-B0,PR,397,0.9940476190476191,0.15181818181818182,0.001680641551502049
External: EfficientNet-B0,PR,398,0.9940476190476191,0.15195632393084624,0.001681497786194086
External: EfficientNet-B0,PR,399,0.9940476190476191,0.15209471766848817,0.00168581772595644
External: EfficientNet-B0,PR,400,0.9940476190476191,0.15223336371923427,0.0017653987742960453
External: EfficientNet-B0,PR,401,0.9940476190476191,0.15237226277372262,0.0017704250058159232
External: EfficientNet-B0,PR,402,0.9940476190476191,0.15251141552511416,0.001779017155058682
External: EfficientNet-B0,PR,403,0.9940476190476191,0.1526508226691042,0.0017851379234343767
External: EfficientNet-B0,PR,404,0.9940476190476191,0.15279048490393413,0.0018338311929255724
External: EfficientNet-B0,PR,405,0.9940476190476191,0.15293040293040294,0.0018388517200946808
External: EfficientNet-B0,PR,406,0.9940476190476191,0.15307057745187902,0.0018446040339767933
External: EfficientNet-B0,PR,407,0.9940476190476191,0.15321100917431194,0.0018527841893956065
External: EfficientNet-B0,PR,408,0.9940476190476191,0.15335169880624427,0.0018646236276254058
External: EfficientNet-B0,PR,409,0.9940476190476191,0.15349264705882354,0.0018659706693142653
External: EfficientNet-B0,PR,410,0.9940476190476191,0.15363385464581417,0.0018682880327105522
External: EfficientNet-B0,PR,411,0.9940476190476191,0.15377532228360957,0.0018784342100843787
External: EfficientNet-B0,PR,412,0.9940476190476191,0.15391705069124423,0.001883723889477551
External: EfficientNet-B0,PR,413,0.9940476190476191,0.1540590405904059,0.001924783573485911
External: EfficientNet-B0,PR,414,0.9940476190476191,0.15420129270544783,0.0019467867678031325
External: EfficientNet-B0,PR,415,0.9940476190476191,0.15434380776340112,0.0019504643278196454
External: EfficientNet-B0,PR,416,0.9940476190476191,0.15448658649398705,0.001957324333488941
External: EfficientNet-B0,PR,417,0.9940476190476191,0.15462962962962962,0.0019950501155108213
External: EfficientNet-B0,PR,418,0.9940476190476191,0.15477293790546803,0.0020295025315135717
External: EfficientNet-B0,PR,419,0.9940476190476191,0.1549165120593692,0.0020497555378824472
External: EfficientNet-B0,PR,420,0.9940476190476191,0.15506035283194058,0.00206718104891479
External: EfficientNet-B0,PR,421,0.9940476190476191,0.15520446096654275,0.0021001228597015142
External: EfficientNet-B0,PR,422,0.9940476190476191,0.15534883720930232,0.0021158717572689056
External: EfficientNet-B0,PR,423,0.9940476190476191,0.15549348230912477,0.00212297891266644
External: EfficientNet-B0,PR,424,0.9940476190476191,0.15563839701770738,0.0021355135831981897
External: EfficientNet-B0,PR,425,0.9940476190476191,0.15578358208955223,0.0021431688219308853
External: EfficientNet-B0,PR,426,0.9940476190476191,0.15592903828197946,0.0021485479082912207
External: EfficientNet-B0,PR,427,0.9940476190476191,0.1560747663551402,0.0021672386210411787
External: EfficientNet-B0,PR,428,0.9940476190476191,0.15622076707202995,0.0021985271014273167
External: EfficientNet-B0,PR,429,0.9940476190476191,0.15636704119850187,0.0022270409390330315
External: EfficientNet-B0,PR,430,0.9940476190476191,0.15651358950328023,0.002263888018205762
External: EfficientNet-B0,PR,431,0.9940476190476191,0.15666041275797374,0.002268335549160838
External: EfficientNet-B0,PR,432,0.9940476190476191,0.1568075117370892,0.002281083492562175
External: EfficientNet-B0,PR,433,0.9940476190476191,0.15695488721804512,0.0022851992398500443
External: EfficientNet-B0,PR,434,0.9940476190476191,0.1571025399811853,0.0022963748779147863
External: EfficientNet-B0,PR,435,0.9940476190476191,0.15725047080979285,0.0023002037778496742
External: EfficientNet-B0,PR,436,0.9940476190476191,0.15739868049010367,0.0023028571158647537
External: EfficientNet-B0,PR,437,0.9940476190476191,0.15754716981132075,0.0023161997087299824
External: EfficientNet-B0,PR,438,0.9940476190476191,0.15769593956562794,0.0023277930449694395
External: EfficientNet-B0,PR,439,0.9940476190476191,0.15784499054820417,0.0023305658251047134
External: EfficientNet-B0,PR,440,0.9940476190476191,0.15799432355723747,0.0023351151030510664
External: EfficientNet-B0,PR,441,0.9940476190476191,0.1581439393939394,0.002347259083762765
External: EfficientNet-B0,PR,442,0.9940476190476191,0.15829383886255924,0.002391680609434843
External: EfficientNet-B0,PR,443,0.9940476190476191,0.15844402277039848,0.0024247111286967993
External: EfficientNet-B0,PR,444,0.9940476190476191,0.15859449192782527,0.0024440523702651262
External: EfficientNet-B0,PR,445,0.9940476190476191,0.15874524714828897,0.002445363439619541
External: EfficientNet-B0,PR,446,0.9940476190476191,0.15889628924833493,0.0024963172618299723
External: EfficientNet-B0,PR,447,0.9940476190476191,0.15904761904761905,0.002517355838790536
External: EfficientNet-B0,PR,448,0.9940476190476191,0.15919923736892277,0.002525485586374998
External: EfficientNet-B0,PR,449,0.9940476190476191,0.15935114503816794,0.0025443583726882935
External: EfficientNet-B0,PR,450,0.9940476190476191,0.15950334288443171,0.00259372778236866
External: EfficientNet-B0,PR,451,0.9940476190476191,0.15965583173996176,0.0026064401026815176
External: EfficientNet-B0,PR,452,0.9940476190476191,0.1598086124401914,0.002624612068757415
External: EfficientNet-B0,PR,453,0.9880952380952381,0.15900383141762453,0.0026325478684157133
External: EfficientNet-B0,PR,454,0.9880952380952381,0.15915627996164908,0.0026428059209138155
External: EfficientNet-B0,PR,455,0.9880952380952381,0.15930902111324377,0.002660958096385002
External: EfficientNet-B0,PR,456,0.9880952380952381,0.15946205571565802,0.0026711791288107634
External: EfficientNet-B0,PR,457,0.9880952380952381,0.1596153846153846,0.0027318138163536787
External: EfficientNet-B0,PR,458,0.9880952380952381,0.15976900866217517,0.002761607989668846
External: EfficientNet-B0,PR,459,0.9880952380952381,0.1599229287090559,0.0027908317279070616
External: EfficientNet-B0,PR,460,0.9880952380952381,0.1600771456123433,0.00280184973962605
External: EfficientNet-B0,PR,461,0.9880952380952381,0.16023166023166024,0.0028151231817901134
External: EfficientNet-B0,PR,462,0.9880952380952381,0.1603864734299517,0.00286938832141459
External: EfficientNet-B0,PR,463,0.9880952380952381,0.16054158607350097,0.0028789807111024857
External: EfficientNet-B0,PR,464,0.9880952380952381,0.1606969990319458,0.0028806121554225683
External: EfficientNet-B0,PR,465,0.9880952380952381,0.16085271317829458,0.0028906664811074734
External: EfficientNet-B0,PR,466,0.9880952380952381,0.16100872938894278,0.0028953158762305975
External: EfficientNet-B0,PR,467,0.9821428571428571,0.16019417475728157,0.0029031941667199135
External: EfficientNet-B0,PR,468,0.9821428571428571,0.16034985422740525,0.002981662517413497
External: EfficientNet-B0,PR,469,0.9821428571428571,0.1605058365758755,0.002982774283736944
External: EfficientNet-B0,PR,470,0.9821428571428571,0.16066212268743915,0.0029881952796131372
External: EfficientNet-B0,PR,471,0.9821428571428571,0.1608187134502924,0.002993317088112235
External: EfficientNet-B0,PR,472,0.9821428571428571,0.16097560975609757,0.003009048057720065
External: EfficientNet-B0,PR,473,0.9821428571428571,0.1611328125,0.0030675705056637526
External: EfficientNet-B0,PR,474,0.9821428571428571,0.16129032258064516,0.0030718925409018993
External: EfficientNet-B0,PR,475,0.9821428571428571,0.16144814090019569,0.0031299549154937267
External: EfficientNet-B0,PR,476,0.9821428571428571,0.1616062683643487,0.003167142625898123
External: EfficientNet-B0,PR,477,0.9821428571428571,0.16176470588235295,0.003176157595589757
External: EfficientNet-B0,PR,478,0.9821428571428571,0.1619234543670265,0.003202617634087801
External: EfficientNet-B0,PR,479,0.9821428571428571,0.16208251473477406,0.003296631621196866
External: EfficientNet-B0,PR,480,0.9821428571428571,0.16224188790560473,0.003298063762485981
External: EfficientNet-B0,PR,481,0.9821428571428571,0.1624015748031496,0.003310062689706683
External: EfficientNet-B0,PR,482,0.9821428571428571,0.1625615763546798,0.0033267897088080645
External: EfficientNet-B0,PR,483,0.9821428571428571,0.16272189349112426,0.0033323466777801514
External: EfficientNet-B0,PR,484,0.9821428571428571,0.16288252714708787,0.0033533202949911356
External: EfficientNet-B0,PR,485,0.9821428571428571,0.16304347826086957,0.0033545969054102898
External: EfficientNet-B0,PR,486,0.9821428571428571,0.1632047477744807,0.0033607659861445427
External: EfficientNet-B0,PR,487,0.9821428571428571,0.16336633663366337,0.003363750409334898
External: EfficientNet-B0,PR,488,0.9821428571428571,0.1635282457879088,0.0033653532154858112
External: EfficientNet-B0,PR,489,0.9821428571428571,0.1636904761904762,0.003398922039195895
External: EfficientNet-B0,PR,490,0.9821428571428571,0.16385302879841113,0.0034124727826565504
External: EfficientNet-B0,PR,491,0.9821428571428571,0.16401590457256462,0.0035025281831622124
External: EfficientNet-B0,PR,492,0.9821428571428571,0.16417910447761194,0.0035097626969218254
External: EfficientNet-B0,PR,493,0.9821428571428571,0.1643426294820717,0.0035209425259381533
External: EfficientNet-B0,PR,494,0.9821428571428571,0.16450648055832504,0.003524536732584238
External: EfficientNet-B0,PR,495,0.9821428571428571,0.16467065868263472,0.003561471588909626
External: EfficientNet-B0,PR,496,0.9821428571428571,0.16483516483516483,0.003583908313885331
External: EfficientNet-B0,PR,497,0.9821428571428571,0.165,0.003587177488952875
External: EfficientNet-B0,PR,498,0.9821428571428571,0.16516516516516516,0.003594786860048771
External: EfficientNet-B0,PR,499,0.9821428571428571,0.1653306613226453,0.0036050567869096994
External: EfficientNet-B0,PR,500,0.9821428571428571,0.16549648946840523,0.0036152303218841553
External: EfficientNet-B0,PR,501,0.9821428571428571,0.16566265060240964,0.0036660833284258842
External: EfficientNet-B0,PR,502,0.9821428571428571,0.1658291457286432,0.00368591514416039
External: EfficientNet-B0,PR,503,0.9821428571428571,0.1659959758551308,0.003710847580805421
External: EfficientNet-B0,PR,504,0.9821428571428571,0.1661631419939577,0.0037993229925632477
External: EfficientNet-B0,PR,505,0.9821428571428571,0.1663306451612903,0.0038017183542251587
External: EfficientNet-B0,PR,506,0.9821428571428571,0.16649848637739656,0.0038481904193758965
External: EfficientNet-B0,PR,507,0.9821428571428571,0.16666666666666666,0.00392448715865612
External: EfficientNet-B0,PR,508,0.9821428571428571,0.16683518705763398,0.00398066733032465
External: EfficientNet-B0,PR,509,0.9821428571428571,0.16700404858299595,0.004009367432445288
External: EfficientNet-B0,PR,510,0.9821428571428571,0.16717325227963525,0.004013208206743002
External: EfficientNet-B0,PR,511,0.9821428571428571,0.16734279918864098,0.004020857624709606
External: EfficientNet-B0,PR,512,0.9821428571428571,0.16751269035532995,0.004091538488864899
External: EfficientNet-B0,PR,513,0.9821428571428571,0.1676829268292683,0.004111895803362131
External: EfficientNet-B0,PR,514,0.9821428571428571,0.167853509664293,0.004160595592111349
External: EfficientNet-B0,PR,515,0.9821428571428571,0.1680244399185336,0.004170084372162819
External: EfficientNet-B0,PR,516,0.9821428571428571,0.16819571865443425,0.004182967357337475
External: EfficientNet-B0,PR,517,0.9821428571428571,0.1683673469387755,0.004185506142675877
External: EfficientNet-B0,PR,518,0.9821428571428571,0.16853932584269662,0.004194086883217096
External: EfficientNet-B0,PR,519,0.9821428571428571,0.1687116564417178,0.004214765504002571
External: EfficientNet-B0,PR,520,0.9821428571428571,0.16888433981576254,0.004241700749844313
External: EfficientNet-B0,PR,521,0.9821428571428571,0.16905737704918034,0.004327224101871252
External: EfficientNet-B0,PR,522,0.9821428571428571,0.16923076923076924,0.004356082994490862
External: EfficientNet-B0,PR,523,0.9821428571428571,0.16940451745379878,0.004371493123471737
External: EfficientNet-B0,PR,524,0.9821428571428571,0.1695786228160329,0.004396002274006605
External: EfficientNet-B0,PR,525,0.9821428571428571,0.1697530864197531,0.004400845617055893
External: EfficientNet-B0,PR,526,0.9821428571428571,0.16992790937178168,0.004406583029776812
External: EfficientNet-B0,PR,527,0.9821428571428571,0.17010309278350516,0.004427715204656124
External: EfficientNet-B0,PR,528,0.9821428571428571,0.17027863777089783,0.00444999011233449
External: EfficientNet-B0,PR,529,0.9821428571428571,0.17045454545454544,0.004458039067685604
External: EfficientNet-B0,PR,530,0.9821428571428571,0.17063081695966908,0.004525501746684313
External: EfficientNet-B0,PR,531,0.9821428571428571,0.17080745341614906,0.004555568099021912
External: EfficientNet-B0,PR,532,0.9821428571428571,0.17098445595854922,0.004621285945177078
External: EfficientNet-B0,PR,533,0.9821428571428571,0.17116182572614108,0.0046288026496768
External: EfficientNet-B0,PR,534,0.9821428571428571,0.17133956386292834,0.0046635097824037075
External: EfficientNet-B0,PR,535,0.9821428571428571,0.17151767151767153,0.004678312689065933
External: EfficientNet-B0,PR,536,0.9821428571428571,0.1716961498439126,0.004703830927610397
External: EfficientNet-B0,PR,537,0.9821428571428571,0.171875,0.0047225067391991615
External: EfficientNet-B0,PR,538,0.9821428571428571,0.17205422314911367,0.004750467371195555
External: EfficientNet-B0,PR,539,0.9821428571428571,0.1722338204592902,0.004755314905196428
External: EfficientNet-B0,PR,540,0.9821428571428571,0.1724137931034483,0.004849892575293779
External: EfficientNet-B0,PR,541,0.9821428571428571,0.17259414225941422,0.004955136217176914
External: EfficientNet-B0,PR,542,0.9821428571428571,0.17277486910994763,0.004957715980708599
External: EfficientNet-B0,PR,543,0.9821428571428571,0.17295597484276728,0.004983501974493265
External: EfficientNet-B0,PR,544,0.9821428571428571,0.1731374606505771,0.004993655253201723
External: EfficientNet-B0,PR,545,0.9821428571428571,0.17331932773109243,0.00503846351057291
External: EfficientNet-B0,PR,546,0.9821428571428571,0.17350157728706625,0.005070360377430916
External: EfficientNet-B0,PR,547,0.9821428571428571,0.1736842105263158,0.0050951652228832245
External: EfficientNet-B0,PR,548,0.9821428571428571,0.17386722866174922,0.0051141479052603245
External: EfficientNet-B0,PR,549,0.9821428571428571,0.17405063291139242,0.005157190375030041
External: EfficientNet-B0,PR,550,0.9821428571428571,0.17423442449841606,0.005172206554561853
External: EfficientNet-B0,PR,551,0.9821428571428571,0.1744186046511628,0.005234436597675085
External: EfficientNet-B0,PR,552,0.9821428571428571,0.1746031746031746,0.005258123390376568
External: EfficientNet-B0,PR,553,0.9821428571428571,0.17478813559322035,0.00538786081597209
External: EfficientNet-B0,PR,554,0.9821428571428571,0.17497348886532343,0.005414224229753017
External: EfficientNet-B0,PR,555,0.9821428571428571,0.1751592356687898,0.005439875181764364
External: EfficientNet-B0,PR,556,0.9821428571428571,0.17534537725823593,0.005545333959162235
External: EfficientNet-B0,PR,557,0.9821428571428571,0.17553191489361702,0.005619506351649761
External: EfficientNet-B0,PR,558,0.9821428571428571,0.1757188498402556,0.005622946657240391
External: EfficientNet-B0,PR,559,0.9821428571428571,0.17590618336886993,0.005628795828670263
External: EfficientNet-B0,PR,560,0.9821428571428571,0.17609391675560299,0.005636079702526331
External: EfficientNet-B0,PR,561,0.9821428571428571,0.1762820512820513,0.005659671034663916
External: EfficientNet-B0,PR,562,0.9821428571428571,0.17647058823529413,0.005752245895564556
External: EfficientNet-B0,PR,563,0.9761904761904762,0.17558886509635974,0.005763615015894175
External: EfficientNet-B0,PR,564,0.9761904761904762,0.1757770632368703,0.005801945924758911
External: EfficientNet-B0,PR,565,0.9761904761904762,0.1759656652360515,0.005885239690542221
External: EfficientNet-B0,PR,566,0.9761904761904762,0.1761546723952739,0.005894647445529699
External: EfficientNet-B0,PR,567,0.9761904761904762,0.17634408602150536,0.006016481667757034
External: EfficientNet-B0,PR,568,0.9761904761904762,0.17653390742734124,0.006017500068992376
External: EfficientNet-B0,PR,569,0.9761904761904762,0.17672413793103448,0.006062723230570555
External: EfficientNet-B0,PR,570,0.9761904761904762,0.17691477885652643,0.006153895054012537
External: EfficientNet-B0,PR,571,0.9761904761904762,0.1771058315334773,0.0061805276200175285
External: EfficientNet-B0,PR,572,0.9761904761904762,0.1772972972972973,0.006208245176821947
External: EfficientNet-B0,PR,573,0.9761904761904762,0.1774891774891775,0.006248420104384422
External: EfficientNet-B0,PR,574,0.9761904761904762,0.17768147345612134,0.006336482707411051
External: EfficientNet-B0,PR,575,0.9761904761904762,0.17787418655097614,0.006378326565027237
External: EfficientNet-B0,PR,576,0.9761904761904762,0.1780673181324647,0.006409196183085442
External: EfficientNet-B0,PR,577,0.9761904761904762,0.1782608695652174,0.006415245588868856
External: EfficientNet-B0,PR,578,0.9761904761904762,0.17845484221980412,0.006469910964369774
External: EfficientNet-B0,PR,579,0.9761904761904762,0.1786492374727669,0.0065545071847736835
External: EfficientNet-B0,PR,580,0.9761904761904762,0.17884405670665213,0.006565529387444258
External: EfficientNet-B0,PR,581,0.9761904761904762,0.17903930131004367,0.006641273386776447
External: EfficientNet-B0,PR,582,0.9761904761904762,0.17923497267759564,0.0066537512466311455
External: EfficientNet-B0,PR,583,0.9761904761904762,0.17943107221006566,0.006675862241536379
External: EfficientNet-B0,PR,584,0.9761904761904762,0.1796276013143483,0.006718414835631847
External: EfficientNet-B0,PR,585,0.9761904761904762,0.17982456140350878,0.006721560377627611
External: EfficientNet-B0,PR,586,0.9761904761904762,0.1800219538968167,0.006793573964387178
External: EfficientNet-B0,PR,587,0.9761904761904762,0.18021978021978022,0.007062691729515791
External: EfficientNet-B0,PR,588,0.9761904761904762,0.18041804180418042,0.007083366625010967
External: EfficientNet-B0,PR,589,0.9761904761904762,0.18061674008810572,0.007113027852028608
External: EfficientNet-B0,PR,590,0.9761904761904762,0.18081587651598677,0.007213021162897348
External: EfficientNet-B0,PR,591,0.9761904761904762,0.18101545253863136,0.007225532550364733
External: EfficientNet-B0,PR,592,0.9761904761904762,0.18121546961325966,0.0072393035516142845
External: EfficientNet-B0,PR,593,0.9761904761904762,0.18141592920353983,0.007250633556395769
External: EfficientNet-B0,PR,594,0.9761904761904762,0.18161683277962348,0.00728013226762414
External: EfficientNet-B0,PR,595,0.9761904761904762,0.18181818181818182,0.007344516925513744
External: EfficientNet-B0,PR,596,0.9761904761904762,0.18201997780244172,0.007377671543508768
External: EfficientNet-B0,PR,597,0.9761904761904762,0.18222222222222223,0.007381051313132048
External: EfficientNet-B0,PR,598,0.9761904761904762,0.18242491657397109,0.007416619453579187
External: EfficientNet-B0,PR,599,0.9761904761904762,0.18262806236080179,0.007465238682925701
External: EfficientNet-B0,PR,600,0.9761904761904762,0.18283166109253066,0.007466255221515894
External: EfficientNet-B0,PR,601,0.9761904761904762,0.18303571428571427,0.007644070312380791
External: EfficientNet-B0,PR,602,0.9761904761904762,0.18324022346368715,0.007687657605856657
External: EfficientNet-B0,PR,603,0.9761904761904762,0.18344519015659955,0.007693476974964142
External: EfficientNet-B0,PR,604,0.9761904761904762,0.18365061590145576,0.00773548474535346
External: EfficientNet-B0,PR,605,0.9761904761904762,0.18385650224215247,0.007739088963717222
External: EfficientNet-B0,PR,606,0.9761904761904762,0.1840628507295174,0.007766373921185732
External: EfficientNet-B0,PR,607,0.9761904761904762,0.1842696629213483,0.007938018068671227
External: EfficientNet-B0,PR,608,0.9761904761904762,0.1844769403824522,0.007975389249622822
External: EfficientNet-B0,PR,609,0.9761904761904762,0.18468468468468469,0.008031309582293034
External: EfficientNet-B0,PR,610,0.9761904761904762,0.18489289740698986,0.008033228106796741
External: EfficientNet-B0,PR,611,0.9761904761904762,0.18510158013544017,0.00813254900276661
External: EfficientNet-B0,PR,612,0.9761904761904762,0.18531073446327684,0.008192935958504677
External: EfficientNet-B0,PR,613,0.9761904761904762,0.18552036199095023,0.00819472223520279
External: EfficientNet-B0,PR,614,0.9761904761904762,0.1857304643261608,0.008358456194400787
External: EfficientNet-B0,PR,615,0.9761904761904762,0.18594104308390022,0.008438457734882832
External: EfficientNet-B0,PR,616,0.9761904761904762,0.18615209988649262,0.00844543892890215
External: EfficientNet-B0,PR,617,0.9761904761904762,0.18636363636363637,0.008529451675713062
External: EfficientNet-B0,PR,618,0.9761904761904762,0.18657565415244595,0.008557013235986233
External: EfficientNet-B0,PR,619,0.9761904761904762,0.1867881548974943,0.008612892590463161
External: EfficientNet-B0,PR,620,0.9761904761904762,0.18700114025085518,0.008799821138381958
External: EfficientNet-B0,PR,621,0.9761904761904762,0.1872146118721461,0.008821964263916016
External: EfficientNet-B0,PR,622,0.9761904761904762,0.18742857142857142,0.008931080810725689
External: EfficientNet-B0,PR,623,0.9761904761904762,0.18764302059496568,0.00896871741861105
External: EfficientNet-B0,PR,624,0.9761904761904762,0.18785796105383734,0.009072087705135345
External: EfficientNet-B0,PR,625,0.9761904761904762,0.18807339449541285,0.009177301079034805
External: EfficientNet-B0,PR,626,0.9761904761904762,0.18828932261768083,0.009326789528131485
External: EfficientNet-B0,PR,627,0.9761904761904762,0.18850574712643678,0.009355195797979832
External: EfficientNet-B0,PR,628,0.9761904761904762,0.18872266973532797,0.009440470486879349
External: EfficientNet-B0,PR,629,0.9761904761904762,0.1889400921658986,0.009453740902245045
External: EfficientNet-B0,PR,630,0.9761904761904762,0.18915801614763553,0.0095492172986269
External: EfficientNet-B0,PR,631,0.9761904761904762,0.18937644341801385,0.00961246620863676
External: EfficientNet-B0,PR,632,0.9761904761904762,0.18959537572254334,0.009820659644901752
External: EfficientNet-B0,PR,633,0.9761904761904762,0.18981481481481483,0.009828174486756325
External: EfficientNet-B0,PR,634,0.9761904761904762,0.19003476245654694,0.009861839935183525
External: EfficientNet-B0,PR,635,0.9761904761904762,0.1902552204176334,0.010056741535663605
External: EfficientNet-B0,PR,636,0.9761904761904762,0.19047619047619047,0.010065881535410881
External: EfficientNet-B0,PR,637,0.9761904761904762,0.19069767441860466,0.01007574051618576
External: EfficientNet-B0,PR,638,0.9761904761904762,0.1909196740395809,0.010182617232203484
External: EfficientNet-B0,PR,639,0.9761904761904762,0.19114219114219114,0.010328676551580429
External: EfficientNet-B0,PR,640,0.9761904761904762,0.19136522753792298,0.01047501340508461
External: EfficientNet-B0,PR,641,0.9761904761904762,0.19158878504672897,0.010518018156290054
External: EfficientNet-B0,PR,642,0.9761904761904762,0.19181286549707602,0.01066275779157877
External: EfficientNet-B0,PR,643,0.9761904761904762,0.1920374707259953,0.010688683949410915
External: EfficientNet-B0,PR,644,0.9761904761904762,0.19226260257913247,0.010742083191871643
External: EfficientNet-B0,PR,645,0.9761904761904762,0.19248826291079812,0.010821952484548092
External: EfficientNet-B0,PR,646,0.9761904761904762,0.1927144535840188,0.010843902826309204
External: EfficientNet-B0,PR,647,0.9761904761904762,0.19294117647058823,0.010901490226387978
External: EfficientNet-B0,PR,648,0.9761904761904762,0.19316843345111898,0.010951225645840168
External: EfficientNet-B0,PR,649,0.9761904761904762,0.19339622641509435,0.011000123806297779
External: EfficientNet-B0,PR,650,0.9761904761904762,0.1936245572609209,0.01124044880270958
External: EfficientNet-B0,PR,651,0.9761904761904762,0.1938534278959811,0.01124175451695919
External: EfficientNet-B0,PR,652,0.9761904761904762,0.1940828402366864,0.011305976659059525
External: EfficientNet-B0,PR,653,0.9761904761904762,0.1943127962085308,0.011369876563549042
External: EfficientNet-B0,PR,654,0.9761904761904762,0.19454329774614473,0.011389028280973434
External: EfficientNet-B0,PR,655,0.9761904761904762,0.19477434679334918,0.011481106281280518
External: EfficientNet-B0,PR,656,0.9761904761904762,0.19500594530321047,0.01149443257600069
External: EfficientNet-B0,PR,657,0.9761904761904762,0.19523809523809524,0.011520123109221458
External: EfficientNet-B0,PR,658,0.9761904761904762,0.19547079856972585,0.011599740944802761
External: EfficientNet-B0,PR,659,0.9702380952380952,0.19451073985680192,0.01163501851260662
External: EfficientNet-B0,PR,660,0.9702380952380952,0.19474313022700118,0.011772315949201584
External: EfficientNet-B0,PR,661,0.9702380952380952,0.19497607655502391,0.011780072934925556
External: EfficientNet-B0,PR,662,0.9702380952380952,0.19520958083832335,0.01180606335401535
External: EfficientNet-B0,PR,663,0.9702380952380952,0.19544364508393286,0.011840411461889744
External: EfficientNet-B0,PR,664,0.9702380952380952,0.19567827130852342,0.01188204251229763
External: EfficientNet-B0,PR,665,0.9702380952380952,0.19591346153846154,0.011892572045326233
External: EfficientNet-B0,PR,666,0.9702380952380952,0.19614921780986763,0.011912021785974503
External: EfficientNet-B0,PR,667,0.9702380952380952,0.1963855421686747,0.011954665184020996
External: EfficientNet-B0,PR,668,0.9702380952380952,0.19662243667068757,0.012010077945888042
External: EfficientNet-B0,PR,669,0.9702380952380952,0.19685990338164253,0.012027244083583355
External: EfficientNet-B0,PR,670,0.9702380952380952,0.19709794437726724,0.012037058360874653
External: EfficientNet-B0,PR,671,0.9702380952380952,0.1973365617433414,0.012072949670255184
External: EfficientNet-B0,PR,672,0.9702380952380952,0.19757575757575757,0.012120835483074188
External: EfficientNet-B0,PR,673,0.9702380952380952,0.19781553398058252,0.012186948210000992
External: EfficientNet-B0,PR,674,0.9702380952380952,0.19805589307411908,0.012243753299117088
External: EfficientNet-B0,PR,675,0.9702380952380952,0.19829683698296838,0.012247594073414803
External: EfficientNet-B0,PR,676,0.9702380952380952,0.19853836784409257,0.012363500893115997
External: EfficientNet-B0,PR,677,0.9642857142857143,0.1975609756097561,0.01247159019112587
External: EfficientNet-B0,PR,678,0.9642857142857143,0.1978021978021978,0.012486482039093971
External: EfficientNet-B0,PR,679,0.9642857142857143,0.1980440097799511,0.012487819418311119
External: EfficientNet-B0,PR,680,0.9642857142857143,0.19828641370869032,0.012726741842925549
External: EfficientNet-B0,PR,681,0.9642857142857143,0.19852941176470587,0.012907668948173523
External: EfficientNet-B0,PR,682,0.9642857142857143,0.19877300613496932,0.012942256405949593
External: EfficientNet-B0,PR,683,0.9642857142857143,0.19901719901719903,0.013006228022277355
External: EfficientNet-B0,PR,684,0.9642857142857143,0.1992619926199262,0.013158324174582958
External: EfficientNet-B0,PR,685,0.9642857142857143,0.19950738916256158,0.0131927989423275
External: EfficientNet-B0,PR,686,0.9642857142857143,0.1997533908754624,0.013277334161102772
External: EfficientNet-B0,PR,687,0.9642857142857143,0.2,0.013402868993580341
External: EfficientNet-B0,PR,688,0.9642857142857143,0.20024721878862795,0.013594253920018673
External: EfficientNet-B0,PR,689,0.9642857142857143,0.2004950495049505,0.013600710779428482
External: EfficientNet-B0,PR,690,0.9642857142857143,0.20074349442379183,0.013635079376399517
External: EfficientNet-B0,PR,691,0.9642857142857143,0.20099255583126552,0.013636368326842785
External: EfficientNet-B0,PR,692,0.9642857142857143,0.20124223602484473,0.013726353645324707
External: EfficientNet-B0,PR,693,0.9642857142857143,0.20149253731343283,0.013753462582826614
External: EfficientNet-B0,PR,694,0.9642857142857143,0.20174346201743462,0.013761075213551521
External: EfficientNet-B0,PR,695,0.9642857142857143,0.20199501246882792,0.013901446014642715
External: EfficientNet-B0,PR,696,0.9642857142857143,0.20224719101123595,0.013946647755801678
External: EfficientNet-B0,PR,697,0.9642857142857143,0.2025,0.013946961611509323
External: EfficientNet-B0,PR,698,0.9642857142857143,0.20275344180225283,0.014074097387492657
External: EfficientNet-B0,PR,699,0.9642857142857143,0.20300751879699247,0.01428148802369833
External: EfficientNet-B0,PR,700,0.9642857142857143,0.20326223337515684,0.014293814077973366
External: EfficientNet-B0,PR,701,0.9642857142857143,0.20351758793969849,0.014452007599174976
External: EfficientNet-B0,PR,702,0.9642857142857143,0.2037735849056604,0.014469970017671585
External: EfficientNet-B0,PR,703,0.9642857142857143,0.2040302267002519,0.014478309080004692
External: EfficientNet-B0,PR,704,0.9642857142857143,0.2042875157629256,0.01453661359846592
External: EfficientNet-B0,PR,705,0.9642857142857143,0.20454545454545456,0.014687827788293362
External: EfficientNet-B0,PR,706,0.9642857142857143,0.20480404551201012,0.014763513579964638
External: EfficientNet-B0,PR,707,0.9642857142857143,0.20506329113924052,0.014924569055438042
External: EfficientNet-B0,PR,708,0.9642857142857143,0.20532319391634982,0.01492542028427124
External: EfficientNet-B0,PR,709,0.9642857142857143,0.20558375634517767,0.015189033932983875
External: EfficientNet-B0,PR,710,0.9642857142857143,0.20584498094027953,0.015446358360350132
External: EfficientNet-B0,PR,711,0.9642857142857143,0.20610687022900764,0.015467102639377117
External: EfficientNet-B0,PR,712,0.9642857142857143,0.20636942675159237,0.01548856496810913
External: EfficientNet-B0,PR,713,0.9642857142857143,0.2066326530612245,0.01549192052334547
External: EfficientNet-B0,PR,714,0.9642857142857143,0.20689655172413793,0.015576169826090336
External: EfficientNet-B0,PR,715,0.9642857142857143,0.2071611253196931,0.015578607097268105
External: EfficientNet-B0,PR,716,0.9642857142857143,0.20742637644046094,0.015615816228091717
External: EfficientNet-B0,PR,717,0.9642857142857143,0.2076923076923077,0.015788109973073006
External: EfficientNet-B0,PR,718,0.9642857142857143,0.2079589216944801,0.015827106311917305
External: EfficientNet-B0,PR,719,0.9642857142857143,0.20822622107969152,0.015972215682268143
External: EfficientNet-B0,PR,720,0.9642857142857143,0.2084942084942085,0.016033468768000603
External: EfficientNet-B0,PR,721,0.9642857142857143,0.20876288659793815,0.016112450510263443
External: EfficientNet-B0,PR,722,0.9642857142857143,0.20903225806451614,0.016284916549921036
External: EfficientNet-B0,PR,723,0.9642857142857143,0.20930232558139536,0.016456108540296555
External: EfficientNet-B0,PR,724,0.9642857142857143,0.2095730918499353,0.016544725745916367
External: EfficientNet-B0,PR,725,0.9642857142857143,0.20984455958549222,0.01657855324447155
External: EfficientNet-B0,PR,726,0.9642857142857143,0.21011673151750973,0.01662346161901951
External: EfficientNet-B0,PR,727,0.9642857142857143,0.21038961038961038,0.016834476962685585
External: EfficientNet-B0,PR,728,0.9642857142857143,0.2106631989596879,0.016861727461218834
External: EfficientNet-B0,PR,729,0.9642857142857143,0.2109375,0.01688268966972828
External: EfficientNet-B0,PR,730,0.9642857142857143,0.21121251629726207,0.0169033482670784
External: EfficientNet-B0,PR,731,0.9642857142857143,0.21148825065274152,0.01698925718665123
External: EfficientNet-B0,PR,732,0.9642857142857143,0.21176470588235294,0.01713130809366703
External: EfficientNet-B0,PR,733,0.9642857142857143,0.21204188481675393,0.017614878714084625
External: EfficientNet-B0,PR,734,0.9642857142857143,0.21231979030144169,0.01777016930282116
External: EfficientNet-B0,PR,735,0.9642857142857143,0.2125984251968504,0.018031207844614983
External: EfficientNet-B0,PR,736,0.9642857142857143,0.21287779237844942,0.018102774396538734
External: EfficientNet-B0,PR,737,0.9642857142857143,0.2131578947368421,0.01822659932076931
External: EfficientNet-B0,PR,738,0.9642857142857143,0.2134387351778656,0.018368566408753395
External: EfficientNet-B0,PR,739,0.9583333333333334,0.21240105540897097,0.0184573233127594
External: EfficientNet-B0,PR,740,0.9583333333333334,0.21268163804491413,0.018460076302289963
External: EfficientNet-B0,PR,741,0.9583333333333334,0.21296296296296297,0.018513496965169907
External: EfficientNet-B0,PR,742,0.9583333333333334,0.21324503311258278,0.018656952306628227
External: EfficientNet-B0,PR,743,0.9583333333333334,0.21352785145888595,0.01882311888039112
External: EfficientNet-B0,PR,744,0.9583333333333334,0.21381142098273573,0.01894930750131607
External: EfficientNet-B0,PR,745,0.9583333333333334,0.21409574468085107,0.018952567130327225
External: EfficientNet-B0,PR,746,0.9583333333333334,0.21438082556591212,0.01923857443034649
External: EfficientNet-B0,PR,747,0.9583333333333334,0.21466666666666667,0.019459806382656097
External: EfficientNet-B0,PR,748,0.9583333333333334,0.21495327102803738,0.01951570436358452
External: EfficientNet-B0,PR,749,0.9583333333333334,0.21524064171122995,0.01979558728635311
External: EfficientNet-B0,PR,750,0.9583333333333334,0.21552878179384202,0.020068660378456116
External: EfficientNet-B0,PR,751,0.9583333333333334,0.2158176943699732,0.020074527710676193
External: EfficientNet-B0,PR,752,0.9583333333333334,0.21610738255033557,0.02008170075714588
External: EfficientNet-B0,PR,753,0.9583333333333334,0.2163978494623656,0.02020849660038948
External: EfficientNet-B0,PR,754,0.9583333333333334,0.21668909825033647,0.020213497802615166
External: EfficientNet-B0,PR,755,0.9583333333333334,0.2169811320754717,0.020223135128617287
External: EfficientNet-B0,PR,756,0.9583333333333334,0.21727395411605938,0.020267091691493988
External: EfficientNet-B0,PR,757,0.9583333333333334,0.21756756756756757,0.020293503999710083
External: EfficientNet-B0,PR,758,0.9583333333333334,0.2178619756427605,0.020393693819642067
External: EfficientNet-B0,PR,759,0.9583333333333334,0.2181571815718157,0.020454710349440575
External: EfficientNet-B0,PR,760,0.9583333333333334,0.21845318860244234,0.020684219896793365
External: EfficientNet-B0,PR,761,0.9583333333333334,0.21875,0.020698705688118935
External: EfficientNet-B0,PR,762,0.9583333333333334,0.21904761904761905,0.020790666341781616
External: EfficientNet-B0,PR,763,0.9583333333333334,0.21934604904632152,0.020853834226727486
External: EfficientNet-B0,PR,764,0.9583333333333334,0.21964529331514324,0.020857375115156174
External: EfficientNet-B0,PR,765,0.9583333333333334,0.21994535519125682,0.02092338167130947
External: EfficientNet-B0,PR,766,0.9583333333333334,0.22024623803009577,0.021129997447133064
External: EfficientNet-B0,PR,767,0.9583333333333334,0.22054794520547946,0.021160660311579704
External: EfficientNet-B0,PR,768,0.9583333333333334,0.22085048010973937,0.021213846281170845
External: EfficientNet-B0,PR,769,0.9583333333333334,0.22115384615384615,0.021286724135279655
External: EfficientNet-B0,PR,770,0.9583333333333334,0.22145804676753783,0.021434174850583076
External: EfficientNet-B0,PR,771,0.9583333333333334,0.22176308539944903,0.02154027484357357
External: EfficientNet-B0,PR,772,0.9523809523809523,0.2206896551724138,0.021914521232247353
External: EfficientNet-B0,PR,773,0.9523809523809523,0.22099447513812154,0.02252831682562828
External: EfficientNet-B0,PR,774,0.9523809523809523,0.22130013831258644,0.022768080234527588
External: EfficientNet-B0,PR,775,0.9523809523809523,0.22160664819944598,0.022903023287653923
External: EfficientNet-B0,PR,776,0.9464285714285714,0.22052704576976423,0.02305775322020054
External: EfficientNet-B0,PR,777,0.9464285714285714,0.22083333333333333,0.02340042218565941
External: EfficientNet-B0,PR,778,0.9464285714285714,0.2211404728789986,0.023403562605381012
External: EfficientNet-B0,PR,779,0.9464285714285714,0.2214484679665738,0.02353028953075409
External: EfficientNet-B0,PR,780,0.9464285714285714,0.2217573221757322,0.0235779769718647
External: EfficientNet-B0,PR,781,0.9464285714285714,0.22206703910614525,0.02362954057753086
External: EfficientNet-B0,PR,782,0.9464285714285714,0.22237762237762237,0.023967908695340157
External: EfficientNet-B0,PR,783,0.9464285714285714,0.22268907563025211,0.02410081960260868
External: EfficientNet-B0,PR,784,0.9464285714285714,0.22300140252454417,0.024101272225379944
External: EfficientNet-B0,PR,785,0.9464285714285714,0.22331460674157302,0.024319788441061974
External: EfficientNet-B0,PR,786,0.9464285714285714,0.22362869198312235,0.024655146524310112
External: EfficientNet-B0,PR,787,0.9464285714285714,0.223943661971831,0.0246918722987175
External: EfficientNet-B0,PR,788,0.9464285714285714,0.22425952045133993,0.024804478511214256
External: EfficientNet-B0,PR,789,0.9464285714285714,0.2245762711864407,0.02495720610022545
External: EfficientNet-B0,PR,790,0.9464285714285714,0.2248939179632249,0.025097595527768135
External: EfficientNet-B0,PR,791,0.9464285714285714,0.22521246458923513,0.025244202464818954
External: EfficientNet-B0,PR,792,0.9464285714285714,0.225531914893617,0.025284992530941963
External: EfficientNet-B0,PR,793,0.9464285714285714,0.22585227272727273,0.025472138077020645
External: EfficientNet-B0,PR,794,0.9464285714285714,0.22617354196301565,0.026517217978835106
External: EfficientNet-B0,PR,795,0.9464285714285714,0.2264957264957265,0.02684253640472889
External: EfficientNet-B0,PR,796,0.9464285714285714,0.2268188302425107,0.027307916432619095
External: EfficientNet-B0,PR,797,0.9464285714285714,0.22714285714285715,0.02746969275176525
External: EfficientNet-B0,PR,798,0.9464285714285714,0.22746781115879827,0.02767573855817318
External: EfficientNet-B0,PR,799,0.9464285714285714,0.22779369627507162,0.0279579795897007
External: EfficientNet-B0,PR,800,0.9464285714285714,0.22812051649928264,0.027996327728033066
External: EfficientNet-B0,PR,801,0.9464285714285714,0.22844827586206898,0.028384877368807793
External: EfficientNet-B0,PR,802,0.9464285714285714,0.22877697841726619,0.028832387179136276
External: EfficientNet-B0,PR,803,0.9464285714285714,0.22910662824207492,0.02910248562693596
External: EfficientNet-B0,PR,804,0.9464285714285714,0.22943722943722944,0.029216570779681206
External: EfficientNet-B0,PR,805,0.9404761904761905,0.22832369942196531,0.029644886031746864
External: EfficientNet-B0,PR,806,0.9404761904761905,0.22865412445730826,0.02984658256173134
External: EfficientNet-B0,PR,807,0.9404761904761905,0.2289855072463768,0.029858550056815147
External: EfficientNet-B0,PR,808,0.9404761904761905,0.22931785195936139,0.029909878969192505
External: EfficientNet-B0,PR,809,0.9404761904761905,0.22965116279069767,0.030107995495200157
External: EfficientNet-B0,PR,810,0.9404761904761905,0.22998544395924309,0.030153220519423485
External: EfficientNet-B0,PR,811,0.9404761904761905,0.2303206997084548,0.03063504584133625
External: EfficientNet-B0,PR,812,0.9404761904761905,0.23065693430656933,0.030705805867910385
External: EfficientNet-B0,PR,813,0.9404761904761905,0.2309941520467836,0.030775371938943863
External: EfficientNet-B0,PR,814,0.9404761904761905,0.23133235724743778,0.03090570867061615
External: EfficientNet-B0,PR,815,0.9404761904761905,0.2316715542521994,0.030991800129413605
External: EfficientNet-B0,PR,816,0.9404761904761905,0.23201174743024963,0.031022794544696808
External: EfficientNet-B0,PR,817,0.9404761904761905,0.2323529411764706,0.031051786616444588
External: EfficientNet-B0,PR,818,0.9404761904761905,0.23269513991163476,0.03148854523897171
External: EfficientNet-B0,PR,819,0.9404761904761905,0.23303834808259588,0.03161221742630005
External: EfficientNet-B0,PR,820,0.9404761904761905,0.23338257016248154,0.0316622257232666
External: EfficientNet-B0,PR,821,0.9404761904761905,0.23372781065088757,0.031715866178274155
External: EfficientNet-B0,PR,822,0.9404761904761905,0.23407407407407407,0.03189869597554207
External: EfficientNet-B0,PR,823,0.9404761904761905,0.2344213649851632,0.03192536532878876
External: EfficientNet-B0,PR,824,0.9404761904761905,0.23476968796433878,0.03203854709863663
External: EfficientNet-B0,PR,825,0.9404761904761905,0.23511904761904762,0.03217069059610367
External: EfficientNet-B0,PR,826,0.9404761904761905,0.23546944858420268,0.03264676034450531
External: EfficientNet-B0,PR,827,0.9404761904761905,0.23582089552238805,0.03298191726207733
External: EfficientNet-B0,PR,828,0.9404761904761905,0.23617339312406577,0.033102847635746
External: EfficientNet-B0,PR,829,0.9404761904761905,0.23652694610778444,0.033219464123249054
External: EfficientNet-B0,PR,830,0.9404761904761905,0.2368815592203898,0.033277928829193115
External: EfficientNet-B0,PR,831,0.9404761904761905,0.23723723723723725,0.033306218683719635
External: EfficientNet-B0,PR,832,0.9404761904761905,0.23759398496240602,0.03353620693087578
External: EfficientNet-B0,PR,833,0.9404761904761905,0.23795180722891565,0.03357843682169914
External: EfficientNet-B0,PR,834,0.9404761904761905,0.2383107088989442,0.03358682245016098
External: EfficientNet-B0,PR,835,0.9404761904761905,0.23867069486404835,0.033602941781282425
External: EfficientNet-B0,PR,836,0.9404761904761905,0.23903177004538578,0.03374280780553818
External: EfficientNet-B0,PR,837,0.9404761904761905,0.23939393939393938,0.033857088536024094
External: EfficientNet-B0,PR,838,0.9404761904761905,0.23975720789074356,0.033923204988241196
External: EfficientNet-B0,PR,839,0.9404761904761905,0.24012158054711247,0.03394707664847374
External: EfficientNet-B0,PR,840,0.9404761904761905,0.2404870624048706,0.03396481275558472
External: EfficientNet-B0,PR,841,0.9404761904761905,0.24085365853658536,0.034449461847543716
External: EfficientNet-B0,PR,842,0.9404761904761905,0.24122137404580152,0.035035811364650726
External: EfficientNet-B0,PR,843,0.9404761904761905,0.2415902140672783,0.035184893757104874
External: EfficientNet-B0,PR,844,0.9404761904761905,0.24196018376722817,0.0351942703127861
External: EfficientNet-B0,PR,845,0.9404761904761905,0.24233128834355827,0.03527289628982544
External: EfficientNet-B0,PR,846,0.9404761904761905,0.24270353302611367,0.03547000512480736
External: EfficientNet-B0,PR,847,0.9404761904761905,0.24307692307692308,0.03557448461651802
External: EfficientNet-B0,PR,848,0.9404761904761905,0.24345146379044685,0.03559111803770065
External: EfficientNet-B0,PR,849,0.9404761904761905,0.24382716049382716,0.035650208592414856
External: EfficientNet-B0,PR,850,0.9345238095238095,0.2426584234930448,0.03568936139345169
External: EfficientNet-B0,PR,851,0.9345238095238095,0.24303405572755418,0.035777345299720764
External: EfficientNet-B0,PR,852,0.9345238095238095,0.2434108527131783,0.03606539964675903
External: EfficientNet-B0,PR,853,0.9345238095238095,0.24378881987577639,0.03606867790222168
External: EfficientNet-B0,PR,854,0.9345238095238095,0.24416796267496113,0.0361299030482769
External: EfficientNet-B0,PR,855,0.9345238095238095,0.24454828660436137,0.03652091696858406
External: EfficientNet-B0,PR,856,0.9345238095238095,0.24492979719188768,0.03692343831062317
External: EfficientNet-B0,PR,857,0.9345238095238095,0.2453125,0.03710022568702698
External: EfficientNet-B0,PR,858,0.9345238095238095,0.24569640062597808,0.03720249980688095
External: EfficientNet-B0,PR,859,0.9345238095238095,0.24608150470219436,0.037443455308675766
External: EfficientNet-B0,PR,860,0.9345238095238095,0.24646781789638933,0.03769084811210632
External: EfficientNet-B0,PR,861,0.9345238095238095,0.2468553459119497,0.03806675225496292
External: EfficientNet-B0,PR,862,0.9345238095238095,0.247244094488189,0.038744691759347916
External: EfficientNet-B0,PR,863,0.9345238095238095,0.2476340694006309,0.038971152156591415
External: EfficientNet-B0,PR,864,0.9345238095238095,0.2480252764612954,0.039198290556669235
External: EfficientNet-B0,PR,865,0.9345238095238095,0.24841772151898733,0.039695944637060165
External: EfficientNet-B0,PR,866,0.9345238095238095,0.24881141045958796,0.04033765569329262
External: EfficientNet-B0,PR,867,0.9345238095238095,0.2492063492063492,0.04038112610578537
External: EfficientNet-B0,PR,868,0.9345238095238095,0.24960254372019078,0.04042554274201393
External: EfficientNet-B0,PR,869,0.9345238095238095,0.25,0.04127001389861107
External: EfficientNet-B0,PR,870,0.9345238095238095,0.2503987240829346,0.04132639616727829
External: EfficientNet-B0,PR,871,0.9345238095238095,0.2507987220447284,0.04168656840920448
External: EfficientNet-B0,PR,872,0.9345238095238095,0.2512,0.041883304715156555
External: EfficientNet-B0,PR,873,0.9345238095238095,0.2516025641025641,0.0419364832341671
External: EfficientNet-B0,PR,874,0.9345238095238095,0.2520064205457464,0.042102936655282974
External: EfficientNet-B0,PR,875,0.9345238095238095,0.25241157556270094,0.042435236275196075
External: EfficientNet-B0,PR,876,0.9345238095238095,0.2528180354267311,0.0434349924325943
External: EfficientNet-B0,PR,877,0.9345238095238095,0.2532258064516129,0.04351102560758591
External: EfficientNet-B0,PR,878,0.9345238095238095,0.25363489499192243,0.0435522198677063
External: EfficientNet-B0,PR,879,0.9345238095238095,0.2540453074433657,0.04362567514181137
External: EfficientNet-B0,PR,880,0.9345238095238095,0.2544570502431118,0.04387061670422554
External: EfficientNet-B0,PR,881,0.9345238095238095,0.25487012987012986,0.04488934576511383
External: EfficientNet-B0,PR,882,0.9345238095238095,0.2552845528455285,0.04504940286278725
External: EfficientNet-B0,PR,883,0.9345238095238095,0.255700325732899,0.04520416632294655
External: EfficientNet-B0,PR,884,0.9345238095238095,0.2561174551386623,0.0453261099755764
External: EfficientNet-B0,PR,885,0.9345238095238095,0.2565359477124183,0.04543915390968323
External: EfficientNet-B0,PR,886,0.9345238095238095,0.2569558101472995,0.04592878744006157
External: EfficientNet-B0,PR,887,0.9285714285714286,0.25573770491803277,0.04673273488879204
External: EfficientNet-B0,PR,888,0.9285714285714286,0.2561576354679803,0.04680311679840088
External: EfficientNet-B0,PR,889,0.9285714285714286,0.2565789473684211,0.047138381749391556
External: EfficientNet-B0,PR,890,0.9285714285714286,0.257001647446458,0.047250714153051376
External: EfficientNet-B0,PR,891,0.9285714285714286,0.25742574257425743,0.04737013578414917
External: EfficientNet-B0,PR,892,0.9285714285714286,0.2578512396694215,0.04771745949983597
External: EfficientNet-B0,PR,893,0.9285714285714286,0.2582781456953642,0.047734037041664124
External: EfficientNet-B0,PR,894,0.9285714285714286,0.25870646766169153,0.04792170226573944
External: EfficientNet-B0,PR,895,0.9285714285714286,0.2591362126245847,0.048279259353876114
External: EfficientNet-B0,PR,896,0.9285714285714286,0.259567387687188,0.04828748106956482
External: EfficientNet-B0,PR,897,0.9285714285714286,0.26,0.049825891852378845
External: EfficientNet-B0,PR,898,0.9285714285714286,0.2604340567612688,0.04984527453780174
External: EfficientNet-B0,PR,899,0.9226190476190477,0.2591973244147157,0.050849929451942444
External: EfficientNet-B0,PR,900,0.9226190476190477,0.25963149078726966,0.05103718489408493
External: EfficientNet-B0,PR,901,0.9226190476190477,0.2600671140939597,0.051047977060079575
External: EfficientNet-B0,PR,902,0.9226190476190477,0.2605042016806723,0.05127723887562752
External: EfficientNet-B0,PR,903,0.9226190476190477,0.2609427609427609,0.051382653415203094
External: EfficientNet-B0,PR,904,0.9226190476190477,0.26138279932546377,0.051551736891269684
External: EfficientNet-B0,PR,905,0.9226190476190477,0.26182432432432434,0.05188266932964325
External: EfficientNet-B0,PR,906,0.9226190476190477,0.2622673434856176,0.05209055542945862
External: EfficientNet-B0,PR,907,0.9226190476190477,0.2627118644067797,0.052366722375154495
External: EfficientNet-B0,PR,908,0.9226190476190477,0.2631578947368421,0.05237654596567154
External: EfficientNet-B0,PR,909,0.9226190476190477,0.26360544217687076,0.05239216238260269
External: EfficientNet-B0,PR,910,0.9226190476190477,0.26405451448040884,0.052481409162282944
External: EfficientNet-B0,PR,911,0.9226190476190477,0.2645051194539249,0.052963025867938995
External: EfficientNet-B0,PR,912,0.9226190476190477,0.26495726495726496,0.05328972637653351
External: EfficientNet-B0,PR,913,0.9226190476190477,0.2654109589041096,0.053717754781246185
External: EfficientNet-B0,PR,914,0.9226190476190477,0.2658662092624357,0.05373068526387215
External: EfficientNet-B0,PR,915,0.9226190476190477,0.2663230240549828,0.054239384829998016
External: EfficientNet-B0,PR,916,0.9226190476190477,0.2667814113597246,0.055035300552845
External: EfficientNet-B0,PR,917,0.9226190476190477,0.2672413793103448,0.055680230259895325
External: EfficientNet-B0,PR,918,0.9226190476190477,0.26770293609671847,0.055926427245140076
External: EfficientNet-B0,PR,919,0.9226190476190477,0.2681660899653979,0.05594852939248085
External: EfficientNet-B0,PR,920,0.9166666666666666,0.2668977469670711,0.056064214557409286
External: EfficientNet-B0,PR,921,0.9166666666666666,0.2673611111111111,0.0562979057431221
External: EfficientNet-B0,PR,922,0.9166666666666666,0.2678260869565217,0.056625910103321075
External: EfficientNet-B0,PR,923,0.9166666666666666,0.2682926829268293,0.05816545709967613
External: EfficientNet-B0,PR,924,0.9166666666666666,0.268760907504363,0.05817948281764984
External: EfficientNet-B0,PR,925,0.9166666666666666,0.2692307692307692,0.05848070979118347
External: EfficientNet-B0,PR,926,0.9166666666666666,0.26970227670753066,0.05872761830687523
External: EfficientNet-B0,PR,927,0.9166666666666666,0.27017543859649124,0.058816228061914444
External: EfficientNet-B0,PR,928,0.9166666666666666,0.27065026362038663,0.05947946757078171
External: EfficientNet-B0,PR,929,0.9166666666666666,0.2711267605633803,0.05981358513236046
External: EfficientNet-B0,PR,930,0.9166666666666666,0.2716049382716049,0.06059980392456055
External: EfficientNet-B0,PR,931,0.9166666666666666,0.27208480565371024,0.06070884317159653
External: EfficientNet-B0,PR,932,0.9166666666666666,0.27256637168141595,0.060743700712919235
External: EfficientNet-B0,PR,933,0.9166666666666666,0.2730496453900709,0.061306532472372055
External: EfficientNet-B0,PR,934,0.9166666666666666,0.27353463587921845,0.06316783279180527
External: EfficientNet-B0,PR,935,0.9166666666666666,0.27402135231316727,0.06325796991586685
External: EfficientNet-B0,PR,936,0.9107142857142857,0.2727272727272727,0.06336385756731033
External: EfficientNet-B0,PR,937,0.9107142857142857,0.2732142857142857,0.06386085599660873
External: EfficientNet-B0,PR,938,0.9107142857142857,0.2737030411449016,0.06402579694986343
External: EfficientNet-B0,PR,939,0.9047619047619048,0.2724014336917563,0.06494668126106262
External: EfficientNet-B0,PR,940,0.9047619047619048,0.27289048473967686,0.065067358314991
External: EfficientNet-B0,PR,941,0.9047619047619048,0.2733812949640288,0.06555382162332535
External: EfficientNet-B0,PR,942,0.9047619047619048,0.27387387387387385,0.06560148298740387
External: EfficientNet-B0,PR,943,0.9047619047619048,0.2743682310469314,0.06565000861883163
External: EfficientNet-B0,PR,944,0.9047619047619048,0.27486437613019893,0.06595764309167862
External: EfficientNet-B0,PR,945,0.9047619047619048,0.2753623188405797,0.06605038791894913
External: EfficientNet-B0,PR,946,0.9047619047619048,0.27586206896551724,0.06641235202550888
External: EfficientNet-B0,PR,947,0.9047619047619048,0.27636363636363637,0.0673256516456604
External: EfficientNet-B0,PR,948,0.9047619047619048,0.2768670309653916,0.06771239638328552
External: EfficientNet-B0,PR,949,0.9047619047619048,0.2773722627737226,0.06797702610492706
External: EfficientNet-B0,PR,950,0.9047619047619048,0.27787934186471663,0.06835553050041199
External: EfficientNet-B0,PR,951,0.8988095238095238,0.2765567765567766,0.06841754168272018
External: EfficientNet-B0,PR,952,0.8988095238095238,0.27706422018348625,0.06845453381538391
External: EfficientNet-B0,PR,953,0.8988095238095238,0.2775735294117647,0.06871450692415237
External: EfficientNet-B0,PR,954,0.8988095238095238,0.27808471454880296,0.06926936656236649
External: EfficientNet-B0,PR,955,0.8988095238095238,0.2785977859778598,0.07078122347593307
External: EfficientNet-B0,PR,956,0.8988095238095238,0.27911275415896486,0.07113780826330185
External: EfficientNet-B0,PR,957,0.8988095238095238,0.2796296296296296,0.07147179543972015
External: EfficientNet-B0,PR,958,0.8988095238095238,0.28014842300556586,0.07336556911468506
External: EfficientNet-B0,PR,959,0.8988095238095238,0.28066914498141265,0.07384765148162842
External: EfficientNet-B0,PR,960,0.8988095238095238,0.2811918063314711,0.07435391843318939
External: EfficientNet-B0,PR,961,0.8988095238095238,0.28171641791044777,0.07494612783193588
External: EfficientNet-B0,PR,962,0.8988095238095238,0.2822429906542056,0.07528983056545258
External: EfficientNet-B0,PR,963,0.8988095238095238,0.28277153558052437,0.07531554251909256
External: EfficientNet-B0,PR,964,0.8988095238095238,0.28330206378986866,0.07533279061317444
External: EfficientNet-B0,PR,965,0.8988095238095238,0.28383458646616544,0.07545258104801178
External: EfficientNet-B0,PR,966,0.8988095238095238,0.2843691148775895,0.07561393827199936
External: EfficientNet-B0,PR,967,0.8988095238095238,0.2849056603773585,0.07631023973226547
External: EfficientNet-B0,PR,968,0.8928571428571429,0.2835538752362949,0.07660483568906784
External: EfficientNet-B0,PR,969,0.8928571428571429,0.2840909090909091,0.07721094787120819
External: EfficientNet-B0,PR,970,0.8928571428571429,0.2846299810246679,0.07738742977380753
External: EfficientNet-B0,PR,971,0.8928571428571429,0.28517110266159695,0.07753600180149078
External: EfficientNet-B0,PR,972,0.8928571428571429,0.2857142857142857,0.0777115449309349
External: EfficientNet-B0,PR,973,0.8928571428571429,0.2862595419847328,0.0778857097029686
External: EfficientNet-B0,PR,974,0.8928571428571429,0.28680688336520077,0.07803340256214142
External: EfficientNet-B0,PR,975,0.8928571428571429,0.28735632183908044,0.07812955975532532
External: EfficientNet-B0,PR,976,0.8928571428571429,0.28790786948176583,0.07817719876766205
External: EfficientNet-B0,PR,977,0.8928571428571429,0.28846153846153844,0.07828552275896072
External: EfficientNet-B0,PR,978,0.8928571428571429,0.28901734104046245,0.07832933217287064
External: EfficientNet-B0,PR,979,0.8928571428571429,0.28957528957528955,0.07836756110191345
External: EfficientNet-B0,PR,980,0.8928571428571429,0.2901353965183752,0.07867205888032913
External: EfficientNet-B0,PR,981,0.8928571428571429,0.29069767441860467,0.07920677214860916
External: EfficientNet-B0,PR,982,0.8928571428571429,0.2912621359223301,0.07946101576089859
External: EfficientNet-B0,PR,983,0.8928571428571429,0.2918287937743191,0.08009213209152222
External: EfficientNet-B0,PR,984,0.8928571428571429,0.29239766081871343,0.0802435502409935
External: EfficientNet-B0,PR,985,0.8928571428571429,0.29296875,0.08082357048988342
External: EfficientNet-B0,PR,986,0.8928571428571429,0.29354207436399216,0.0817621648311615
External: EfficientNet-B0,PR,987,0.8928571428571429,0.29411764705882354,0.08203116059303284
External: EfficientNet-B0,PR,988,0.8928571428571429,0.29469548133595286,0.08238019794225693
External: EfficientNet-B0,PR,989,0.8928571428571429,0.2952755905511811,0.08265485614538193
External: EfficientNet-B0,PR,990,0.8928571428571429,0.2958579881656805,0.08328605443239212
External: EfficientNet-B0,PR,991,0.8928571428571429,0.2964426877470356,0.08410802483558655
External: EfficientNet-B0,PR,992,0.8928571428571429,0.297029702970297,0.08446577191352844
External: EfficientNet-B0,PR,993,0.8928571428571429,0.2976190476190476,0.08630548417568207
External: EfficientNet-B0,PR,994,0.8928571428571429,0.2982107355864811,0.0863889753818512
External: EfficientNet-B0,PR,995,0.8928571428571429,0.29880478087649404,0.08666320145130157
External: EfficientNet-B0,PR,996,0.8928571428571429,0.2994011976047904,0.08698131889104843
External: EfficientNet-B0,PR,997,0.8928571428571429,0.3,0.087250716984272
External: EfficientNet-B0,PR,998,0.8928571428571429,0.30060120240480964,0.08818142861127853
External: EfficientNet-B0,PR,999,0.8928571428571429,0.30120481927710846,0.08819171786308289
External: EfficientNet-B0,PR,1000,0.8928571428571429,0.30181086519114686,0.08879060298204422
External: EfficientNet-B0,PR,1001,0.8928571428571429,0.3024193548387097,0.08910756558179855
External: EfficientNet-B0,PR,1002,0.8928571428571429,0.30303030303030304,0.08965859562158585
External: EfficientNet-B0,PR,1003,0.8928571428571429,0.30364372469635625,0.0900479406118393
External: EfficientNet-B0,PR,1004,0.8928571428571429,0.30425963488843816,0.09047325700521469
External: EfficientNet-B0,PR,1005,0.8928571428571429,0.3048780487804878,0.09132198989391327
External: EfficientNet-B0,PR,1006,0.8928571428571429,0.3054989816700611,0.09202525019645691
External: EfficientNet-B0,PR,1007,0.8928571428571429,0.30612244897959184,0.09216468036174774
External: EfficientNet-B0,PR,1008,0.8928571428571429,0.3067484662576687,0.09224174171686172
External: EfficientNet-B0,PR,1009,0.8928571428571429,0.3073770491803279,0.09276825189590454
External: EfficientNet-B0,PR,1010,0.8928571428571429,0.3080082135523614,0.09314841777086258
External: EfficientNet-B0,PR,1011,0.8928571428571429,0.30864197530864196,0.0935904011130333
External: EfficientNet-B0,PR,1012,0.8928571428571429,0.30927835051546393,0.09360602498054504
External: EfficientNet-B0,PR,1013,0.8928571428571429,0.30991735537190085,0.09395328909158707
External: EfficientNet-B0,PR,1014,0.8928571428571429,0.3105590062111801,0.09454460442066193
External: EfficientNet-B0,PR,1015,0.8869047619047619,0.3091286307053942,0.09535335004329681
External: EfficientNet-B0,PR,1016,0.8869047619047619,0.3097713097713098,0.09547728300094604
External: EfficientNet-B0,PR,1017,0.8869047619047619,0.3104166666666667,0.09579072892665863
External: EfficientNet-B0,PR,1018,0.8869047619047619,0.31106471816283926,0.09593713283538818
External: EfficientNet-B0,PR,1019,0.8869047619047619,0.3117154811715481,0.09622415900230408
External: EfficientNet-B0,PR,1020,0.8809523809523809,0.31027253668763105,0.09717857837677002
External: EfficientNet-B0,PR,1021,0.8809523809523809,0.31092436974789917,0.09758260101079941
External: EfficientNet-B0,PR,1022,0.8809523809523809,0.31157894736842107,0.09766409546136856
External: EfficientNet-B0,PR,1023,0.8809523809523809,0.31223628691983124,0.09780572354793549
External: EfficientNet-B0,PR,1024,0.8809523809523809,0.3128964059196617,0.09811129420995712
External: EfficientNet-B0,PR,1025,0.8809523809523809,0.3135593220338983,0.09812024980783463
External: EfficientNet-B0,PR,1026,0.8809523809523809,0.31422505307855625,0.09838319569826126
External: EfficientNet-B0,PR,1027,0.8809523809523809,0.3148936170212766,0.09866496175527573
External: EfficientNet-B0,PR,1028,0.8809523809523809,0.31556503198294245,0.09900045394897461
External: EfficientNet-B0,PR,1029,0.8809523809523809,0.3162393162393162,0.09921608865261078
External: EfficientNet-B0,PR,1030,0.8809523809523809,0.3169164882226981,0.09930003434419632
External: EfficientNet-B0,PR,1031,0.8809523809523809,0.31759656652360513,0.09994683414697647
External: EfficientNet-B0,PR,1032,0.8809523809523809,0.31827956989247314,0.10079644620418549
External: EfficientNet-B0,PR,1033,0.8809523809523809,0.31896551724137934,0.10200735181570053
External: EfficientNet-B0,PR,1034,0.8809523809523809,0.31965442764578833,0.10254675149917603
External: EfficientNet-B0,PR,1035,0.8809523809523809,0.3203463203463203,0.10312485694885254
External: EfficientNet-B0,PR,1036,0.8809523809523809,0.3210412147505423,0.1033136174082756
External: EfficientNet-B0,PR,1037,0.8809523809523809,0.3217391304347826,0.10484318435192108
External: EfficientNet-B0,PR,1038,0.8809523809523809,0.3224400871459695,0.10658431053161621
External: EfficientNet-B0,PR,1039,0.875,0.32096069868995636,0.10687129944562912
External: EfficientNet-B0,PR,1040,0.875,0.32166301969365424,0.10771691799163818
External: EfficientNet-B0,PR,1041,0.875,0.3223684210526316,0.10835953801870346
External: EfficientNet-B0,PR,1042,0.875,0.3230769230769231,0.10853126645088196
External: EfficientNet-B0,PR,1043,0.875,0.3237885462555066,0.10895135253667831
External: EfficientNet-B0,PR,1044,0.875,0.32450331125827814,0.10896918177604675
External: EfficientNet-B0,PR,1045,0.875,0.3252212389380531,0.10929669439792633
External: EfficientNet-B0,PR,1046,0.875,0.3259423503325942,0.11041245609521866
External: EfficientNet-B0,PR,1047,0.875,0.32666666666666666,0.11404629796743393
External: EfficientNet-B0,PR,1048,0.875,0.3273942093541203,0.11429795622825623
External: EfficientNet-B0,PR,1049,0.875,0.328125,0.1143508180975914
External: EfficientNet-B0,PR,1050,0.875,0.3288590604026846,0.11547472327947617
External: EfficientNet-B0,PR,1051,0.875,0.3295964125560538,0.11609590798616409
External: EfficientNet-B0,PR,1052,0.875,0.3303370786516854,0.11632481962442398
External: EfficientNet-B0,PR,1053,0.875,0.3310810810810811,0.11647839844226837
External: EfficientNet-B0,PR,1054,0.875,0.33182844243792325,0.11702855676412582
External: EfficientNet-B0,PR,1055,0.875,0.332579185520362,0.1181829422712326
External: EfficientNet-B0,PR,1056,0.875,0.3333333333333333,0.11839137226343155
External: EfficientNet-B0,PR,1057,0.875,0.3340909090909091,0.1186450645327568
External: EfficientNet-B0,PR,1058,0.875,0.3348519362186788,0.11890334635972977
External: EfficientNet-B0,PR,1059,0.875,0.3356164383561644,0.11907098442316055
External: EfficientNet-B0,PR,1060,0.875,0.33638443935926776,0.11933761835098267
External: EfficientNet-B0,PR,1061,0.875,0.33715596330275227,0.11942244321107864
External: EfficientNet-B0,PR,1062,0.875,0.33793103448275863,0.12003344297409058
External: EfficientNet-B0,PR,1063,0.875,0.3387096774193548,0.12011038511991501
External: EfficientNet-B0,PR,1064,0.875,0.3394919168591224,0.12020175904035568
External: EfficientNet-B0,PR,1065,0.875,0.3402777777777778,0.12081146240234375
External: EfficientNet-B0,PR,1066,0.875,0.34106728538283065,0.12169930338859558
External: EfficientNet-B0,PR,1067,0.875,0.34186046511627904,0.12248708307743073
External: EfficientNet-B0,PR,1068,0.875,0.34265734265734266,0.12276027351617813
External: EfficientNet-B0,PR,1069,0.875,0.34345794392523366,0.12278258800506592
External: EfficientNet-B0,PR,1070,0.875,0.3442622950819672,0.12387578189373016
External: EfficientNet-B0,PR,1071,0.875,0.34507042253521125,0.12400399893522263
External: EfficientNet-B0,PR,1072,0.875,0.3458823529411765,0.12407071143388748
External: EfficientNet-B0,PR,1073,0.875,0.3466981132075472,0.1266201287508011
External: EfficientNet-B0,PR,1074,0.875,0.3475177304964539,0.12667156755924225
External: EfficientNet-B0,PR,1075,0.875,0.34834123222748814,0.1274341344833374
External: EfficientNet-B0,PR,1076,0.875,0.3491686460807601,0.12764346599578857
External: EfficientNet-B0,PR,1077,0.875,0.35,0.12924490869045258
External: EfficientNet-B0,PR,1078,0.875,0.35083532219570407,0.12948034703731537
External: EfficientNet-B0,PR,1079,0.8690476190476191,0.3492822966507177,0.13020870089530945
External: EfficientNet-B0,PR,1080,0.8690476190476191,0.3501199040767386,0.13112986087799072
External: EfficientNet-B0,PR,1081,0.8690476190476191,0.35096153846153844,0.1314813196659088
External: EfficientNet-B0,PR,1082,0.8630952380952381,0.3493975903614458,0.1323874145746231
External: EfficientNet-B0,PR,1083,0.8630952380952381,0.3502415458937198,0.13295355439186096
External: EfficientNet-B0,PR,1084,0.8630952380952381,0.35108958837772397,0.13333113491535187
External: EfficientNet-B0,PR,1085,0.8630952380952381,0.35194174757281554,0.13335613906383514
External: EfficientNet-B0,PR,1086,0.8630952380952381,0.35279805352798055,0.1342010200023651
External: EfficientNet-B0,PR,1087,0.8630952380952381,0.35365853658536583,0.134678453207016
External: EfficientNet-B0,PR,1088,0.8571428571428571,0.35207823960880197,0.13565470278263092
External: EfficientNet-B0,PR,1089,0.8571428571428571,0.35294117647058826,0.1358392834663391
External: EfficientNet-B0,PR,1090,0.8571428571428571,0.3538083538083538,0.13587726652622223
External: EfficientNet-B0,PR,1091,0.8571428571428571,0.35467980295566504,0.13663864135742188
External: EfficientNet-B0,PR,1092,0.8571428571428571,0.35555555555555557,0.13725854456424713
External: EfficientNet-B0,PR,1093,0.8571428571428571,0.3564356435643564,0.1377304047346115
External: EfficientNet-B0,PR,1094,0.8571428571428571,0.3573200992555831,0.13793236017227173
External: EfficientNet-B0,PR,1095,0.8571428571428571,0.3582089552238806,0.13797371089458466
External: EfficientNet-B0,PR,1096,0.8571428571428571,0.35910224438902744,0.13798071444034576
External: EfficientNet-B0,PR,1097,0.8571428571428571,0.36,0.1385309100151062
External: EfficientNet-B0,PR,1098,0.8571428571428571,0.3609022556390977,0.13927260041236877
External: EfficientNet-B0,PR,1099,0.8571428571428571,0.36180904522613067,0.13991492986679077
External: EfficientNet-B0,PR,1100,0.8571428571428571,0.36272040302267,0.1400464028120041
External: EfficientNet-B0,PR,1101,0.8571428571428571,0.36363636363636365,0.14026910066604614
External: EfficientNet-B0,PR,1102,0.8571428571428571,0.36455696202531646,0.14105747640132904
External: EfficientNet-B0,PR,1103,0.8571428571428571,0.36548223350253806,0.1414794921875
External: EfficientNet-B0,PR,1104,0.8571428571428571,0.366412213740458,0.14241313934326172
External: EfficientNet-B0,PR,1105,0.8571428571428571,0.3673469387755102,0.14370442926883698
External: EfficientNet-B0,PR,1106,0.8571428571428571,0.36828644501278773,0.1441187560558319
External: EfficientNet-B0,PR,1107,0.8571428571428571,0.36923076923076925,0.1462915688753128
External: EfficientNet-B0,PR,1108,0.8571428571428571,0.37017994858611825,0.1469690054655075
External: EfficientNet-B0,PR,1109,0.8571428571428571,0.3711340206185567,0.1471930891275406
External: EfficientNet-B0,PR,1110,0.8571428571428571,0.37209302325581395,0.1472465991973877
External: EfficientNet-B0,PR,1111,0.8571428571428571,0.37305699481865284,0.147518590092659
External: EfficientNet-B0,PR,1112,0.8571428571428571,0.37402597402597404,0.14787326753139496
External: EfficientNet-B0,PR,1113,0.8571428571428571,0.375,0.14892110228538513
External: EfficientNet-B0,PR,1114,0.8511904761904762,0.3733681462140992,0.14952874183654785
External: EfficientNet-B0,PR,1115,0.8511904761904762,0.3743455497382199,0.1522080898284912
External: EfficientNet-B0,PR,1116,0.8511904761904762,0.3753280839895013,0.15266019105911255
External: EfficientNet-B0,PR,1117,0.8511904761904762,0.3763157894736842,0.1544889658689499
External: EfficientNet-B0,PR,1118,0.8452380952380952,0.37467018469656993,0.15462441742420197
External: EfficientNet-B0,PR,1119,0.8452380952380952,0.37566137566137564,0.1560763716697693
External: EfficientNet-B0,PR,1120,0.8392857142857143,0.3740053050397878,0.15633037686347961
External: EfficientNet-B0,PR,1121,0.8392857142857143,0.375,0.15657633543014526
External: EfficientNet-B0,PR,1122,0.8392857142857143,0.376,0.15859901905059814
External: EfficientNet-B0,PR,1123,0.8392857142857143,0.3770053475935829,0.15868547558784485
External: EfficientNet-B0,PR,1124,0.8392857142857143,0.3780160857908847,0.15919069945812225
External: EfficientNet-B0,PR,1125,0.8392857142857143,0.3790322580645161,0.15997639298439026
External: EfficientNet-B0,PR,1126,0.8392857142857143,0.38005390835579517,0.16085444390773773
External: EfficientNet-B0,PR,1127,0.8392857142857143,0.3810810810810811,0.16290827095508575
External: EfficientNet-B0,PR,1128,0.8333333333333334,0.3794037940379404,0.16401050984859467
External: EfficientNet-B0,PR,1129,0.8333333333333334,0.3804347826086957,0.1642024666070938
External: EfficientNet-B0,PR,1130,0.8333333333333334,0.3814713896457766,0.1646527349948883
External: EfficientNet-B0,PR,1131,0.8333333333333334,0.3825136612021858,0.16541054844856262
External: EfficientNet-B0,PR,1132,0.8333333333333334,0.3835616438356164,0.16596807539463043
External: EfficientNet-B0,PR,1133,0.8333333333333334,0.38461538461538464,0.16646961867809296
External: EfficientNet-B0,PR,1134,0.8333333333333334,0.3856749311294766,0.16676373779773712
External: EfficientNet-B0,PR,1135,0.8333333333333334,0.3867403314917127,0.1667652428150177
External: EfficientNet-B0,PR,1136,0.8333333333333334,0.3878116343490305,0.16682586073875427
External: EfficientNet-B0,PR,1137,0.8333333333333334,0.3888888888888889,0.16732342541217804
External: EfficientNet-B0,PR,1138,0.8273809523809523,0.3871866295264624,0.16893529891967773
External: EfficientNet-B0,PR,1139,0.8273809523809523,0.388268156424581,0.16909441351890564
External: EfficientNet-B0,PR,1140,0.8273809523809523,0.38935574229691877,0.1701277494430542
External: EfficientNet-B0,PR,1141,0.8273809523809523,0.3904494382022472,0.17110033333301544
External: EfficientNet-B0,PR,1142,0.8273809523809523,0.39154929577464787,0.17213410139083862
External: EfficientNet-B0,PR,1143,0.8214285714285714,0.3898305084745763,0.17248359322547913
External: EfficientNet-B0,PR,1144,0.8214285714285714,0.3909348441926346,0.17271071672439575
External: EfficientNet-B0,PR,1145,0.8214285714285714,0.39204545454545453,0.17283770442008972
External: EfficientNet-B0,PR,1146,0.8214285714285714,0.39316239316239315,0.1738201081752777
External: EfficientNet-B0,PR,1147,0.8214285714285714,0.3942857142857143,0.17500726878643036
External: EfficientNet-B0,PR,1148,0.8214285714285714,0.3954154727793696,0.17836034297943115
External: EfficientNet-B0,PR,1149,0.8214285714285714,0.39655172413793105,0.17888782918453217
External: EfficientNet-B0,PR,1150,0.8214285714285714,0.3976945244956772,0.1791587620973587
External: EfficientNet-B0,PR,1151,0.8214285714285714,0.3988439306358382,0.17955563962459564
External: EfficientNet-B0,PR,1152,0.8214285714285714,0.4,0.17996683716773987
External: EfficientNet-B0,PR,1153,0.8214285714285714,0.40233236151603496,0.18026402592658997
External: EfficientNet-B0,PR,1154,0.8214285714285714,0.40350877192982454,0.18231229484081268
External: EfficientNet-B0,PR,1155,0.8214285714285714,0.4046920821114369,0.18256953358650208
External: EfficientNet-B0,PR,1156,0.8214285714285714,0.40588235294117647,0.18383817374706268
External: EfficientNet-B0,PR,1157,0.8214285714285714,0.40707964601769914,0.18407374620437622
External: EfficientNet-B0,PR,1158,0.8214285714285714,0.40828402366863903,0.18415622413158417
External: EfficientNet-B0,PR,1159,0.8214285714285714,0.4094955489614243,0.18527846038341522
External: EfficientNet-B0,PR,1160,0.8214285714285714,0.4107142857142857,0.18541468679904938
External: EfficientNet-B0,PR,1161,0.8214285714285714,0.41194029850746267,0.1858092099428177
External: EfficientNet-B0,PR,1162,0.8154761904761905,0.4101796407185629,0.18587632477283478
External: EfficientNet-B0,PR,1163,0.8095238095238095,0.4084084084084084,0.18602429330348969
External: EfficientNet-B0,PR,1164,0.8095238095238095,0.40963855421686746,0.18694083392620087
External: EfficientNet-B0,PR,1165,0.8035714285714286,0.4078549848942598,0.1872914582490921
External: EfficientNet-B0,PR,1166,0.8035714285714286,0.4090909090909091,0.18756671249866486
External: EfficientNet-B0,PR,1167,0.8035714285714286,0.41033434650455924,0.18813014030456543
External: EfficientNet-B0,PR,1168,0.8035714285714286,0.4115853658536585,0.18850922584533691
External: EfficientNet-B0,PR,1169,0.8035714285714286,0.41284403669724773,0.18888407945632935
External: EfficientNet-B0,PR,1170,0.8035714285714286,0.41411042944785276,0.18904949724674225
External: EfficientNet-B0,PR,1171,0.8035714285714286,0.4153846153846154,0.18978124856948853
External: EfficientNet-B0,PR,1172,0.8035714285714286,0.4166666666666667,0.19015054404735565
External: EfficientNet-B0,PR,1173,0.7976190476190477,0.4148606811145511,0.19375351071357727
External: EfficientNet-B0,PR,1174,0.7976190476190477,0.4161490683229814,0.1950823813676834
External: EfficientNet-B0,PR,1175,0.7976190476190477,0.4174454828660436,0.19517424702644348
External: EfficientNet-B0,PR,1176,0.7976190476190477,0.41875,0.19788619875907898
External: EfficientNet-B0,PR,1177,0.7976190476190477,0.4200626959247649,0.19923147559165955
External: EfficientNet-B0,PR,1178,0.7976190476190477,0.42138364779874216,0.201344296336174
External: EfficientNet-B0,PR,1179,0.7916666666666666,0.4195583596214511,0.2022557407617569
External: EfficientNet-B0,PR,1180,0.7916666666666666,0.4208860759493671,0.20328350365161896
External: EfficientNet-B0,PR,1181,0.7916666666666666,0.4222222222222222,0.20441903173923492
External: EfficientNet-B0,PR,1182,0.7916666666666666,0.42356687898089174,0.20458433032035828
External: EfficientNet-B0,PR,1183,0.7916666666666666,0.4249201277955272,0.2053842842578888
External: EfficientNet-B0,PR,1184,0.7916666666666666,0.42628205128205127,0.20710575580596924
External: EfficientNet-B0,PR,1185,0.7916666666666666,0.42765273311897106,0.20946535468101501
External: EfficientNet-B0,PR,1186,0.7916666666666666,0.4290322580645161,0.2095898538827896
External: EfficientNet-B0,PR,1187,0.7916666666666666,0.43042071197411,0.21178263425827026
External: EfficientNet-B0,PR,1188,0.7916666666666666,0.4318181818181818,0.21235600113868713
External: EfficientNet-B0,PR,1189,0.7916666666666666,0.43322475570032576,0.2128538340330124
External: EfficientNet-B0,PR,1190,0.7916666666666666,0.434640522875817,0.21397197246551514
External: EfficientNet-B0,PR,1191,0.7916666666666666,0.4360655737704918,0.21414697170257568
External: EfficientNet-B0,PR,1192,0.7857142857142857,0.4342105263157895,0.21492108702659607
External: EfficientNet-B0,PR,1193,0.7857142857142857,0.43564356435643564,0.21616505086421967
External: EfficientNet-B0,PR,1194,0.7797619047619048,0.4337748344370861,0.21863271296024323
External: EfficientNet-B0,PR,1195,0.7738095238095238,0.4318936877076412,0.22021478414535522
External: EfficientNet-B0,PR,1196,0.7738095238095238,0.43333333333333335,0.22036616504192352
External: EfficientNet-B0,PR,1197,0.7738095238095238,0.43478260869565216,0.2210719734430313
External: EfficientNet-B0,PR,1198,0.7738095238095238,0.436241610738255,0.22127224504947662
External: EfficientNet-B0,PR,1199,0.7738095238095238,0.4377104377104377,0.22185908257961273
External: EfficientNet-B0,PR,1200,0.7738095238095238,0.4391891891891892,0.22320441901683807
External: EfficientNet-B0,PR,1201,0.7738095238095238,0.4406779661016949,0.2246333658695221
External: EfficientNet-B0,PR,1202,0.7738095238095238,0.4421768707482993,0.22464649379253387
External: EfficientNet-B0,PR,1203,0.7738095238095238,0.44368600682593856,0.22520527243614197
External: EfficientNet-B0,PR,1204,0.7738095238095238,0.4452054794520548,0.2255035787820816
External: EfficientNet-B0,PR,1205,0.7738095238095238,0.44673539518900346,0.2277805358171463
External: EfficientNet-B0,PR,1206,0.7738095238095238,0.4482758620689655,0.22898945212364197
External: EfficientNet-B0,PR,1207,0.7738095238095238,0.44982698961937717,0.22950215637683868
External: EfficientNet-B0,PR,1208,0.7738095238095238,0.4513888888888889,0.23013079166412354
External: EfficientNet-B0,PR,1209,0.7738095238095238,0.4529616724738676,0.23016445338726044
External: EfficientNet-B0,PR,1210,0.7738095238095238,0.45454545454545453,0.23049414157867432
External: EfficientNet-B0,PR,1211,0.7738095238095238,0.45614035087719296,0.23131348192691803
External: EfficientNet-B0,PR,1212,0.7738095238095238,0.45774647887323944,0.23136337101459503
External: EfficientNet-B0,PR,1213,0.7738095238095238,0.45936395759717313,0.2317085862159729
External: EfficientNet-B0,PR,1214,0.7678571428571429,0.4574468085106383,0.23243214190006256
External: EfficientNet-B0,PR,1215,0.7678571428571429,0.45907473309608543,0.23270660638809204
External: EfficientNet-B0,PR,1216,0.7678571428571429,0.4607142857142857,0.23316189646720886
External: EfficientNet-B0,PR,1217,0.7678571428571429,0.46236559139784944,0.2335577756166458
External: EfficientNet-B0,PR,1218,0.7619047619047619,0.460431654676259,0.2336856573820114
External: EfficientNet-B0,PR,1219,0.7619047619047619,0.4620938628158845,0.2365490198135376
External: EfficientNet-B0,PR,1220,0.7619047619047619,0.463768115942029,0.2381070852279663
External: EfficientNet-B0,PR,1221,0.7619047619047619,0.46545454545454545,0.23833996057510376
External: EfficientNet-B0,PR,1222,0.7619047619047619,0.46715328467153283,0.2415965497493744
External: EfficientNet-B0,PR,1223,0.7559523809523809,0.4652014652014652,0.24317923188209534
External: EfficientNet-B0,PR,1224,0.75,0.4632352941176471,0.24318134784698486
External: EfficientNet-B0,PR,1225,0.75,0.46494464944649444,0.24407193064689636
External: EfficientNet-B0,PR,1226,0.75,0.4666666666666667,0.24537347257137299
External: EfficientNet-B0,PR,1227,0.75,0.4684014869888476,0.24719740450382233
External: EfficientNet-B0,PR,1228,0.7440476190476191,0.4664179104477612,0.2475530058145523
External: EfficientNet-B0,PR,1229,0.7440476190476191,0.4681647940074906,0.24819840490818024
External: EfficientNet-B0,PR,1230,0.7440476190476191,0.4699248120300752,0.24923335015773773
External: EfficientNet-B0,PR,1231,0.7440476190476191,0.4716981132075472,0.24998632073402405
External: EfficientNet-B0,PR,1232,0.7440476190476191,0.4734848484848485,0.250234991312027
External: EfficientNet-B0,PR,1233,0.7440476190476191,0.4752851711026616,0.25087419152259827
External: EfficientNet-B0,PR,1234,0.7440476190476191,0.4770992366412214,0.2541663646697998
External: EfficientNet-B0,PR,1235,0.7440476190476191,0.4789272030651341,0.25781455636024475
External: EfficientNet-B0,PR,1236,0.7440476190476191,0.4807692307692308,0.2623942196369171
External: EfficientNet-B0,PR,1237,0.7380952380952381,0.47876447876447875,0.2638503313064575
External: EfficientNet-B0,PR,1238,0.7380952380952381,0.4806201550387597,0.26583611965179443
External: EfficientNet-B0,PR,1239,0.7380952380952381,0.48249027237354086,0.2666178047657013
External: EfficientNet-B0,PR,1240,0.7380952380952381,0.484375,0.26662641763687134
External: EfficientNet-B0,PR,1241,0.7321428571428571,0.4823529411764706,0.26857709884643555
External: EfficientNet-B0,PR,1242,0.7261904761904762,0.48031496062992124,0.2705746293067932
External: EfficientNet-B0,PR,1243,0.7202380952380952,0.4782608695652174,0.27119705080986023
External: EfficientNet-B0,PR,1244,0.7202380952380952,0.4801587301587302,0.27167218923568726
External: EfficientNet-B0,PR,1245,0.7202380952380952,0.4820717131474104,0.2731381952762604
External: EfficientNet-B0,PR,1246,0.7202380952380952,0.484,0.2737770974636078
External: EfficientNet-B0,PR,1247,0.7202380952380952,0.4859437751004016,0.2756556272506714
External: EfficientNet-B0,PR,1248,0.7142857142857143,0.4838709677419355,0.27731040120124817
External: EfficientNet-B0,PR,1249,0.7142857142857143,0.48582995951417,0.2781161367893219
External: EfficientNet-B0,PR,1250,0.7142857142857143,0.4878048780487805,0.279327929019928
External: EfficientNet-B0,PR,1251,0.7142857142857143,0.4897959183673469,0.27960044145584106
External: EfficientNet-B0,PR,1252,0.7083333333333334,0.48770491803278687,0.27982819080352783
External: EfficientNet-B0,PR,1253,0.7083333333333334,0.4897119341563786,0.2804221212863922
External: EfficientNet-B0,PR,1254,0.7023809523809523,0.48760330578512395,0.28062063455581665
External: EfficientNet-B0,PR,1255,0.7023809523809523,0.4896265560165975,0.2807677984237671
External: EfficientNet-B0,PR,1256,0.7023809523809523,0.49166666666666664,0.28504350781440735
External: EfficientNet-B0,PR,1257,0.7023809523809523,0.49372384937238495,0.2866344451904297
External: EfficientNet-B0,PR,1258,0.6964285714285714,0.49159663865546216,0.2874852418899536
External: EfficientNet-B0,PR,1259,0.6964285714285714,0.4936708860759494,0.28778862953186035
External: EfficientNet-B0,PR,1260,0.6964285714285714,0.4957627118644068,0.2880735993385315
External: EfficientNet-B0,PR,1261,0.6964285714285714,0.4978723404255319,0.28852975368499756
External: EfficientNet-B0,PR,1262,0.6964285714285714,0.5,0.29118961095809937
External: EfficientNet-B0,PR,1263,0.6964285714285714,0.5021459227467812,0.29472315311431885
External: EfficientNet-B0,PR,1264,0.6904761904761905,0.5,0.2951239347457886
External: EfficientNet-B0,PR,1265,0.6845238095238095,0.49783549783549785,0.3013138771057129
External: EfficientNet-B0,PR,1266,0.6785714285714286,0.4956521739130435,0.3023741841316223
External: EfficientNet-B0,PR,1267,0.6785714285714286,0.4978165938864629,0.303066611289978
External: EfficientNet-B0,PR,1268,0.6785714285714286,0.5,0.30464261770248413
External: EfficientNet-B0,PR,1269,0.6726190476190477,0.4977973568281938,0.3061169385910034
External: EfficientNet-B0,PR,1270,0.6726190476190477,0.5,0.3076322674751282
External: EfficientNet-B0,PR,1271,0.6726190476190477,0.5022222222222222,0.3094227910041809
External: EfficientNet-B0,PR,1272,0.6726190476190477,0.5044642857142857,0.3103312849998474
External: EfficientNet-B0,PR,1273,0.6726190476190477,0.5067264573991032,0.31081703305244446
External: EfficientNet-B0,PR,1274,0.6726190476190477,0.509009009009009,0.31457534432411194
External: EfficientNet-B0,PR,1275,0.6666666666666666,0.5067873303167421,0.31621313095092773
External: EfficientNet-B0,PR,1276,0.6666666666666666,0.509090909090909,0.3164520859718323
External: EfficientNet-B0,PR,1277,0.6666666666666666,0.5114155251141552,0.31667837500572205
External: EfficientNet-B0,PR,1278,0.6666666666666666,0.5137614678899083,0.317607045173645
External: EfficientNet-B0,PR,1279,0.6666666666666666,0.5161290322580645,0.31972724199295044
External: EfficientNet-B0,PR,1280,0.6666666666666666,0.5185185185185185,0.3201936185359955
External: EfficientNet-B0,PR,1281,0.6666666666666666,0.5209302325581395,0.32141783833503723
External: EfficientNet-B0,PR,1282,0.6666666666666666,0.5233644859813084,0.32191815972328186
External: EfficientNet-B0,PR,1283,0.6666666666666666,0.5258215962441315,0.32383736968040466
External: EfficientNet-B0,PR,1284,0.6666666666666666,0.5283018867924528,0.3246130049228668
External: EfficientNet-B0,PR,1285,0.6666666666666666,0.5308056872037915,0.3301178812980652
External: EfficientNet-B0,PR,1286,0.6607142857142857,0.5285714285714286,0.33053499460220337
External: EfficientNet-B0,PR,1287,0.6547619047619048,0.5263157894736842,0.33594852685928345
External: EfficientNet-B0,PR,1288,0.6547619047619048,0.5288461538461539,0.3361954391002655
External: EfficientNet-B0,PR,1289,0.6547619047619048,0.5314009661835749,0.33627229928970337
External: EfficientNet-B0,PR,1290,0.6547619047619048,0.5339805825242718,0.34194767475128174
External: EfficientNet-B0,PR,1291,0.6547619047619048,0.5365853658536586,0.34405258297920227
External: EfficientNet-B0,PR,1292,0.6547619047619048,0.5392156862745098,0.3458026349544525
External: EfficientNet-B0,PR,1293,0.6547619047619048,0.541871921182266,0.3500412702560425
External: EfficientNet-B0,PR,1294,0.6547619047619048,0.5445544554455446,0.3502044677734375
External: EfficientNet-B0,PR,1295,0.6547619047619048,0.5472636815920398,0.35024338960647583
External: EfficientNet-B0,PR,1296,0.6547619047619048,0.55,0.35106462240219116
External: EfficientNet-B0,PR,1297,0.6547619047619048,0.5527638190954773,0.35139521956443787
External: EfficientNet-B0,PR,1298,0.6547619047619048,0.5555555555555556,0.35236436128616333
External: EfficientNet-B0,PR,1299,0.6547619047619048,0.5583756345177665,0.35321617126464844
External: EfficientNet-B0,PR,1300,0.6547619047619048,0.5612244897959183,0.3546334207057953
External: EfficientNet-B0,PR,1301,0.6547619047619048,0.5641025641025641,0.3566291630268097
External: EfficientNet-B0,PR,1302,0.6547619047619048,0.5670103092783505,0.35818931460380554
External: EfficientNet-B0,PR,1303,0.6547619047619048,0.5699481865284974,0.35819554328918457
External: EfficientNet-B0,PR,1304,0.6488095238095238,0.5677083333333334,0.3629557192325592
External: EfficientNet-B0,PR,1305,0.6488095238095238,0.5706806282722513,0.3662034273147583
External: EfficientNet-B0,PR,1306,0.6488095238095238,0.5736842105263158,0.3719763457775116
External: EfficientNet-B0,PR,1307,0.6488095238095238,0.5767195767195767,0.3745211660861969
External: EfficientNet-B0,PR,1308,0.6488095238095238,0.5797872340425532,0.374605655670166
External: EfficientNet-B0,PR,1309,0.6488095238095238,0.5828877005347594,0.3757360577583313
External: EfficientNet-B0,PR,1310,0.6488095238095238,0.5860215053763441,0.3803015649318695
External: EfficientNet-B0,PR,1311,0.6488095238095238,0.5891891891891892,0.38275471329689026
External: EfficientNet-B0,PR,1312,0.6428571428571429,0.5869565217391305,0.3837970793247223
External: EfficientNet-B0,PR,1313,0.6428571428571429,0.5901639344262295,0.38548094034194946
External: EfficientNet-B0,PR,1314,0.6428571428571429,0.5934065934065934,0.3882869482040405
External: EfficientNet-B0,PR,1315,0.6428571428571429,0.5966850828729282,0.3908410668373108
External: EfficientNet-B0,PR,1316,0.6369047619047619,0.5944444444444444,0.39765989780426025
External: EfficientNet-B0,PR,1317,0.6369047619047619,0.5977653631284916,0.4021398723125458
External: EfficientNet-B0,PR,1318,0.6309523809523809,0.5955056179775281,0.40264424681663513
External: EfficientNet-B0,PR,1319,0.6309523809523809,0.5988700564971752,0.40283045172691345
External: EfficientNet-B0,PR,1320,0.6309523809523809,0.6022727272727273,0.403274267911911
External: EfficientNet-B0,PR,1321,0.6309523809523809,0.6057142857142858,0.40422844886779785
External: EfficientNet-B0,PR,1322,0.625,0.603448275862069,0.406306654214859
External: EfficientNet-B0,PR,1323,0.6190476190476191,0.6011560693641619,0.4096963405609131
External: EfficientNet-B0,PR,1324,0.6190476190476191,0.6046511627906976,0.4129394292831421
External: EfficientNet-B0,PR,1325,0.6130952380952381,0.6023391812865497,0.4131217896938324
External: EfficientNet-B0,PR,1326,0.6071428571428571,0.6,0.4141203761100769
External: EfficientNet-B0,PR,1327,0.6011904761904762,0.5976331360946746,0.41629084944725037
External: EfficientNet-B0,PR,1328,0.6011904761904762,0.6011904761904762,0.41709762811660767
External: EfficientNet-B0,PR,1329,0.6011904761904762,0.6047904191616766,0.41826605796813965
External: EfficientNet-B0,PR,1330,0.6011904761904762,0.608433734939759,0.4203902781009674
External: EfficientNet-B0,PR,1331,0.6011904761904762,0.6121212121212121,0.42138463258743286
External: EfficientNet-B0,PR,1332,0.5952380952380952,0.6097560975609756,0.4259929060935974
External: EfficientNet-B0,PR,1333,0.5892857142857143,0.6073619631901841,0.4265926480293274
External: EfficientNet-B0,PR,1334,0.5892857142857143,0.6111111111111112,0.42809945344924927
External: EfficientNet-B0,PR,1335,0.5892857142857143,0.6149068322981367,0.4308544397354126
External: EfficientNet-B0,PR,1336,0.5892857142857143,0.61875,0.43407225608825684
External: EfficientNet-B0,PR,1337,0.5833333333333334,0.6163522012578616,0.43919819593429565
External: EfficientNet-B0,PR,1338,0.5833333333333334,0.620253164556962,0.44043344259262085
External: EfficientNet-B0,PR,1339,0.5833333333333334,0.6242038216560509,0.4424717128276825
External: EfficientNet-B0,PR,1340,0.5773809523809523,0.6217948717948718,0.4443930685520172
External: EfficientNet-B0,PR,1341,0.5773809523809523,0.6258064516129033,0.4478766620159149
External: EfficientNet-B0,PR,1342,0.5714285714285714,0.6233766233766234,0.4514569938182831
External: EfficientNet-B0,PR,1343,0.5654761904761905,0.6209150326797386,0.45217978954315186
External: EfficientNet-B0,PR,1344,0.5654761904761905,0.625,0.4589586853981018
External: EfficientNet-B0,PR,1345,0.5595238095238095,0.6225165562913907,0.4606204032897949
External: EfficientNet-B0,PR,1346,0.5535714285714286,0.62,0.4607090950012207
External: EfficientNet-B0,PR,1347,0.5535714285714286,0.6241610738255033,0.46435704827308655
External: EfficientNet-B0,PR,1348,0.5535714285714286,0.6283783783783784,0.4647623300552368
External: EfficientNet-B0,PR,1349,0.5535714285714286,0.6326530612244898,0.467524915933609
External: EfficientNet-B0,PR,1350,0.5535714285714286,0.636986301369863,0.4675329029560089
External: EfficientNet-B0,PR,1351,0.5535714285714286,0.6413793103448275,0.4686882197856903
External: EfficientNet-B0,PR,1352,0.5535714285714286,0.6458333333333334,0.4687419533729553
External: EfficientNet-B0,PR,1353,0.5476190476190477,0.6433566433566433,0.471330851316452
External: EfficientNet-B0,PR,1354,0.5476190476190477,0.647887323943662,0.47392815351486206
External: EfficientNet-B0,PR,1355,0.5476190476190477,0.6524822695035462,0.4757244288921356
External: EfficientNet-B0,PR,1356,0.5416666666666666,0.65,0.4758423864841461
External: EfficientNet-B0,PR,1357,0.5416666666666666,0.6546762589928058,0.47824305295944214
External: EfficientNet-B0,PR,1358,0.5416666666666666,0.6594202898550725,0.47864407300949097
External: EfficientNet-B0,PR,1359,0.5416666666666666,0.6642335766423357,0.4846593737602234
External: EfficientNet-B0,PR,1360,0.5416666666666666,0.6691176470588235,0.48600104451179504
External: EfficientNet-B0,PR,1361,0.5416666666666666,0.674074074074074,0.4866636097431183
External: EfficientNet-B0,PR,1362,0.5416666666666666,0.6791044776119403,0.48771288990974426
External: EfficientNet-B0,PR,1363,0.5416666666666666,0.6842105263157895,0.4880352318286896
External: EfficientNet-B0,PR,1364,0.5357142857142857,0.6818181818181818,0.48896822333335876
External: EfficientNet-B0,PR,1365,0.5357142857142857,0.6870229007633588,0.4891122579574585
External: EfficientNet-B0,PR,1366,0.5297619047619048,0.6846153846153846,0.4891197979450226
External: EfficientNet-B0,PR,1367,0.5238095238095238,0.6821705426356589,0.49315550923347473
External: EfficientNet-B0,PR,1368,0.5238095238095238,0.6875,0.49885985255241394
External: EfficientNet-B0,PR,1369,0.5178571428571429,0.6850393700787402,0.5006037354469299
External: EfficientNet-B0,PR,1370,0.5178571428571429,0.6904761904761905,0.5033234357833862
External: EfficientNet-B0,PR,1371,0.5119047619047619,0.688,0.5034496784210205
External: EfficientNet-B0,PR,1372,0.5119047619047619,0.6935483870967742,0.5060798525810242
External: EfficientNet-B0,PR,1373,0.5119047619047619,0.6991869918699187,0.506374180316925
External: EfficientNet-B0,PR,1374,0.5119047619047619,0.7049180327868853,0.5077270269393921
External: EfficientNet-B0,PR,1375,0.5059523809523809,0.7024793388429752,0.5079935789108276
External: EfficientNet-B0,PR,1376,0.5059523809523809,0.7083333333333334,0.5101668834686279
External: EfficientNet-B0,PR,1377,0.5059523809523809,0.7142857142857143,0.5117438435554504
External: EfficientNet-B0,PR,1378,0.5059523809523809,0.7203389830508474,0.5127356648445129
External: EfficientNet-B0,PR,1379,0.5059523809523809,0.7264957264957265,0.5146343111991882
External: EfficientNet-B0,PR,1380,0.5059523809523809,0.7327586206896551,0.5174715518951416
External: EfficientNet-B0,PR,1381,0.5,0.7304347826086957,0.5186269283294678
External: EfficientNet-B0,PR,1382,0.49404761904761907,0.7280701754385965,0.5197545289993286
External: EfficientNet-B0,PR,1383,0.4880952380952381,0.7256637168141593,0.5277991890907288
External: EfficientNet-B0,PR,1384,0.48214285714285715,0.7232142857142857,0.5306694507598877
External: EfficientNet-B0,PR,1385,0.48214285714285715,0.7297297297297297,0.5328280329704285
External: EfficientNet-B0,PR,1386,0.48214285714285715,0.7363636363636363,0.5347728729248047
External: EfficientNet-B0,PR,1387,0.47619047619047616,0.7339449541284404,0.5394018888473511
External: EfficientNet-B0,PR,1388,0.47619047619047616,0.7407407407407407,0.5405760407447815
External: EfficientNet-B0,PR,1389,0.47023809523809523,0.7383177570093458,0.541609525680542
External: EfficientNet-B0,PR,1390,0.47023809523809523,0.7452830188679245,0.5494865775108337
External: EfficientNet-B0,PR,1391,0.4642857142857143,0.7428571428571429,0.5499295592308044
External: EfficientNet-B0,PR,1392,0.4642857142857143,0.75,0.5641593337059021
External: EfficientNet-B0,PR,1393,0.4583333333333333,0.7475728155339806,0.5644633769989014
External: EfficientNet-B0,PR,1394,0.4583333333333333,0.7549019607843137,0.5668290853500366
External: EfficientNet-B0,PR,1395,0.4583333333333333,0.7623762376237624,0.5674587488174438
External: EfficientNet-B0,PR,1396,0.4583333333333333,0.77,0.5683444738388062
External: EfficientNet-B0,PR,1397,0.4523809523809524,0.7676767676767676,0.5712579488754272
External: EfficientNet-B0,PR,1398,0.44642857142857145,0.7653061224489796,0.5764627456665039
External: EfficientNet-B0,PR,1399,0.44642857142857145,0.7731958762886598,0.5790278315544128
External: EfficientNet-B0,PR,1400,0.44047619047619047,0.7708333333333334,0.5822658538818359
External: EfficientNet-B0,PR,1401,0.43452380952380953,0.7684210526315789,0.5823239684104919
External: EfficientNet-B0,PR,1402,0.42857142857142855,0.7659574468085106,0.5856947302818298
External: EfficientNet-B0,PR,1403,0.42857142857142855,0.7741935483870968,0.5932756662368774
External: EfficientNet-B0,PR,1404,0.4226190476190476,0.7717391304347826,0.5940564274787903
External: EfficientNet-B0,PR,1405,0.4226190476190476,0.7802197802197802,0.6028878092765808
External: EfficientNet-B0,PR,1406,0.4166666666666667,0.7777777777777778,0.6069175004959106
External: EfficientNet-B0,PR,1407,0.4166666666666667,0.7865168539325843,0.6090204119682312
External: EfficientNet-B0,PR,1408,0.4166666666666667,0.7954545454545454,0.6098719239234924
External: EfficientNet-B0,PR,1409,0.4107142857142857,0.7931034482758621,0.6099957823753357
External: EfficientNet-B0,PR,1410,0.40476190476190477,0.7906976744186046,0.6207544803619385
External: EfficientNet-B0,PR,1411,0.40476190476190477,0.8,0.6213279962539673
External: EfficientNet-B0,PR,1412,0.40476190476190477,0.8095238095238095,0.63499516248703
External: EfficientNet-B0,PR,1413,0.40476190476190477,0.8192771084337349,0.6361465454101562
External: EfficientNet-B0,PR,1414,0.39880952380952384,0.8170731707317073,0.6387501358985901
External: EfficientNet-B0,PR,1415,0.39285714285714285,0.8148148148148148,0.6402460336685181
External: EfficientNet-B0,PR,1416,0.3869047619047619,0.8125,0.6413552761077881
External: EfficientNet-B0,PR,1417,0.3869047619047619,0.8227848101265823,0.643772304058075
External: EfficientNet-B0,PR,1418,0.38095238095238093,0.8205128205128205,0.6445506811141968
External: EfficientNet-B0,PR,1419,0.38095238095238093,0.8311688311688312,0.6504029631614685
External: EfficientNet-B0,PR,1420,0.375,0.8289473684210527,0.6617498397827148
External: EfficientNet-B0,PR,1421,0.36904761904761907,0.8266666666666667,0.6659166812896729
External: EfficientNet-B0,PR,1422,0.36904761904761907,0.8378378378378378,0.666300892829895
External: EfficientNet-B0,PR,1423,0.3630952380952381,0.8356164383561644,0.6677305102348328
External: EfficientNet-B0,PR,1424,0.35714285714285715,0.8333333333333334,0.6728106141090393
External: EfficientNet-B0,PR,1425,0.35119047619047616,0.8309859154929577,0.6728180646896362
External: EfficientNet-B0,PR,1426,0.34523809523809523,0.8285714285714286,0.6753462553024292
External: EfficientNet-B0,PR,1427,0.3392857142857143,0.8260869565217391,0.6777791976928711
External: EfficientNet-B0,PR,1428,0.3333333333333333,0.8235294117647058,0.6778833866119385
External: EfficientNet-B0,PR,1429,0.3273809523809524,0.8208955223880597,0.6825433373451233
External: EfficientNet-B0,PR,1430,0.32142857142857145,0.8181818181818182,0.6839051246643066
External: EfficientNet-B0,PR,1431,0.31547619047619047,0.8153846153846154,0.6841497421264648
External: EfficientNet-B0,PR,1432,0.30952380952380953,0.8125,0.6841781735420227
External: EfficientNet-B0,PR,1433,0.30357142857142855,0.8095238095238095,0.6957627534866333
External: EfficientNet-B0,PR,1434,0.30357142857142855,0.8225806451612904,0.6979504823684692
External: EfficientNet-B0,PR,1435,0.30357142857142855,0.8360655737704918,0.7016457319259644
External: EfficientNet-B0,PR,1436,0.2976190476190476,0.8333333333333334,0.7051948308944702
External: EfficientNet-B0,PR,1437,0.2916666666666667,0.8305084745762712,0.7073240876197815
External: EfficientNet-B0,PR,1438,0.2857142857142857,0.8275862068965517,0.7075406908988953
External: EfficientNet-B0,PR,1439,0.2857142857142857,0.8421052631578947,0.7108877301216125
External: EfficientNet-B0,PR,1440,0.27976190476190477,0.8392857142857143,0.7122501730918884
External: EfficientNet-B0,PR,1441,0.27976190476190477,0.8545454545454545,0.7162737846374512
External: EfficientNet-B0,PR,1442,0.27380952380952384,0.8518518518518519,0.7195216417312622
External: EfficientNet-B0,PR,1443,0.26785714285714285,0.8490566037735849,0.7279766798019409
External: EfficientNet-B0,PR,1444,0.26785714285714285,0.8653846153846154,0.7280129194259644
External: EfficientNet-B0,PR,1445,0.2619047619047619,0.8627450980392157,0.7319864630699158
External: EfficientNet-B0,PR,1446,0.25595238095238093,0.86,0.7329075932502747
External: EfficientNet-B0,PR,1447,0.25,0.8571428571428571,0.7331823706626892
External: EfficientNet-B0,PR,1448,0.25,0.875,0.7371926307678223
External: EfficientNet-B0,PR,1449,0.25,0.8936170212765957,0.7378467917442322
External: EfficientNet-B0,PR,1450,0.25,0.9130434782608695,0.7399277091026306
External: EfficientNet-B0,PR,1451,0.24404761904761904,0.9111111111111111,0.7482848167419434
External: EfficientNet-B0,PR,1452,0.24404761904761904,0.9318181818181818,0.7499991059303284
External: EfficientNet-B0,PR,1453,0.23809523809523808,0.9302325581395349,0.7544988393783569
External: EfficientNet-B0,PR,1454,0.23214285714285715,0.9285714285714286,0.7691364288330078
External: EfficientNet-B0,PR,1455,0.2261904761904762,0.926829268292683,0.7700843811035156
External: EfficientNet-B0,PR,1456,0.22023809523809523,0.925,0.7750536799430847
External: EfficientNet-B0,PR,1457,0.21428571428571427,0.9230769230769231,0.7836014032363892
External: EfficientNet-B0,PR,1458,0.20833333333333334,0.9210526315789473,0.7936528921127319
External: EfficientNet-B0,PR,1459,0.20833333333333334,0.9459459459459459,0.7947188019752502
External: EfficientNet-B0,PR,1460,0.20238095238095238,0.9444444444444444,0.7957470417022705
External: EfficientNet-B0,PR,1461,0.19642857142857142,0.9428571428571428,0.7962480783462524
External: EfficientNet-B0,PR,1462,0.19047619047619047,0.9411764705882353,0.797266960144043
External: EfficientNet-B0,PR,1463,0.18452380952380953,0.9393939393939394,0.8006967902183533
External: EfficientNet-B0,PR,1464,0.17857142857142858,0.9375,0.8114439249038696
External: EfficientNet-B0,PR,1465,0.17261904761904762,0.9354838709677419,0.8131909370422363
External: EfficientNet-B0,PR,1466,0.16666666666666666,0.9333333333333333,0.8144486546516418
External: EfficientNet-B0,PR,1467,0.16666666666666666,0.9655172413793104,0.8234618306159973
External: EfficientNet-B0,PR,1468,0.16071428571428573,0.9642857142857143,0.8266177773475647
External: EfficientNet-B0,PR,1469,0.15476190476190477,0.9629629629629629,0.8276634812355042
External: EfficientNet-B0,PR,1470,0.1488095238095238,0.9615384615384616,0.8308394551277161
External: EfficientNet-B0,PR,1471,0.14285714285714285,0.96,0.8461587429046631
External: EfficientNet-B0,PR,1472,0.13690476190476192,0.9583333333333334,0.8482236862182617
External: EfficientNet-B0,PR,1473,0.13095238095238096,0.9565217391304348,0.8504029512405396
External: EfficientNet-B0,PR,1474,0.125,0.9545454545454546,0.8560949563980103
External: EfficientNet-B0,PR,1475,0.11904761904761904,0.9523809523809523,0.8605809807777405
External: EfficientNet-B0,PR,1476,0.1130952380952381,0.95,0.8611236810684204
External: EfficientNet-B0,PR,1477,0.10714285714285714,0.9473684210526315,0.8754104971885681
External: EfficientNet-B0,PR,1478,0.10119047619047619,0.9444444444444444,0.877124011516571
External: EfficientNet-B0,PR,1479,0.09523809523809523,0.9411764705882353,0.88337641954422
External: EfficientNet-B0,PR,1480,0.08928571428571429,0.9375,0.8853122591972351
External: EfficientNet-B0,PR,1481,0.08333333333333333,0.9333333333333333,0.8928425312042236
External: EfficientNet-B0,PR,1482,0.07738095238095238,0.9285714285714286,0.8946148753166199
External: EfficientNet-B0,PR,1483,0.07142857142857142,0.9230769230769231,0.9042168855667114
External: EfficientNet-B0,PR,1484,0.06547619047619048,0.9166666666666666,0.9087395071983337
External: EfficientNet-B0,PR,1485,0.06547619047619048,1.0,0.9134793877601624
External: EfficientNet-B0,PR,1486,0.05952380952380952,1.0,0.9147405624389648
External: EfficientNet-B0,PR,1487,0.05357142857142857,1.0,0.9240161180496216
External: EfficientNet-B0,PR,1488,0.047619047619047616,1.0,0.9252651929855347
External: EfficientNet-B0,PR,1489,0.041666666666666664,1.0,0.9349390864372253
External: EfficientNet-B0,PR,1490,0.03571428571428571,1.0,0.9393745064735413
External: EfficientNet-B0,PR,1491,0.02976190476190476,1.0,0.9509304165840149
External: EfficientNet-B0,PR,1492,0.023809523809523808,1.0,0.9518228769302368
External: EfficientNet-B0,PR,1493,0.017857142857142856,1.0,0.9588762521743774
External: EfficientNet-B0,PR,1494,0.011904761904761904,1.0,0.9621735215187073
External: EfficientNet-B0,PR,1495,0.005952380952380952,1.0,0.9636233448982239
External: EfficientNet-B0,PR,1496,0.0,1.0,1.0
